name,assay,logp_exp,source
CycPeptMPDB_ID_1,pampa,-6.6000,2006_Rezai_1
CycPeptMPDB_ID_2,pampa,-6.2000,2006_Rezai_1
CycPeptMPDB_ID_3,pampa,-7.0000,2006_Rezai_1
CycPeptMPDB_ID_4,pampa,-7.1000,2006_Rezai_1
CycPeptMPDB_ID_5,pampa,-7.2000,2006_Rezai_1
CycPeptMPDB_ID_6,pampa,-7.3000,2006_Rezai_1
CycPeptMPDB_ID_7,pampa,-7.3000,2006_Rezai_1
CycPeptMPDB_ID_8,pampa,-7.3000,2006_Rezai_1
CycPeptMPDB_ID_9,pampa,-8.1000,2006_Rezai_1
CycPeptMPDB_ID_10,pampa,-8.1000,2006_Rezai_1
CycPeptMPDB_ID_11,pampa,-6.4700,2006_Rezai_2
CycPeptMPDB_ID_12,pampa,-7.0500,2006_Rezai_2
CycPeptMPDB_ID_13,pampa,-7.2700,2006_Rezai_2
CycPeptMPDB_ID_14,pampa,-7.1600,2006_Rezai_2
CycPeptMPDB_ID_15,pampa,-6.5200,2006_Rezai_2
CycPeptMPDB_ID_16,pampa,-6.6800,2006_Rezai_2
CycPeptMPDB_ID_17,pampa,-7.2900,2006_Rezai_2
CycPeptMPDB_ID_18,pampa,-6.7500,2006_Rezai_2
CycPeptMPDB_ID_19,pampa,-6.9500,2006_Rezai_2
CycPeptMPDB_ID_20,pampa,-7.1200,2006_Rezai_2
CycPeptMPDB_ID_21,pampa,-6.4100,2006_Rezai_2
CycPeptMPDB_ID_32,caco2,-5.3100,2012_Rand
CycPeptMPDB_ID_33,caco2,-5.4800,2012_Rand
CycPeptMPDB_ID_40,caco2,-6.4400,2012_Rand
CycPeptMPDB_ID_41,caco2,-7.0500,2012_Rand
CycPeptMPDB_ID_48,pampa,-6.2500,2013_CHUGAI
CycPeptMPDB_ID_49,pampa,-4.9600,2013_CHUGAI
CycPeptMPDB_ID_50,pampa,-4.8900,2013_CHUGAI
CycPeptMPDB_ID_51,pampa,-5.0000,2013_CHUGAI
CycPeptMPDB_ID_52,pampa,-4.8900,2013_CHUGAI
CycPeptMPDB_ID_53,pampa,-4.5200,2013_CHUGAI
CycPeptMPDB_ID_54,pampa,-4.4200,2013_CHUGAI
CycPeptMPDB_ID_55,pampa,-4.5200,2013_CHUGAI
CycPeptMPDB_ID_56,pampa,-4.5100,2013_CHUGAI
CycPeptMPDB_ID_57,pampa,-4.9200,2013_CHUGAI
CycPeptMPDB_ID_58,pampa,-4.5700,2013_CHUGAI
CycPeptMPDB_ID_59,pampa,-4.5100,2013_CHUGAI
CycPeptMPDB_ID_60,pampa,-4.8000,2013_CHUGAI
CycPeptMPDB_ID_61,pampa,-4.8000,2013_CHUGAI
CycPeptMPDB_ID_62,pampa,-5.2400,2013_CHUGAI
CycPeptMPDB_ID_63,pampa,-4.9600,2013_CHUGAI
CycPeptMPDB_ID_64,pampa,-4.7000,2013_CHUGAI
CycPeptMPDB_ID_65,pampa,-4.3000,2013_CHUGAI
CycPeptMPDB_ID_66,pampa,-4.4800,2013_CHUGAI
CycPeptMPDB_ID_67,pampa,-4.7400,2013_CHUGAI
CycPeptMPDB_ID_68,pampa,-4.4600,2013_CHUGAI
CycPeptMPDB_ID_69,pampa,-4.4700,2013_CHUGAI
CycPeptMPDB_ID_70,pampa,-4.6400,2013_CHUGAI
CycPeptMPDB_ID_71,pampa,-4.5200,2013_CHUGAI
CycPeptMPDB_ID_72,pampa,-4.8200,2013_CHUGAI
CycPeptMPDB_ID_73,pampa,-4.6800,2013_CHUGAI
CycPeptMPDB_ID_74,pampa,-4.5200,2013_CHUGAI
CycPeptMPDB_ID_75,pampa,-4.5900,2013_CHUGAI
CycPeptMPDB_ID_76,pampa,-4.7000,2013_CHUGAI
CycPeptMPDB_ID_77,pampa,-4.6800,2013_CHUGAI
CycPeptMPDB_ID_78,pampa,-4.3800,2013_CHUGAI
CycPeptMPDB_ID_79,pampa,-4.7200,2013_CHUGAI
CycPeptMPDB_ID_80,pampa,-4.4800,2013_CHUGAI
CycPeptMPDB_ID_81,pampa,-4.7700,2013_CHUGAI
CycPeptMPDB_ID_82,pampa,-4.6200,2013_CHUGAI
CycPeptMPDB_ID_83,pampa,-4.8500,2013_CHUGAI
CycPeptMPDB_ID_84,pampa,-4.7200,2013_CHUGAI
CycPeptMPDB_ID_85,pampa,-4.6400,2013_CHUGAI
CycPeptMPDB_ID_86,pampa,-4.5900,2013_CHUGAI
CycPeptMPDB_ID_87,pampa,-4.6800,2013_CHUGAI
CycPeptMPDB_ID_88,pampa,-4.4000,2013_CHUGAI
CycPeptMPDB_ID_89,pampa,-5.2700,2013_CHUGAI
CycPeptMPDB_ID_90,pampa,-4.5700,2013_CHUGAI
CycPeptMPDB_ID_91,pampa,-5.2700,2013_CHUGAI
CycPeptMPDB_ID_92,pampa,-4.5400,2013_CHUGAI
CycPeptMPDB_ID_93,pampa,-5.4800,2013_CHUGAI
CycPeptMPDB_ID_94,pampa,-4.8000,2013_CHUGAI
CycPeptMPDB_ID_95,pampa,-4.6800,2013_CHUGAI
CycPeptMPDB_ID_96,pampa,-4.4200,2013_CHUGAI
CycPeptMPDB_ID_97,pampa,-4.5500,2013_CHUGAI
CycPeptMPDB_ID_98,pampa,-4.9200,2013_CHUGAI
CycPeptMPDB_ID_99,pampa,-4.6000,2013_CHUGAI
CycPeptMPDB_ID_100,pampa,-4.8900,2013_CHUGAI
CycPeptMPDB_ID_101,pampa,-4.6400,2013_CHUGAI
CycPeptMPDB_ID_102,pampa,-5.0400,2013_CHUGAI
CycPeptMPDB_ID_103,pampa,-4.7000,2013_CHUGAI
CycPeptMPDB_ID_104,pampa,-4.5900,2013_CHUGAI
CycPeptMPDB_ID_105,pampa,-4.6600,2013_CHUGAI
CycPeptMPDB_ID_106,pampa,-4.5500,2013_CHUGAI
CycPeptMPDB_ID_107,pampa,-5.1400,2013_CHUGAI
CycPeptMPDB_ID_108,pampa,-4.8900,2013_CHUGAI
CycPeptMPDB_ID_109,pampa,-4.5700,2013_CHUGAI
CycPeptMPDB_ID_110,pampa,-4.5900,2013_CHUGAI
CycPeptMPDB_ID_111,pampa,-4.2500,2013_CHUGAI
CycPeptMPDB_ID_112,pampa,-5.7700,2013_CHUGAI
CycPeptMPDB_ID_113,pampa,-4.2500,2013_CHUGAI
CycPeptMPDB_ID_114,pampa,-5.7400,2013_CHUGAI
CycPeptMPDB_ID_115,pampa,-4.7200,2013_CHUGAI
CycPeptMPDB_ID_116,pampa,-5.1700,2013_CHUGAI
CycPeptMPDB_ID_117,pampa,-4.3500,2013_CHUGAI
CycPeptMPDB_ID_118,pampa,-4.4700,2013_CHUGAI
CycPeptMPDB_ID_119,pampa,-4.6400,2013_CHUGAI
CycPeptMPDB_ID_120,pampa,-4.6600,2013_CHUGAI
CycPeptMPDB_ID_121,pampa,-4.5200,2013_CHUGAI
CycPeptMPDB_ID_122,pampa,-4.5200,2013_CHUGAI
CycPeptMPDB_ID_123,pampa,-4.9200,2013_CHUGAI
CycPeptMPDB_ID_124,pampa,-4.4600,2013_CHUGAI
CycPeptMPDB_ID_125,pampa,-4.5500,2013_CHUGAI
CycPeptMPDB_ID_126,pampa,-4.3600,2013_CHUGAI
CycPeptMPDB_ID_127,pampa,-6.3500,2013_CHUGAI
CycPeptMPDB_ID_128,pampa,-4.6400,2013_CHUGAI
CycPeptMPDB_ID_129,pampa,-4.6000,2013_CHUGAI
CycPeptMPDB_ID_130,pampa,-4.8500,2013_CHUGAI
CycPeptMPDB_ID_131,pampa,-4.8000,2013_CHUGAI
CycPeptMPDB_ID_132,pampa,-4.3000,2013_CHUGAI
CycPeptMPDB_ID_133,pampa,-4.3900,2013_CHUGAI
CycPeptMPDB_ID_134,pampa,-4.4900,2013_CHUGAI
CycPeptMPDB_ID_135,pampa,-4.2400,2013_CHUGAI
CycPeptMPDB_ID_136,pampa,-4.7000,2013_CHUGAI
CycPeptMPDB_ID_137,pampa,-4.2600,2013_CHUGAI
CycPeptMPDB_ID_138,pampa,-4.2700,2013_CHUGAI
CycPeptMPDB_ID_139,pampa,-4.3300,2013_CHUGAI
CycPeptMPDB_ID_140,pampa,-4.6400,2013_CHUGAI
CycPeptMPDB_ID_141,pampa,-4.7700,2013_CHUGAI
CycPeptMPDB_ID_142,pampa,-4.6800,2013_CHUGAI
CycPeptMPDB_ID_143,pampa,-4.2100,2013_CHUGAI
CycPeptMPDB_ID_144,pampa,-4.4100,2013_CHUGAI
CycPeptMPDB_ID_145,pampa,-4.5200,2013_CHUGAI
CycPeptMPDB_ID_146,pampa,-4.8900,2013_CHUGAI
CycPeptMPDB_ID_147,pampa,-5.2800,2013_CHUGAI
CycPeptMPDB_ID_148,pampa,-4.4600,2013_CHUGAI
CycPeptMPDB_ID_149,pampa,-4.4900,2013_CHUGAI
CycPeptMPDB_ID_150,pampa,-4.5100,2013_CHUGAI
CycPeptMPDB_ID_151,pampa,-4.6400,2013_CHUGAI
CycPeptMPDB_ID_152,pampa,-4.2100,2013_CHUGAI
CycPeptMPDB_ID_153,pampa,-5.4000,2013_CHUGAI
CycPeptMPDB_ID_154,pampa,-4.7000,2013_CHUGAI
CycPeptMPDB_ID_155,pampa,-4.1900,2013_CHUGAI
CycPeptMPDB_ID_156,pampa,-4.5400,2013_CHUGAI
CycPeptMPDB_ID_157,pampa,-4.5900,2013_CHUGAI
CycPeptMPDB_ID_158,pampa,-4.5400,2013_CHUGAI
CycPeptMPDB_ID_159,pampa,-4.5100,2013_CHUGAI
CycPeptMPDB_ID_160,pampa,-4.7700,2013_CHUGAI
CycPeptMPDB_ID_161,pampa,-4.4800,2013_CHUGAI
CycPeptMPDB_ID_162,pampa,-4.5700,2013_CHUGAI
CycPeptMPDB_ID_163,pampa,-4.2100,2013_CHUGAI
CycPeptMPDB_ID_164,pampa,-4.5900,2013_CHUGAI
CycPeptMPDB_ID_165,pampa,-5.0300,2013_CHUGAI
CycPeptMPDB_ID_166,pampa,-4.2600,2013_CHUGAI
CycPeptMPDB_ID_167,pampa,-4.6200,2013_CHUGAI
CycPeptMPDB_ID_168,pampa,-4.5700,2013_CHUGAI
CycPeptMPDB_ID_169,pampa,-4.3100,2013_CHUGAI
CycPeptMPDB_ID_170,pampa,-4.4100,2013_CHUGAI
CycPeptMPDB_ID_171,pampa,-4.4300,2013_CHUGAI
CycPeptMPDB_ID_172,pampa,-4.5900,2013_CHUGAI
CycPeptMPDB_ID_173,pampa,-4.4600,2013_CHUGAI
CycPeptMPDB_ID_174,pampa,-4.6400,2013_CHUGAI
CycPeptMPDB_ID_175,pampa,-4.5200,2013_CHUGAI
CycPeptMPDB_ID_176,pampa,-4.2500,2013_CHUGAI
CycPeptMPDB_ID_177,pampa,-4.2600,2013_CHUGAI
CycPeptMPDB_ID_178,pampa,-5.0200,2013_CHUGAI
CycPeptMPDB_ID_179,pampa,-4.6400,2013_CHUGAI
CycPeptMPDB_ID_180,pampa,-4.4400,2013_CHUGAI
CycPeptMPDB_ID_181,pampa,-4.3700,2013_CHUGAI
CycPeptMPDB_ID_182,pampa,-4.3000,2013_CHUGAI
CycPeptMPDB_ID_183,pampa,-4.1500,2013_CHUGAI
CycPeptMPDB_ID_184,pampa,-4.2400,2013_CHUGAI
CycPeptMPDB_ID_185,pampa,-4.6600,2013_CHUGAI
CycPeptMPDB_ID_186,pampa,-4.3200,2013_CHUGAI
CycPeptMPDB_ID_187,pampa,-4.6000,2013_CHUGAI
CycPeptMPDB_ID_188,pampa,-4.6400,2013_CHUGAI
CycPeptMPDB_ID_189,pampa,-6.0000,2013_CHUGAI
CycPeptMPDB_ID_190,pampa,-4.7700,2013_CHUGAI
CycPeptMPDB_ID_191,pampa,-4.6400,2013_CHUGAI
CycPeptMPDB_ID_192,pampa,-4.7400,2013_CHUGAI
CycPeptMPDB_ID_193,pampa,-4.5900,2013_CHUGAI
CycPeptMPDB_ID_194,pampa,-4.5400,2013_CHUGAI
CycPeptMPDB_ID_195,pampa,-5.8900,2013_CHUGAI
CycPeptMPDB_ID_196,pampa,-4.3400,2013_CHUGAI
CycPeptMPDB_ID_197,pampa,-4.4300,2013_CHUGAI
CycPeptMPDB_ID_198,pampa,-4.3700,2013_CHUGAI
CycPeptMPDB_ID_199,pampa,-4.5500,2013_CHUGAI
CycPeptMPDB_ID_200,pampa,-5.8500,2013_CHUGAI
CycPeptMPDB_ID_201,pampa,-6.2200,2013_CHUGAI
CycPeptMPDB_ID_202,pampa,-4.4700,2013_CHUGAI
CycPeptMPDB_ID_203,pampa,-6.1900,2013_CHUGAI
CycPeptMPDB_ID_204,pampa,-4.2800,2013_CHUGAI
CycPeptMPDB_ID_205,pampa,-4.6600,2013_CHUGAI
CycPeptMPDB_ID_206,pampa,-5.1000,2013_CHUGAI
CycPeptMPDB_ID_207,pampa,-4.5400,2013_CHUGAI
CycPeptMPDB_ID_208,pampa,-4.5700,2013_CHUGAI
CycPeptMPDB_ID_209,pampa,-4.4400,2013_CHUGAI
CycPeptMPDB_ID_210,pampa,-4.2300,2013_CHUGAI
CycPeptMPDB_ID_211,pampa,-4.6600,2013_CHUGAI
CycPeptMPDB_ID_212,pampa,-4.5700,2013_CHUGAI
CycPeptMPDB_ID_213,pampa,-4.2600,2013_CHUGAI
CycPeptMPDB_ID_214,pampa,-4.9600,2013_CHUGAI
CycPeptMPDB_ID_215,pampa,-4.6600,2013_CHUGAI
CycPeptMPDB_ID_216,pampa,-6.9200,2013_CHUGAI
CycPeptMPDB_ID_217,pampa,-5.0500,2013_CHUGAI
CycPeptMPDB_ID_218,pampa,-6.8000,2013_CHUGAI
CycPeptMPDB_ID_219,pampa,-4.5700,2013_CHUGAI
CycPeptMPDB_ID_220,pampa,-4.3800,2013_CHUGAI
CycPeptMPDB_ID_221,pampa,-5.7400,2013_CHUGAI
CycPeptMPDB_ID_222,pampa,-5.4900,2013_CHUGAI
CycPeptMPDB_ID_223,pampa,-4.5400,2013_CHUGAI
CycPeptMPDB_ID_224,pampa,-4.2600,2013_CHUGAI
CycPeptMPDB_ID_225,pampa,-4.4700,2013_CHUGAI
CycPeptMPDB_ID_226,pampa,-4.6200,2013_CHUGAI
CycPeptMPDB_ID_227,pampa,-5.3500,2013_CHUGAI
CycPeptMPDB_ID_228,pampa,-4.4200,2013_CHUGAI
CycPeptMPDB_ID_229,pampa,-4.4800,2013_CHUGAI
CycPeptMPDB_ID_230,pampa,-5.8900,2013_CHUGAI
CycPeptMPDB_ID_231,pampa,-4.4800,2013_CHUGAI
CycPeptMPDB_ID_232,pampa,-4.5100,2013_CHUGAI
CycPeptMPDB_ID_233,pampa,-4.8000,2013_CHUGAI
CycPeptMPDB_ID_234,pampa,-4.6400,2013_CHUGAI
CycPeptMPDB_ID_235,pampa,-4.7400,2013_CHUGAI
CycPeptMPDB_ID_236,pampa,-4.8000,2013_CHUGAI
CycPeptMPDB_ID_237,pampa,-4.4900,2013_CHUGAI
CycPeptMPDB_ID_238,pampa,-4.4200,2013_CHUGAI
CycPeptMPDB_ID_239,pampa,-5.2800,2013_CHUGAI
CycPeptMPDB_ID_240,pampa,-4.4800,2013_CHUGAI
CycPeptMPDB_ID_241,pampa,-4.3600,2013_CHUGAI
CycPeptMPDB_ID_242,pampa,-4.7400,2013_CHUGAI
CycPeptMPDB_ID_243,pampa,-4.7400,2013_CHUGAI
CycPeptMPDB_ID_244,pampa,-4.4900,2013_CHUGAI
CycPeptMPDB_ID_245,pampa,-5.7000,2013_CHUGAI
CycPeptMPDB_ID_246,pampa,-5.0500,2013_CHUGAI
CycPeptMPDB_ID_247,pampa,-4.1500,2013_CHUGAI
CycPeptMPDB_ID_248,pampa,-4.9200,2013_CHUGAI
CycPeptMPDB_ID_249,pampa,-4.7200,2013_CHUGAI
CycPeptMPDB_ID_250,pampa,-4.6000,2013_CHUGAI
CycPeptMPDB_ID_251,pampa,-4.4200,2013_CHUGAI
CycPeptMPDB_ID_252,pampa,-4.5900,2013_CHUGAI
CycPeptMPDB_ID_253,pampa,-4.5400,2013_CHUGAI
CycPeptMPDB_ID_254,pampa,-5.0800,2013_CHUGAI
CycPeptMPDB_ID_255,pampa,-4.5100,2013_CHUGAI
CycPeptMPDB_ID_256,pampa,-4.5100,2013_CHUGAI
CycPeptMPDB_ID_257,pampa,-4.3900,2013_CHUGAI
CycPeptMPDB_ID_258,pampa,-4.5500,2013_CHUGAI
CycPeptMPDB_ID_259,pampa,-5.5900,2013_CHUGAI
CycPeptMPDB_ID_260,pampa,-4.4700,2013_CHUGAI
CycPeptMPDB_ID_261,pampa,-4.5400,2013_CHUGAI
CycPeptMPDB_ID_262,pampa,-4.6200,2013_CHUGAI
CycPeptMPDB_ID_263,pampa,-4.3300,2013_CHUGAI
CycPeptMPDB_ID_264,pampa,-5.1200,2013_CHUGAI
CycPeptMPDB_ID_265,pampa,-5.4600,2013_CHUGAI
CycPeptMPDB_ID_266,pampa,-4.3200,2013_CHUGAI
CycPeptMPDB_ID_267,pampa,-4.7200,2013_CHUGAI
CycPeptMPDB_ID_268,pampa,-4.4800,2013_CHUGAI
CycPeptMPDB_ID_269,pampa,-4.2800,2013_CHUGAI
CycPeptMPDB_ID_270,pampa,-4.5500,2013_CHUGAI
CycPeptMPDB_ID_271,pampa,-4.3600,2013_CHUGAI
CycPeptMPDB_ID_272,pampa,-4.5700,2013_CHUGAI
CycPeptMPDB_ID_273,pampa,-4.4200,2013_CHUGAI
CycPeptMPDB_ID_274,pampa,-4.4700,2013_CHUGAI
CycPeptMPDB_ID_275,pampa,-4.4300,2013_CHUGAI
CycPeptMPDB_ID_276,pampa,-4.3800,2013_CHUGAI
CycPeptMPDB_ID_277,pampa,-4.3700,2013_CHUGAI
CycPeptMPDB_ID_278,pampa,-4.6000,2013_CHUGAI
CycPeptMPDB_ID_279,pampa,-4.3000,2013_CHUGAI
CycPeptMPDB_ID_280,pampa,-4.9600,2013_CHUGAI
CycPeptMPDB_ID_281,pampa,-4.6600,2013_CHUGAI
CycPeptMPDB_ID_282,pampa,-5.0000,2013_CHUGAI
CycPeptMPDB_ID_283,pampa,-4.3100,2013_CHUGAI
CycPeptMPDB_ID_284,pampa,-4.6800,2013_CHUGAI
CycPeptMPDB_ID_285,pampa,-4.6000,2013_CHUGAI
CycPeptMPDB_ID_286,pampa,-4.4400,2013_CHUGAI
CycPeptMPDB_ID_287,pampa,-4.7200,2013_CHUGAI
CycPeptMPDB_ID_288,pampa,-4.4200,2013_CHUGAI
CycPeptMPDB_ID_289,pampa,-5.8200,2013_CHUGAI
CycPeptMPDB_ID_290,pampa,-4.8200,2013_CHUGAI
CycPeptMPDB_ID_291,pampa,-4.6800,2013_CHUGAI
CycPeptMPDB_ID_292,pampa,-4.7700,2013_CHUGAI
CycPeptMPDB_ID_293,pampa,-4.5500,2013_CHUGAI
CycPeptMPDB_ID_294,pampa,-5.8200,2013_CHUGAI
CycPeptMPDB_ID_295,pampa,-6.6800,2013_CHUGAI
CycPeptMPDB_ID_296,pampa,-4.8000,2013_CHUGAI
CycPeptMPDB_ID_297,pampa,-6.6200,2013_CHUGAI
CycPeptMPDB_ID_298,pampa,-5.8500,2013_CHUGAI
CycPeptMPDB_ID_299,pampa,-4.7400,2013_CHUGAI
CycPeptMPDB_ID_300,pampa,-6.8500,2013_CHUGAI
CycPeptMPDB_ID_301,pampa,-4.7200,2013_CHUGAI
CycPeptMPDB_ID_302,pampa,-4.8500,2013_CHUGAI
CycPeptMPDB_ID_303,pampa,-7.0000,2013_CHUGAI
CycPeptMPDB_ID_304,pampa,-4.3500,2013_CHUGAI
CycPeptMPDB_ID_305,pampa,-4.7700,2013_CHUGAI
CycPeptMPDB_ID_306,pampa,-7.0000,2013_CHUGAI
CycPeptMPDB_ID_307,pampa,-4.8200,2013_CHUGAI
CycPeptMPDB_ID_308,pampa,-4.7200,2013_CHUGAI
CycPeptMPDB_ID_309,pampa,-5.1500,2013_CHUGAI
CycPeptMPDB_ID_310,pampa,-5.2800,2013_CHUGAI
CycPeptMPDB_ID_311,pampa,-5.0900,2013_CHUGAI
CycPeptMPDB_ID_312,pampa,-4.8200,2013_CHUGAI
CycPeptMPDB_ID_313,pampa,-4.7400,2013_CHUGAI
CycPeptMPDB_ID_314,pampa,-5.9200,2013_CHUGAI
CycPeptMPDB_ID_315,pampa,-4.4600,2013_CHUGAI
CycPeptMPDB_ID_316,pampa,-4.4600,2013_CHUGAI
CycPeptMPDB_ID_317,pampa,-4.2500,2013_CHUGAI
CycPeptMPDB_ID_318,pampa,-4.6600,2013_CHUGAI
CycPeptMPDB_ID_319,pampa,-4.5700,2013_CHUGAI
CycPeptMPDB_ID_320,pampa,-4.5900,2013_CHUGAI
CycPeptMPDB_ID_321,pampa,-4.4600,2013_CHUGAI
CycPeptMPDB_ID_322,pampa,-4.3200,2013_CHUGAI
CycPeptMPDB_ID_323,pampa,-4.3300,2013_CHUGAI
CycPeptMPDB_ID_324,pampa,-4.6800,2013_CHUGAI
CycPeptMPDB_ID_325,pampa,-4.3100,2013_CHUGAI
CycPeptMPDB_ID_326,pampa,-4.5200,2013_CHUGAI
CycPeptMPDB_ID_327,pampa,-4.9200,2013_CHUGAI
CycPeptMPDB_ID_328,pampa,-4.7000,2013_CHUGAI
CycPeptMPDB_ID_329,pampa,-4.5900,2013_CHUGAI
CycPeptMPDB_ID_330,pampa,-6.0000,2013_CHUGAI
CycPeptMPDB_ID_331,pampa,-5.8200,2013_CHUGAI
CycPeptMPDB_ID_332,pampa,-5.2100,2013_CHUGAI
CycPeptMPDB_ID_333,pampa,-5.0000,2013_CHUGAI
CycPeptMPDB_ID_334,pampa,-5.1100,2013_CHUGAI
CycPeptMPDB_ID_335,pampa,-5.1100,2013_CHUGAI
CycPeptMPDB_ID_336,pampa,-4.3600,2013_CHUGAI
CycPeptMPDB_ID_337,pampa,-5.6000,2013_CHUGAI
CycPeptMPDB_ID_338,pampa,-5.4600,2013_CHUGAI
CycPeptMPDB_ID_339,pampa,-4.8000,2013_CHUGAI
CycPeptMPDB_ID_340,pampa,-5.6200,2013_CHUGAI
CycPeptMPDB_ID_341,pampa,-5.0000,2013_CHUGAI
CycPeptMPDB_ID_342,pampa,-6.6200,2013_CHUGAI
CycPeptMPDB_ID_343,pampa,-4.8500,2013_CHUGAI
CycPeptMPDB_ID_344,pampa,-4.3300,2013_CHUGAI
CycPeptMPDB_ID_345,pampa,-4.7000,2013_CHUGAI
CycPeptMPDB_ID_346,pampa,-4.6600,2013_CHUGAI
CycPeptMPDB_ID_347,pampa,-4.4600,2013_CHUGAI
CycPeptMPDB_ID_348,pampa,-4.7700,2013_CHUGAI
CycPeptMPDB_ID_349,pampa,-5.3100,2013_CHUGAI
CycPeptMPDB_ID_350,pampa,-4.7400,2013_CHUGAI
CycPeptMPDB_ID_351,pampa,-4.5100,2013_CHUGAI
CycPeptMPDB_ID_352,pampa,-5.0200,2013_CHUGAI
CycPeptMPDB_ID_353,pampa,-4.4800,2013_CHUGAI
CycPeptMPDB_ID_354,pampa,-4.4400,2013_CHUGAI
CycPeptMPDB_ID_355,pampa,-4.6600,2013_CHUGAI
CycPeptMPDB_ID_356,pampa,-5.5500,2013_CHUGAI
CycPeptMPDB_ID_357,pampa,-5.4000,2013_CHUGAI
CycPeptMPDB_ID_358,pampa,-4.6000,2013_CHUGAI
CycPeptMPDB_ID_359,pampa,-4.7200,2013_CHUGAI
CycPeptMPDB_ID_360,pampa,-5.4100,2013_CHUGAI
CycPeptMPDB_ID_361,pampa,-5.7000,2013_CHUGAI
CycPeptMPDB_ID_362,pampa,-4.2000,2013_CHUGAI
CycPeptMPDB_ID_363,pampa,-4.6000,2013_CHUGAI
CycPeptMPDB_ID_364,pampa,-4.8000,2013_CHUGAI
CycPeptMPDB_ID_365,pampa,-5.4800,2013_CHUGAI
CycPeptMPDB_ID_366,pampa,-4.7700,2013_CHUGAI
CycPeptMPDB_ID_367,pampa,-4.4700,2013_CHUGAI
CycPeptMPDB_ID_368,pampa,-4.8500,2013_CHUGAI
CycPeptMPDB_ID_369,pampa,-4.4900,2013_CHUGAI
CycPeptMPDB_ID_370,pampa,-4.3700,2013_CHUGAI
CycPeptMPDB_ID_371,pampa,-5.1400,2013_CHUGAI
CycPeptMPDB_ID_372,pampa,-5.8200,2013_CHUGAI
CycPeptMPDB_ID_373,pampa,-4.5700,2013_CHUGAI
CycPeptMPDB_ID_374,pampa,-5.3000,2013_CHUGAI
CycPeptMPDB_ID_375,pampa,-4.5500,2013_CHUGAI
CycPeptMPDB_ID_376,pampa,-4.7000,2013_CHUGAI
CycPeptMPDB_ID_377,pampa,-4.8500,2013_CHUGAI
CycPeptMPDB_ID_378,pampa,-4.9200,2013_CHUGAI
CycPeptMPDB_ID_379,pampa,-5.8000,2013_CHUGAI
CycPeptMPDB_ID_380,pampa,-4.5900,2013_CHUGAI
CycPeptMPDB_ID_381,pampa,-4.6000,2013_CHUGAI
CycPeptMPDB_ID_382,pampa,-4.4700,2013_CHUGAI
CycPeptMPDB_ID_383,pampa,-4.3800,2013_CHUGAI
CycPeptMPDB_ID_384,pampa,-5.0400,2013_CHUGAI
CycPeptMPDB_ID_385,pampa,-4.6200,2013_CHUGAI
CycPeptMPDB_ID_386,pampa,-4.7200,2013_CHUGAI
CycPeptMPDB_ID_387,pampa,-4.5400,2013_CHUGAI
CycPeptMPDB_ID_388,pampa,-4.6400,2013_CHUGAI
CycPeptMPDB_ID_389,pampa,-4.5100,2013_CHUGAI
CycPeptMPDB_ID_390,pampa,-4.3900,2013_CHUGAI
CycPeptMPDB_ID_391,pampa,-4.7700,2013_CHUGAI
CycPeptMPDB_ID_392,pampa,-4.3500,2013_CHUGAI
CycPeptMPDB_ID_393,pampa,-4.3100,2013_CHUGAI
CycPeptMPDB_ID_394,pampa,-4.8500,2013_CHUGAI
CycPeptMPDB_ID_395,pampa,-4.5900,2013_CHUGAI
CycPeptMPDB_ID_396,pampa,-4.7400,2013_CHUGAI
CycPeptMPDB_ID_397,pampa,-4.2700,2013_CHUGAI
CycPeptMPDB_ID_398,pampa,-5.5500,2013_CHUGAI
CycPeptMPDB_ID_399,pampa,-4.9600,2013_CHUGAI
CycPeptMPDB_ID_400,pampa,-4.8200,2013_CHUGAI
CycPeptMPDB_ID_401,pampa,-5.4600,2013_CHUGAI
CycPeptMPDB_ID_402,pampa,-5.3500,2013_CHUGAI
CycPeptMPDB_ID_403,pampa,-4.7000,2013_CHUGAI
CycPeptMPDB_ID_404,pampa,-4.7400,2013_CHUGAI
CycPeptMPDB_ID_405,pampa,-4.6600,2013_CHUGAI
CycPeptMPDB_ID_406,pampa,-4.7200,2013_CHUGAI
CycPeptMPDB_ID_407,pampa,-4.2600,2013_CHUGAI
CycPeptMPDB_ID_408,pampa,-4.9600,2013_CHUGAI
CycPeptMPDB_ID_409,pampa,-4.6200,2013_CHUGAI
CycPeptMPDB_ID_410,pampa,-6.0500,2013_CHUGAI
CycPeptMPDB_ID_411,pampa,-4.8200,2013_CHUGAI
CycPeptMPDB_ID_412,pampa,-5.0700,2013_CHUGAI
CycPeptMPDB_ID_413,pampa,-4.6200,2013_CHUGAI
CycPeptMPDB_ID_414,pampa,-4.7400,2013_CHUGAI
CycPeptMPDB_ID_415,pampa,-4.7000,2013_CHUGAI
CycPeptMPDB_ID_416,pampa,-4.5900,2013_CHUGAI
CycPeptMPDB_ID_417,pampa,-5.3600,2013_CHUGAI
CycPeptMPDB_ID_418,pampa,-4.4200,2013_CHUGAI
CycPeptMPDB_ID_419,pampa,-5.7200,2013_CHUGAI
CycPeptMPDB_ID_420,pampa,-4.8900,2013_CHUGAI
CycPeptMPDB_ID_421,pampa,-5.8500,2013_CHUGAI
CycPeptMPDB_ID_422,pampa,-5.0800,2013_CHUGAI
CycPeptMPDB_ID_423,pampa,-4.5900,2013_CHUGAI
CycPeptMPDB_ID_424,pampa,-4.5400,2013_CHUGAI
CycPeptMPDB_ID_425,pampa,-5.3600,2013_CHUGAI
CycPeptMPDB_ID_426,pampa,-5.5400,2013_CHUGAI
CycPeptMPDB_ID_427,pampa,-6.6400,2013_CHUGAI
CycPeptMPDB_ID_428,pampa,-4.3700,2013_CHUGAI
CycPeptMPDB_ID_429,pampa,-4.5500,2013_CHUGAI
CycPeptMPDB_ID_430,pampa,-5.1700,2013_CHUGAI
CycPeptMPDB_ID_431,pampa,-5.0000,2013_CHUGAI
CycPeptMPDB_ID_432,pampa,-4.5400,2013_CHUGAI
CycPeptMPDB_ID_433,pampa,-5.4200,2013_CHUGAI
CycPeptMPDB_ID_434,pampa,-4.8200,2013_CHUGAI
CycPeptMPDB_ID_435,pampa,-4.3400,2013_CHUGAI
CycPeptMPDB_ID_436,pampa,-4.5700,2013_CHUGAI
CycPeptMPDB_ID_437,pampa,-4.4400,2013_CHUGAI
CycPeptMPDB_ID_438,pampa,-4.4300,2013_CHUGAI
CycPeptMPDB_ID_439,pampa,-4.5900,2013_CHUGAI
CycPeptMPDB_ID_440,pampa,-4.8200,2013_CHUGAI
CycPeptMPDB_ID_441,pampa,-4.4900,2013_CHUGAI
CycPeptMPDB_ID_442,pampa,-4.4700,2013_CHUGAI
CycPeptMPDB_ID_443,pampa,-4.5900,2013_CHUGAI
CycPeptMPDB_ID_444,pampa,-4.3500,2013_CHUGAI
CycPeptMPDB_ID_445,pampa,-4.4200,2013_CHUGAI
CycPeptMPDB_ID_446,pampa,-4.8000,2013_CHUGAI
CycPeptMPDB_ID_447,pampa,-4.3500,2013_CHUGAI
CycPeptMPDB_ID_448,pampa,-4.4300,2013_CHUGAI
CycPeptMPDB_ID_449,pampa,-4.4200,2013_CHUGAI
CycPeptMPDB_ID_450,pampa,-4.4700,2013_CHUGAI
CycPeptMPDB_ID_451,pampa,-4.5400,2013_CHUGAI
CycPeptMPDB_ID_452,pampa,-4.4300,2013_CHUGAI
CycPeptMPDB_ID_453,pampa,-4.4200,2013_CHUGAI
CycPeptMPDB_ID_454,pampa,-5.0400,2013_CHUGAI
CycPeptMPDB_ID_455,pampa,-6.1400,2013_CHUGAI
CycPeptMPDB_ID_456,pampa,-4.9600,2013_CHUGAI
CycPeptMPDB_ID_457,pampa,-4.4000,2013_CHUGAI
CycPeptMPDB_ID_458,pampa,-4.4800,2013_CHUGAI
CycPeptMPDB_ID_459,pampa,-5.2100,2013_CHUGAI
CycPeptMPDB_ID_460,pampa,-5.2200,2013_CHUGAI
CycPeptMPDB_ID_461,pampa,-5.6400,2013_CHUGAI
CycPeptMPDB_ID_462,pampa,-4.4600,2013_CHUGAI
CycPeptMPDB_ID_463,pampa,-4.6600,2013_CHUGAI
CycPeptMPDB_ID_464,pampa,-4.6000,2013_CHUGAI
CycPeptMPDB_ID_465,pampa,-4.8500,2013_CHUGAI
CycPeptMPDB_ID_466,pampa,-4.8200,2013_CHUGAI
CycPeptMPDB_ID_467,pampa,-4.3900,2013_CHUGAI
CycPeptMPDB_ID_468,pampa,-5.0000,2013_CHUGAI
CycPeptMPDB_ID_469,pampa,-5.1100,2013_CHUGAI
CycPeptMPDB_ID_470,pampa,-4.7200,2013_CHUGAI
CycPeptMPDB_ID_471,pampa,-5.2900,2013_CHUGAI
CycPeptMPDB_ID_472,pampa,-4.4800,2013_CHUGAI
CycPeptMPDB_ID_473,pampa,-5.0200,2013_CHUGAI
CycPeptMPDB_ID_474,pampa,-5.5100,2013_CHUGAI
CycPeptMPDB_ID_475,pampa,-4.6000,2013_CHUGAI
CycPeptMPDB_ID_476,pampa,-5.2900,2013_CHUGAI
CycPeptMPDB_ID_477,pampa,-4.8200,2013_CHUGAI
CycPeptMPDB_ID_478,pampa,-5.8200,2013_CHUGAI
CycPeptMPDB_ID_479,pampa,-4.5700,2013_CHUGAI
CycPeptMPDB_ID_480,pampa,-4.8500,2013_CHUGAI
CycPeptMPDB_ID_481,pampa,-5.9200,2013_CHUGAI
CycPeptMPDB_ID_482,pampa,-4.6800,2013_CHUGAI
CycPeptMPDB_ID_483,pampa,-4.6200,2013_CHUGAI
CycPeptMPDB_ID_484,pampa,-4.8500,2013_CHUGAI
CycPeptMPDB_ID_485,pampa,-4.8900,2013_CHUGAI
CycPeptMPDB_ID_486,pampa,-4.8000,2013_CHUGAI
CycPeptMPDB_ID_487,pampa,-5.5500,2013_CHUGAI
CycPeptMPDB_ID_488,pampa,-4.5400,2013_CHUGAI
CycPeptMPDB_ID_489,pampa,-4.7400,2013_CHUGAI
CycPeptMPDB_ID_490,pampa,-4.3400,2013_CHUGAI
CycPeptMPDB_ID_491,pampa,-5.1800,2013_CHUGAI
CycPeptMPDB_ID_492,pampa,-4.5100,2013_CHUGAI
CycPeptMPDB_ID_493,pampa,-5.4300,2013_CHUGAI
CycPeptMPDB_ID_494,pampa,-4.7400,2013_CHUGAI
CycPeptMPDB_ID_495,pampa,-4.8900,2013_CHUGAI
CycPeptMPDB_ID_496,pampa,-5.2300,2013_CHUGAI
CycPeptMPDB_ID_497,pampa,-4.4200,2013_CHUGAI
CycPeptMPDB_ID_498,pampa,-4.6200,2013_CHUGAI
CycPeptMPDB_ID_499,pampa,-5.2100,2013_CHUGAI
CycPeptMPDB_ID_500,pampa,-4.6200,2013_CHUGAI
CycPeptMPDB_ID_501,pampa,-4.9600,2013_CHUGAI
CycPeptMPDB_ID_502,pampa,-4.7400,2013_CHUGAI
CycPeptMPDB_ID_503,pampa,-4.7000,2013_CHUGAI
CycPeptMPDB_ID_504,pampa,-5.6200,2013_CHUGAI
CycPeptMPDB_ID_505,pampa,-4.2600,2013_CHUGAI
CycPeptMPDB_ID_506,pampa,-4.6800,2013_CHUGAI
CycPeptMPDB_ID_507,pampa,-4.6400,2013_CHUGAI
CycPeptMPDB_ID_508,pampa,-5.0300,2013_CHUGAI
CycPeptMPDB_ID_509,pampa,-5.5700,2013_CHUGAI
CycPeptMPDB_ID_510,pampa,-6.5100,2013_CHUGAI
CycPeptMPDB_ID_511,pampa,-4.5700,2013_CHUGAI
CycPeptMPDB_ID_512,pampa,-6.6400,2013_CHUGAI
CycPeptMPDB_ID_513,pampa,-4.7700,2013_CHUGAI
CycPeptMPDB_ID_514,pampa,-6.7000,2013_CHUGAI
CycPeptMPDB_ID_515,pampa,-4.5100,2013_CHUGAI
CycPeptMPDB_ID_516,pampa,-5.1700,2013_CHUGAI
CycPeptMPDB_ID_517,pampa,-4.7000,2013_CHUGAI
CycPeptMPDB_ID_518,pampa,-4.9600,2013_CHUGAI
CycPeptMPDB_ID_519,pampa,-5.6000,2013_CHUGAI
CycPeptMPDB_ID_520,pampa,-5.2900,2013_CHUGAI
CycPeptMPDB_ID_521,pampa,-5.6600,2013_CHUGAI
CycPeptMPDB_ID_522,pampa,-5.9600,2013_CHUGAI
CycPeptMPDB_ID_523,pampa,-4.7400,2013_CHUGAI
CycPeptMPDB_ID_524,pampa,-4.5200,2013_CHUGAI
CycPeptMPDB_ID_525,pampa,-5.1700,2013_CHUGAI
CycPeptMPDB_ID_526,pampa,-7.0000,2013_CHUGAI
CycPeptMPDB_ID_527,pampa,-5.0400,2013_CHUGAI
CycPeptMPDB_ID_528,pampa,-4.5400,2013_CHUGAI
CycPeptMPDB_ID_529,pampa,-4.3600,2013_CHUGAI
CycPeptMPDB_ID_530,pampa,-5.2800,2013_CHUGAI
CycPeptMPDB_ID_531,pampa,-4.7000,2013_CHUGAI
CycPeptMPDB_ID_532,pampa,-4.8000,2013_CHUGAI
CycPeptMPDB_ID_533,pampa,-4.6600,2013_CHUGAI
CycPeptMPDB_ID_534,pampa,-4.8500,2013_CHUGAI
CycPeptMPDB_ID_535,pampa,-4.9600,2013_CHUGAI
CycPeptMPDB_ID_536,pampa,-4.8900,2013_CHUGAI
CycPeptMPDB_ID_537,pampa,-4.6400,2013_CHUGAI
CycPeptMPDB_ID_538,pampa,-4.9600,2013_CHUGAI
CycPeptMPDB_ID_539,pampa,-5.2400,2013_CHUGAI
CycPeptMPDB_ID_540,pampa,-4.7000,2013_CHUGAI
CycPeptMPDB_ID_541,pampa,-5.0000,2013_CHUGAI
CycPeptMPDB_ID_542,pampa,-5.2000,2013_CHUGAI
CycPeptMPDB_ID_543,pampa,-4.6800,2013_CHUGAI
CycPeptMPDB_ID_544,pampa,-5.0000,2013_CHUGAI
CycPeptMPDB_ID_545,pampa,-5.0000,2013_CHUGAI
CycPeptMPDB_ID_546,pampa,-5.2600,2013_CHUGAI
CycPeptMPDB_ID_547,pampa,-4.7000,2013_CHUGAI
CycPeptMPDB_ID_548,pampa,-4.4400,2013_CHUGAI
CycPeptMPDB_ID_549,pampa,-4.6400,2013_CHUGAI
CycPeptMPDB_ID_550,pampa,-4.6600,2013_CHUGAI
CycPeptMPDB_ID_551,pampa,-4.5500,2013_CHUGAI
CycPeptMPDB_ID_552,pampa,-4.3800,2013_CHUGAI
CycPeptMPDB_ID_553,pampa,-4.4000,2013_CHUGAI
CycPeptMPDB_ID_554,pampa,-4.3900,2013_CHUGAI
CycPeptMPDB_ID_555,pampa,-4.4700,2013_CHUGAI
CycPeptMPDB_ID_556,pampa,-4.5900,2013_CHUGAI
CycPeptMPDB_ID_557,pampa,-4.6200,2013_CHUGAI
CycPeptMPDB_ID_558,pampa,-4.4600,2013_CHUGAI
CycPeptMPDB_ID_559,pampa,-4.5700,2013_CHUGAI
CycPeptMPDB_ID_560,pampa,-4.7400,2013_CHUGAI
CycPeptMPDB_ID_561,pampa,-4.9600,2013_CHUGAI
CycPeptMPDB_ID_562,pampa,-4.5200,2013_CHUGAI
CycPeptMPDB_ID_563,pampa,-5.3600,2013_CHUGAI
CycPeptMPDB_ID_564,pampa,-4.6800,2013_CHUGAI
CycPeptMPDB_ID_565,pampa,-5.6800,2013_CHUGAI
CycPeptMPDB_ID_566,pampa,-4.6400,2013_CHUGAI
CycPeptMPDB_ID_567,pampa,-7.0000,2013_CHUGAI
CycPeptMPDB_ID_568,pampa,-7.0000,2013_CHUGAI
CycPeptMPDB_ID_569,pampa,-5.9200,2013_CHUGAI
CycPeptMPDB_ID_570,pampa,-4.5500,2013_CHUGAI
CycPeptMPDB_ID_571,pampa,-4.8200,2013_CHUGAI
CycPeptMPDB_ID_572,pampa,-6.0300,2013_CHUGAI
CycPeptMPDB_ID_573,pampa,-5.4700,2013_CHUGAI
CycPeptMPDB_ID_574,pampa,-4.6200,2013_CHUGAI
CycPeptMPDB_ID_575,pampa,-6.8900,2013_CHUGAI
CycPeptMPDB_ID_576,pampa,-5.5700,2013_CHUGAI
CycPeptMPDB_ID_577,pampa,-4.6800,2013_CHUGAI
CycPeptMPDB_ID_578,pampa,-4.6000,2013_CHUGAI
CycPeptMPDB_ID_579,pampa,-4.7400,2013_CHUGAI
CycPeptMPDB_ID_580,pampa,-4.8200,2013_CHUGAI
CycPeptMPDB_ID_581,pampa,-6.3600,2013_CHUGAI
CycPeptMPDB_ID_582,pampa,-5.4800,2013_CHUGAI
CycPeptMPDB_ID_583,pampa,-6.2200,2013_CHUGAI
CycPeptMPDB_ID_584,pampa,-4.9600,2013_CHUGAI
CycPeptMPDB_ID_585,pampa,-5.8500,2013_CHUGAI
CycPeptMPDB_ID_586,pampa,-4.5900,2013_CHUGAI
CycPeptMPDB_ID_587,pampa,-6.7400,2013_CHUGAI
CycPeptMPDB_ID_588,pampa,-5.9600,2013_CHUGAI
CycPeptMPDB_ID_589,pampa,-5.8900,2013_CHUGAI
CycPeptMPDB_ID_590,pampa,-5.3100,2013_CHUGAI
CycPeptMPDB_ID_591,pampa,-5.4900,2013_CHUGAI
CycPeptMPDB_ID_592,pampa,-5.7700,2013_CHUGAI
CycPeptMPDB_ID_593,pampa,-7.0000,2013_CHUGAI
CycPeptMPDB_ID_594,pampa,-4.5500,2013_CHUGAI
CycPeptMPDB_ID_595,pampa,-7.0000,2013_CHUGAI
CycPeptMPDB_ID_596,pampa,-5.9200,2013_CHUGAI
CycPeptMPDB_ID_597,pampa,-4.5400,2013_CHUGAI
CycPeptMPDB_ID_598,pampa,-4.5500,2013_CHUGAI
CycPeptMPDB_ID_599,pampa,-4.9200,2013_CHUGAI
CycPeptMPDB_ID_600,pampa,-4.6200,2013_CHUGAI
CycPeptMPDB_ID_601,pampa,-4.6800,2013_CHUGAI
CycPeptMPDB_ID_602,pampa,-4.6200,2013_CHUGAI
CycPeptMPDB_ID_603,pampa,-4.5900,2013_CHUGAI
CycPeptMPDB_ID_604,pampa,-4.4400,2013_CHUGAI
CycPeptMPDB_ID_605,pampa,-5.6200,2013_CHUGAI
CycPeptMPDB_ID_606,pampa,-5.8000,2013_CHUGAI
CycPeptMPDB_ID_607,pampa,-4.4800,2013_CHUGAI
CycPeptMPDB_ID_608,pampa,-4.3000,2013_CHUGAI
CycPeptMPDB_ID_609,pampa,-4.3400,2013_CHUGAI
CycPeptMPDB_ID_610,pampa,-4.4900,2013_CHUGAI
CycPeptMPDB_ID_611,pampa,-4.5400,2013_CHUGAI
CycPeptMPDB_ID_612,pampa,-4.4800,2013_CHUGAI
CycPeptMPDB_ID_613,pampa,-4.3100,2013_CHUGAI
CycPeptMPDB_ID_614,pampa,-4.5400,2013_CHUGAI
CycPeptMPDB_ID_615,pampa,-4.5400,2013_CHUGAI
CycPeptMPDB_ID_616,pampa,-4.2800,2013_CHUGAI
CycPeptMPDB_ID_617,pampa,-4.6600,2013_CHUGAI
CycPeptMPDB_ID_618,pampa,-4.5900,2013_CHUGAI
CycPeptMPDB_ID_619,pampa,-4.6200,2013_CHUGAI
CycPeptMPDB_ID_620,pampa,-4.5200,2013_CHUGAI
CycPeptMPDB_ID_621,pampa,-4.4800,2013_CHUGAI
CycPeptMPDB_ID_622,pampa,-4.6400,2013_CHUGAI
CycPeptMPDB_ID_623,pampa,-4.4700,2013_CHUGAI
CycPeptMPDB_ID_624,pampa,-4.5200,2013_CHUGAI
CycPeptMPDB_ID_625,pampa,-4.6200,2013_CHUGAI
CycPeptMPDB_ID_626,pampa,-4.4900,2013_CHUGAI
CycPeptMPDB_ID_627,pampa,-4.6600,2013_CHUGAI
CycPeptMPDB_ID_628,pampa,-4.5700,2013_CHUGAI
CycPeptMPDB_ID_629,pampa,-4.6000,2013_CHUGAI
CycPeptMPDB_ID_630,pampa,-4.7400,2013_CHUGAI
CycPeptMPDB_ID_631,pampa,-4.3700,2013_CHUGAI
CycPeptMPDB_ID_632,pampa,-4.1500,2013_CHUGAI
CycPeptMPDB_ID_633,pampa,-5.4000,2013_CHUGAI
CycPeptMPDB_ID_634,pampa,-5.5200,2013_CHUGAI
CycPeptMPDB_ID_635,pampa,-4.7200,2013_CHUGAI
CycPeptMPDB_ID_636,pampa,-4.5900,2013_CHUGAI
CycPeptMPDB_ID_637,pampa,-4.5400,2013_CHUGAI
CycPeptMPDB_ID_638,pampa,-4.9200,2013_CHUGAI
CycPeptMPDB_ID_639,pampa,-4.8000,2013_CHUGAI
CycPeptMPDB_ID_640,pampa,-4.8900,2013_CHUGAI
CycPeptMPDB_ID_641,pampa,-4.5200,2013_CHUGAI
CycPeptMPDB_ID_642,pampa,-5.1400,2013_CHUGAI
CycPeptMPDB_ID_643,pampa,-4.5900,2013_CHUGAI
CycPeptMPDB_ID_644,pampa,-4.6000,2013_CHUGAI
CycPeptMPDB_ID_645,pampa,-4.8200,2013_CHUGAI
CycPeptMPDB_ID_646,pampa,-4.5500,2013_CHUGAI
CycPeptMPDB_ID_647,pampa,-4.8900,2013_CHUGAI
CycPeptMPDB_ID_648,pampa,-4.4900,2013_CHUGAI
CycPeptMPDB_ID_649,pampa,-4.6400,2013_CHUGAI
CycPeptMPDB_ID_650,pampa,-4.5500,2013_CHUGAI
CycPeptMPDB_ID_651,pampa,-4.4400,2013_CHUGAI
CycPeptMPDB_ID_652,pampa,-5.0000,2013_CHUGAI
CycPeptMPDB_ID_653,pampa,-4.7700,2013_CHUGAI
CycPeptMPDB_ID_654,pampa,-4.3600,2013_CHUGAI
CycPeptMPDB_ID_655,pampa,-4.4800,2013_CHUGAI
CycPeptMPDB_ID_656,pampa,-4.4800,2013_CHUGAI
CycPeptMPDB_ID_657,pampa,-4.5400,2013_CHUGAI
CycPeptMPDB_ID_658,pampa,-4.4600,2013_CHUGAI
CycPeptMPDB_ID_659,pampa,-4.4800,2013_CHUGAI
CycPeptMPDB_ID_660,pampa,-4.8200,2013_CHUGAI
CycPeptMPDB_ID_661,pampa,-4.4300,2013_CHUGAI
CycPeptMPDB_ID_662,pampa,-4.4600,2013_CHUGAI
CycPeptMPDB_ID_663,pampa,-4.5100,2013_CHUGAI
CycPeptMPDB_ID_664,pampa,-4.5400,2013_CHUGAI
CycPeptMPDB_ID_665,pampa,-4.3100,2013_CHUGAI
CycPeptMPDB_ID_666,pampa,-4.5100,2013_CHUGAI
CycPeptMPDB_ID_667,pampa,-4.6000,2013_CHUGAI
CycPeptMPDB_ID_668,pampa,-4.4700,2013_CHUGAI
CycPeptMPDB_ID_669,pampa,-4.5400,2013_CHUGAI
CycPeptMPDB_ID_670,pampa,-4.3100,2013_CHUGAI
CycPeptMPDB_ID_671,pampa,-4.3200,2013_CHUGAI
CycPeptMPDB_ID_672,pampa,-4.5400,2013_CHUGAI
CycPeptMPDB_ID_673,pampa,-4.8000,2013_CHUGAI
CycPeptMPDB_ID_674,pampa,-4.4600,2013_CHUGAI
CycPeptMPDB_ID_675,pampa,-4.3600,2013_CHUGAI
CycPeptMPDB_ID_676,pampa,-4.5400,2013_CHUGAI
CycPeptMPDB_ID_677,pampa,-4.9200,2013_CHUGAI
CycPeptMPDB_ID_678,pampa,-4.5700,2013_CHUGAI
CycPeptMPDB_ID_679,pampa,-4.5100,2013_CHUGAI
CycPeptMPDB_ID_680,pampa,-4.6200,2013_CHUGAI
CycPeptMPDB_ID_681,pampa,-4.6800,2013_CHUGAI
CycPeptMPDB_ID_682,pampa,-4.6800,2013_CHUGAI
CycPeptMPDB_ID_683,pampa,-4.7700,2013_CHUGAI
CycPeptMPDB_ID_684,pampa,-4.5900,2013_CHUGAI
CycPeptMPDB_ID_685,pampa,-4.8000,2013_CHUGAI
CycPeptMPDB_ID_686,pampa,-4.3100,2013_CHUGAI
CycPeptMPDB_ID_687,pampa,-4.3500,2013_CHUGAI
CycPeptMPDB_ID_688,pampa,-4.5900,2013_CHUGAI
CycPeptMPDB_ID_689,pampa,-4.7000,2013_CHUGAI
CycPeptMPDB_ID_690,pampa,-4.4600,2013_CHUGAI
CycPeptMPDB_ID_691,pampa,-4.7700,2013_CHUGAI
CycPeptMPDB_ID_692,pampa,-4.8000,2013_CHUGAI
CycPeptMPDB_ID_693,pampa,-5.1900,2013_CHUGAI
CycPeptMPDB_ID_694,pampa,-5.3300,2013_CHUGAI
CycPeptMPDB_ID_695,pampa,-4.4300,2013_CHUGAI
CycPeptMPDB_ID_696,pampa,-4.3200,2013_CHUGAI
CycPeptMPDB_ID_697,pampa,-4.5900,2013_CHUGAI
CycPeptMPDB_ID_698,pampa,-4.5900,2013_CHUGAI
CycPeptMPDB_ID_699,pampa,-4.8000,2013_CHUGAI
CycPeptMPDB_ID_700,pampa,-4.6800,2013_CHUGAI
CycPeptMPDB_ID_701,pampa,-4.5700,2013_CHUGAI
CycPeptMPDB_ID_702,pampa,-4.5200,2013_CHUGAI
CycPeptMPDB_ID_703,pampa,-4.6600,2013_CHUGAI
CycPeptMPDB_ID_704,pampa,-4.7400,2013_CHUGAI
CycPeptMPDB_ID_705,pampa,-4.5100,2013_CHUGAI
CycPeptMPDB_ID_706,pampa,-5.0000,2013_CHUGAI
CycPeptMPDB_ID_707,pampa,-4.8200,2013_CHUGAI
CycPeptMPDB_ID_708,pampa,-4.8000,2013_CHUGAI
CycPeptMPDB_ID_709,pampa,-4.9200,2013_CHUGAI
CycPeptMPDB_ID_710,pampa,-4.7700,2013_CHUGAI
CycPeptMPDB_ID_711,pampa,-4.3300,2013_CHUGAI
CycPeptMPDB_ID_712,pampa,-4.7000,2013_CHUGAI
CycPeptMPDB_ID_713,pampa,-4.3500,2013_CHUGAI
CycPeptMPDB_ID_714,pampa,-4.7700,2013_CHUGAI
CycPeptMPDB_ID_715,pampa,-4.8900,2013_CHUGAI
CycPeptMPDB_ID_716,pampa,-4.7400,2013_CHUGAI
CycPeptMPDB_ID_717,pampa,-5.2100,2013_CHUGAI
CycPeptMPDB_ID_718,pampa,-5.0000,2013_CHUGAI
CycPeptMPDB_ID_719,pampa,-4.4900,2013_CHUGAI
CycPeptMPDB_ID_720,pampa,-4.4400,2013_CHUGAI
CycPeptMPDB_ID_721,pampa,-4.5200,2013_CHUGAI
CycPeptMPDB_ID_722,pampa,-4.4800,2013_CHUGAI
CycPeptMPDB_ID_723,pampa,-4.6200,2013_CHUGAI
CycPeptMPDB_ID_724,pampa,-4.5700,2013_CHUGAI
CycPeptMPDB_ID_725,pampa,-4.5500,2013_CHUGAI
CycPeptMPDB_ID_726,pampa,-5.0400,2013_CHUGAI
CycPeptMPDB_ID_727,pampa,-4.8900,2013_CHUGAI
CycPeptMPDB_ID_728,pampa,-5.6000,2013_CHUGAI
CycPeptMPDB_ID_729,pampa,-5.3000,2013_CHUGAI
CycPeptMPDB_ID_730,pampa,-5.5200,2013_CHUGAI
CycPeptMPDB_ID_731,pampa,-4.8900,2013_CHUGAI
CycPeptMPDB_ID_732,pampa,-4.5200,2013_CHUGAI
CycPeptMPDB_ID_733,pampa,-4.6000,2013_CHUGAI
CycPeptMPDB_ID_734,pampa,-4.2800,2013_CHUGAI
CycPeptMPDB_ID_735,pampa,-4.4800,2013_CHUGAI
CycPeptMPDB_ID_736,pampa,-4.3300,2013_CHUGAI
CycPeptMPDB_ID_737,pampa,-4.1500,2013_CHUGAI
CycPeptMPDB_ID_738,pampa,-4.3400,2013_CHUGAI
CycPeptMPDB_ID_739,pampa,-4.5900,2013_CHUGAI
CycPeptMPDB_ID_740,pampa,-4.4300,2013_CHUGAI
CycPeptMPDB_ID_741,pampa,-4.7400,2013_CHUGAI
CycPeptMPDB_ID_742,pampa,-4.4100,2013_CHUGAI
CycPeptMPDB_ID_743,pampa,-4.5900,2013_CHUGAI
CycPeptMPDB_ID_744,pampa,-4.4300,2013_CHUGAI
CycPeptMPDB_ID_745,pampa,-4.3900,2013_CHUGAI
CycPeptMPDB_ID_746,pampa,-4.5400,2013_CHUGAI
CycPeptMPDB_ID_747,pampa,-5.0000,2013_CHUGAI
CycPeptMPDB_ID_748,pampa,-4.5100,2013_CHUGAI
CycPeptMPDB_ID_749,pampa,-4.3400,2013_CHUGAI
CycPeptMPDB_ID_750,pampa,-4.5400,2013_CHUGAI
CycPeptMPDB_ID_751,pampa,-5.2300,2013_CHUGAI
CycPeptMPDB_ID_752,pampa,-4.5400,2013_CHUGAI
CycPeptMPDB_ID_753,pampa,-4.3100,2013_CHUGAI
CycPeptMPDB_ID_754,pampa,-4.4600,2013_CHUGAI
CycPeptMPDB_ID_755,pampa,-4.2500,2013_CHUGAI
CycPeptMPDB_ID_756,pampa,-4.3900,2013_CHUGAI
CycPeptMPDB_ID_757,pampa,-4.4800,2013_CHUGAI
CycPeptMPDB_ID_758,pampa,-4.2800,2013_CHUGAI
CycPeptMPDB_ID_759,pampa,-5.4300,2013_CHUGAI
CycPeptMPDB_ID_760,pampa,-4.7200,2013_CHUGAI
CycPeptMPDB_ID_761,pampa,-4.7000,2013_CHUGAI
CycPeptMPDB_ID_762,pampa,-4.5900,2013_CHUGAI
CycPeptMPDB_ID_763,pampa,-4.1600,2013_CHUGAI
CycPeptMPDB_ID_764,pampa,-4.4900,2013_CHUGAI
CycPeptMPDB_ID_765,pampa,-4.6000,2013_CHUGAI
CycPeptMPDB_ID_766,pampa,-4.2200,2013_CHUGAI
CycPeptMPDB_ID_767,pampa,-4.5400,2013_CHUGAI
CycPeptMPDB_ID_768,pampa,-4.5500,2013_CHUGAI
CycPeptMPDB_ID_769,pampa,-4.5400,2013_CHUGAI
CycPeptMPDB_ID_770,pampa,-4.3900,2013_CHUGAI
CycPeptMPDB_ID_771,pampa,-4.5700,2013_CHUGAI
CycPeptMPDB_ID_772,pampa,-4.8200,2013_CHUGAI
CycPeptMPDB_ID_773,pampa,-5.4800,2013_CHUGAI
CycPeptMPDB_ID_774,pampa,-4.1500,2013_CHUGAI
CycPeptMPDB_ID_775,pampa,-4.8500,2013_CHUGAI
CycPeptMPDB_ID_776,pampa,-4.1500,2013_CHUGAI
CycPeptMPDB_ID_777,pampa,-4.4700,2013_CHUGAI
CycPeptMPDB_ID_778,pampa,-4.5200,2013_CHUGAI
CycPeptMPDB_ID_779,pampa,-4.2400,2013_CHUGAI
CycPeptMPDB_ID_780,pampa,-4.3800,2013_CHUGAI
CycPeptMPDB_ID_781,pampa,-4.4900,2013_CHUGAI
CycPeptMPDB_ID_782,pampa,-4.6000,2013_CHUGAI
CycPeptMPDB_ID_783,pampa,-5.7000,2013_CHUGAI
CycPeptMPDB_ID_784,pampa,-4.5200,2013_CHUGAI
CycPeptMPDB_ID_785,pampa,-4.3200,2013_CHUGAI
CycPeptMPDB_ID_786,pampa,-4.2100,2013_CHUGAI
CycPeptMPDB_ID_787,pampa,-4.4300,2013_CHUGAI
CycPeptMPDB_ID_788,pampa,-4.5100,2013_CHUGAI
CycPeptMPDB_ID_789,pampa,-4.5400,2013_CHUGAI
CycPeptMPDB_ID_790,pampa,-4.4100,2013_CHUGAI
CycPeptMPDB_ID_791,pampa,-4.5200,2013_CHUGAI
CycPeptMPDB_ID_792,pampa,-5.2400,2013_CHUGAI
CycPeptMPDB_ID_793,pampa,-4.3800,2013_CHUGAI
CycPeptMPDB_ID_794,pampa,-4.6800,2013_CHUGAI
CycPeptMPDB_ID_795,pampa,-4.4000,2013_CHUGAI
CycPeptMPDB_ID_796,pampa,-4.2600,2013_CHUGAI
CycPeptMPDB_ID_797,pampa,-4.6800,2013_CHUGAI
CycPeptMPDB_ID_798,pampa,-4.9200,2013_CHUGAI
CycPeptMPDB_ID_799,pampa,-4.8500,2013_CHUGAI
CycPeptMPDB_ID_800,pampa,-5.1000,2013_CHUGAI
CycPeptMPDB_ID_801,pampa,-4.7400,2013_CHUGAI
CycPeptMPDB_ID_802,pampa,-4.2400,2013_CHUGAI
CycPeptMPDB_ID_803,pampa,-4.2700,2013_CHUGAI
CycPeptMPDB_ID_804,pampa,-4.6200,2013_CHUGAI
CycPeptMPDB_ID_805,pampa,-4.1900,2013_CHUGAI
CycPeptMPDB_ID_806,pampa,-4.7000,2013_CHUGAI
CycPeptMPDB_ID_807,pampa,-6.6000,2013_CHUGAI
CycPeptMPDB_ID_808,pampa,-4.5100,2013_CHUGAI
CycPeptMPDB_ID_809,pampa,-4.9600,2013_CHUGAI
CycPeptMPDB_ID_810,pampa,-4.5500,2013_CHUGAI
CycPeptMPDB_ID_811,pampa,-5.4700,2013_CHUGAI
CycPeptMPDB_ID_812,pampa,-5.4800,2013_CHUGAI
CycPeptMPDB_ID_813,pampa,-4.5200,2013_CHUGAI
CycPeptMPDB_ID_814,pampa,-4.3900,2013_CHUGAI
CycPeptMPDB_ID_815,pampa,-5.3700,2013_CHUGAI
CycPeptMPDB_ID_816,pampa,-5.6000,2013_CHUGAI
CycPeptMPDB_ID_817,pampa,-6.1500,2013_CHUGAI
CycPeptMPDB_ID_818,pampa,-5.2000,2013_CHUGAI
CycPeptMPDB_ID_819,pampa,-5.1300,2013_CHUGAI
CycPeptMPDB_ID_820,pampa,-5.3700,2013_CHUGAI
CycPeptMPDB_ID_821,pampa,-6.3600,2013_CHUGAI
CycPeptMPDB_ID_822,pampa,-5.4300,2013_CHUGAI
CycPeptMPDB_ID_823,pampa,-6.0000,2013_CHUGAI
CycPeptMPDB_ID_824,pampa,-5.4300,2013_CHUGAI
CycPeptMPDB_ID_825,pampa,-4.2600,2013_CHUGAI
CycPeptMPDB_ID_826,pampa,-5.5400,2013_CHUGAI
CycPeptMPDB_ID_827,pampa,-7.0000,2013_CHUGAI
CycPeptMPDB_ID_828,pampa,-4.4600,2013_CHUGAI
CycPeptMPDB_ID_829,pampa,-5.6400,2013_CHUGAI
CycPeptMPDB_ID_830,pampa,-4.8200,2013_CHUGAI
CycPeptMPDB_ID_831,pampa,-4.2900,2013_CHUGAI
CycPeptMPDB_ID_832,pampa,-6.8500,2013_CHUGAI
CycPeptMPDB_ID_833,pampa,-6.6200,2013_CHUGAI
CycPeptMPDB_ID_834,pampa,-6.0700,2013_CHUGAI
CycPeptMPDB_ID_835,pampa,-5.0800,2013_CHUGAI
CycPeptMPDB_ID_836,pampa,-5.9200,2013_CHUGAI
CycPeptMPDB_ID_837,pampa,-5.5100,2013_CHUGAI
CycPeptMPDB_ID_838,pampa,-7.0000,2013_CHUGAI
CycPeptMPDB_ID_839,pampa,-6.8200,2013_CHUGAI
CycPeptMPDB_ID_840,pampa,-4.7200,2013_CHUGAI
CycPeptMPDB_ID_841,pampa,-4.2600,2013_CHUGAI
CycPeptMPDB_ID_842,pampa,-5.3400,2013_CHUGAI
CycPeptMPDB_ID_843,pampa,-4.6400,2013_CHUGAI
CycPeptMPDB_ID_844,pampa,-4.4600,2013_CHUGAI
CycPeptMPDB_ID_845,pampa,-4.4700,2013_CHUGAI
CycPeptMPDB_ID_846,pampa,-5.1700,2013_CHUGAI
CycPeptMPDB_ID_847,pampa,-5.7400,2013_CHUGAI
CycPeptMPDB_ID_848,pampa,-4.8500,2013_CHUGAI
CycPeptMPDB_ID_849,pampa,-6.7000,2013_CHUGAI
CycPeptMPDB_ID_850,pampa,-4.5200,2013_CHUGAI
CycPeptMPDB_ID_851,pampa,-4.6600,2013_CHUGAI
CycPeptMPDB_ID_852,pampa,-5.4100,2013_CHUGAI
CycPeptMPDB_ID_853,pampa,-6.0900,2013_CHUGAI
CycPeptMPDB_ID_854,pampa,-5.4400,2013_CHUGAI
CycPeptMPDB_ID_855,pampa,-6.8200,2013_CHUGAI
CycPeptMPDB_ID_856,pampa,-5.5400,2013_CHUGAI
CycPeptMPDB_ID_857,pampa,-6.4900,2013_CHUGAI
CycPeptMPDB_ID_858,pampa,-5.2800,2013_CHUGAI
CycPeptMPDB_ID_859,pampa,-6.3400,2013_CHUGAI
CycPeptMPDB_ID_860,pampa,-5.2600,2013_CHUGAI
CycPeptMPDB_ID_861,pampa,-4.8900,2013_CHUGAI
CycPeptMPDB_ID_862,pampa,-5.6200,2013_CHUGAI
CycPeptMPDB_ID_863,pampa,-6.8200,2013_CHUGAI
CycPeptMPDB_ID_864,pampa,-5.4200,2013_CHUGAI
CycPeptMPDB_ID_865,pampa,-5.8900,2013_CHUGAI
CycPeptMPDB_ID_866,pampa,-4.6400,2013_CHUGAI
CycPeptMPDB_ID_867,pampa,-6.0300,2013_CHUGAI
CycPeptMPDB_ID_868,pampa,-6.4700,2013_CHUGAI
CycPeptMPDB_ID_869,pampa,-5.1100,2013_CHUGAI
CycPeptMPDB_ID_870,pampa,-6.2200,2013_CHUGAI
CycPeptMPDB_ID_871,pampa,-6.1900,2013_CHUGAI
CycPeptMPDB_ID_872,pampa,-4.6800,2013_CHUGAI
CycPeptMPDB_ID_873,pampa,-5.8000,2013_CHUGAI
CycPeptMPDB_ID_874,pampa,-4.9200,2013_CHUGAI
CycPeptMPDB_ID_875,pampa,-6.8000,2013_CHUGAI
CycPeptMPDB_ID_876,pampa,-7.0000,2013_CHUGAI
CycPeptMPDB_ID_877,pampa,-5.8900,2013_CHUGAI
CycPeptMPDB_ID_878,pampa,-7.0000,2013_CHUGAI
CycPeptMPDB_ID_879,pampa,-7.0000,2013_CHUGAI
CycPeptMPDB_ID_880,pampa,-7.0000,2013_CHUGAI
CycPeptMPDB_ID_881,pampa,-7.0000,2013_CHUGAI
CycPeptMPDB_ID_882,pampa,-7.0000,2013_CHUGAI
CycPeptMPDB_ID_883,pampa,-5.2800,2013_CHUGAI
CycPeptMPDB_ID_884,pampa,-4.5700,2013_CHUGAI
CycPeptMPDB_ID_885,pampa,-6.6600,2013_CHUGAI
CycPeptMPDB_ID_886,pampa,-6.4700,2013_CHUGAI
CycPeptMPDB_ID_887,pampa,-6.9200,2013_CHUGAI
CycPeptMPDB_ID_888,pampa,-7.0000,2013_CHUGAI
CycPeptMPDB_ID_889,pampa,-7.0000,2013_CHUGAI
CycPeptMPDB_ID_890,pampa,-7.0000,2013_CHUGAI
CycPeptMPDB_ID_891,pampa,-7.0000,2013_CHUGAI
CycPeptMPDB_ID_892,pampa,-7.0000,2013_CHUGAI
CycPeptMPDB_ID_893,pampa,-7.0000,2013_CHUGAI
CycPeptMPDB_ID_894,pampa,-4.9200,2013_CHUGAI
CycPeptMPDB_ID_895,pampa,-6.3400,2013_CHUGAI
CycPeptMPDB_ID_896,pampa,-7.0000,2013_CHUGAI
CycPeptMPDB_ID_897,pampa,-7.0000,2013_CHUGAI
CycPeptMPDB_ID_898,pampa,-6.9600,2013_CHUGAI
CycPeptMPDB_ID_899,pampa,-6.3300,2013_CHUGAI
CycPeptMPDB_ID_900,pampa,-7.0000,2013_CHUGAI
CycPeptMPDB_ID_901,pampa,-5.4400,2013_CHUGAI
CycPeptMPDB_ID_902,pampa,-6.8500,2013_CHUGAI
CycPeptMPDB_ID_903,pampa,-7.0000,2013_CHUGAI
CycPeptMPDB_ID_904,pampa,-7.0000,2013_CHUGAI
CycPeptMPDB_ID_905,pampa,-7.0000,2013_CHUGAI
CycPeptMPDB_ID_906,pampa,-7.0000,2013_CHUGAI
CycPeptMPDB_ID_907,pampa,-7.0000,2013_CHUGAI
CycPeptMPDB_ID_908,pampa,-7.0000,2013_CHUGAI
CycPeptMPDB_ID_909,pampa,-7.0000,2013_CHUGAI
CycPeptMPDB_ID_910,pampa,-6.1100,2013_CHUGAI
CycPeptMPDB_ID_911,pampa,-6.9600,2013_CHUGAI
CycPeptMPDB_ID_912,pampa,-7.0000,2013_CHUGAI
CycPeptMPDB_ID_913,pampa,-7.0000,2013_CHUGAI
CycPeptMPDB_ID_914,pampa,-5.3600,2013_CHUGAI
CycPeptMPDB_ID_915,pampa,-7.0000,2013_CHUGAI
CycPeptMPDB_ID_916,pampa,-7.0000,2013_CHUGAI
CycPeptMPDB_ID_917,pampa,-5.2000,2013_CHUGAI
CycPeptMPDB_ID_918,pampa,-6.2400,2013_CHUGAI
CycPeptMPDB_ID_919,pampa,-5.4000,2013_CHUGAI
CycPeptMPDB_ID_920,pampa,-6.2700,2013_CHUGAI
CycPeptMPDB_ID_921,pampa,-5.5400,2013_CHUGAI
CycPeptMPDB_ID_922,pampa,-6.2400,2013_CHUGAI
CycPeptMPDB_ID_923,pampa,-7.0000,2013_CHUGAI
CycPeptMPDB_ID_924,pampa,-5.0500,2013_CHUGAI
CycPeptMPDB_ID_925,pampa,-4.8000,2013_CHUGAI
CycPeptMPDB_ID_927,caco2,-6.4000,2013_Zaretsky
CycPeptMPDB_ID_932,pampa,-5.0100,2015_Ahlbach
CycPeptMPDB_ID_933,pampa,-5.1000,2015_Ahlbach
CycPeptMPDB_ID_934,pampa,-5.5600,2015_Ahlbach
CycPeptMPDB_ID_935,pampa,-5.3600,2015_Ahlbach
CycPeptMPDB_ID_936,pampa,-6.3900,2015_Ahlbach
CycPeptMPDB_ID_937,pampa,-5.3600,2015_Ahlbach
CycPeptMPDB_ID_938,pampa,-5.2200,2015_Ahlbach
CycPeptMPDB_ID_939,pampa,-5.4800,2015_Ahlbach
CycPeptMPDB_ID_940,pampa,-5.2900,2015_Ahlbach
CycPeptMPDB_ID_941,pampa,-5.8900,2015_Ahlbach
CycPeptMPDB_ID_942,pampa,-6.2900,2015_Ahlbach
CycPeptMPDB_ID_943,pampa,-6.6600,2015_Ahlbach
CycPeptMPDB_ID_944,pampa,-7.1000,2015_Ahlbach
CycPeptMPDB_ID_945,pampa,-7.4000,2015_Ahlbach
CycPeptMPDB_ID_946,pampa,-4.7300,2015_Ahlbach
CycPeptMPDB_ID_947,pampa,-5.3400,2015_Ahlbach
CycPeptMPDB_ID_948,pampa,-5.4500,2015_Ahlbach
CycPeptMPDB_ID_949,pampa,-5.6600,2015_Ahlbach
CycPeptMPDB_ID_950,pampa,-5.9900,2015_Ahlbach
CycPeptMPDB_ID_951,pampa,-4.0800,2015_Ahlbach
CycPeptMPDB_ID_952,pampa,-4.1900,2015_Ahlbach
CycPeptMPDB_ID_953,pampa,-5.1400,2015_Ahlbach
CycPeptMPDB_ID_954,pampa,-5.1900,2015_Ahlbach
CycPeptMPDB_ID_955,pampa,-8.3900,2015_Ahlbach
CycPeptMPDB_ID_956,pampa,-7.2400,2015_Ahlbach
CycPeptMPDB_ID_957,pampa,-4.7300,2015_Ahlbach
CycPeptMPDB_ID_960,pampa,-7.2400,2015_Ahlbach
CycPeptMPDB_ID_961,pampa,-5.6100,2015_Ahlbach
CycPeptMPDB_ID_962,pampa,-5.2200,2015_Ahlbach
CycPeptMPDB_ID_963,pampa,-9.4000,2015_Ahlbach
CycPeptMPDB_ID_964,pampa,-5.8900,2015_Ahlbach
CycPeptMPDB_ID_966,pampa,-6.0000,2015_Bockus_1
CycPeptMPDB_ID_967,pampa,-5.1000,2015_Bockus_1
CycPeptMPDB_ID_968,pampa,-4.9200,2015_Bockus_1
CycPeptMPDB_ID_969,pampa,-5.1500,2015_Bockus_1
CycPeptMPDB_ID_970,pampa,-5.7000,2015_Bockus_1
CycPeptMPDB_ID_971,pampa,-4.7000,2015_Bockus_1
CycPeptMPDB_ID_972,pampa,-5.2200,2015_Bockus_1
CycPeptMPDB_ID_973,pampa,-5.4000,2015_Bockus_1
CycPeptMPDB_ID_974,pampa,-5.5200,2015_Bockus_1
CycPeptMPDB_ID_975,pampa,-5.1500,2015_Bockus_1
CycPeptMPDB_ID_976,pampa,-5.5200,2015_Bockus_1
CycPeptMPDB_ID_977,pampa,-4.9600,2015_Bockus_1
CycPeptMPDB_ID_978,pampa,-5.5200,2015_Bockus_1
CycPeptMPDB_ID_979,pampa,-5.0000,2015_Bockus_1
CycPeptMPDB_ID_980,pampa,-5.5200,2015_Bockus_1
CycPeptMPDB_ID_982,caco2,-5.8900,2015_Bockus_2
CycPeptMPDB_ID_982,pampa,-5.2800,2015_Bockus_2
CycPeptMPDB_ID_983,caco2,-5.8900,2015_Bockus_2
CycPeptMPDB_ID_983,pampa,-5.2500,2015_Bockus_2
CycPeptMPDB_ID_984,caco2,-6.7000,2015_Bockus_2
CycPeptMPDB_ID_984,pampa,-5.2800,2015_Bockus_2
CycPeptMPDB_ID_985,caco2,-5.4300,2015_Bockus_2
CycPeptMPDB_ID_985,pampa,-5.3200,2015_Bockus_2
CycPeptMPDB_ID_986,caco2,-6.5200,2015_Bockus_2
CycPeptMPDB_ID_986,pampa,-5.3100,2015_Bockus_2
CycPeptMPDB_ID_987,caco2,-5.6600,2015_Bockus_2
CycPeptMPDB_ID_987,pampa,-5.3300,2015_Bockus_2
CycPeptMPDB_ID_988,caco2,-6.4000,2015_Bockus_2
CycPeptMPDB_ID_988,pampa,-6.7000,2015_Bockus_2
CycPeptMPDB_ID_989,caco2,-6.7000,2015_Bockus_2
CycPeptMPDB_ID_989,pampa,-6.3000,2015_Bockus_2
CycPeptMPDB_ID_990,caco2,-6.4000,2015_Bockus_2
CycPeptMPDB_ID_990,pampa,-5.8900,2015_Bockus_2
CycPeptMPDB_ID_991,caco2,-5.1300,2015_Bockus_2
CycPeptMPDB_ID_991,pampa,-4.9600,2015_Bockus_2
CycPeptMPDB_ID_992,caco2,-5.1700,2015_Bockus_2
CycPeptMPDB_ID_992,pampa,-5.0400,2015_Bockus_2
CycPeptMPDB_ID_993,caco2,-5.1000,2015_Bockus_2
CycPeptMPDB_ID_993,pampa,-5.6600,2015_Bockus_2
CycPeptMPDB_ID_994,caco2,-5.0200,2015_Bockus_2
CycPeptMPDB_ID_994,pampa,-5.2100,2015_Bockus_2
CycPeptMPDB_ID_995,caco2,-4.9600,2015_Bockus_2
CycPeptMPDB_ID_995,pampa,-5.3300,2015_Bockus_2
CycPeptMPDB_ID_996,caco2,-4.8500,2015_Bockus_2
CycPeptMPDB_ID_996,pampa,-5.6800,2015_Bockus_2
CycPeptMPDB_ID_997,caco2,-4.6700,2015_Bockus_2
CycPeptMPDB_ID_997,pampa,-5.8200,2015_Bockus_2
CycPeptMPDB_ID_998,caco2,-4.7100,2015_Bockus_2
CycPeptMPDB_ID_998,pampa,-4.7600,2015_Bockus_2
CycPeptMPDB_ID_999,caco2,-4.7500,2015_Hewitt
CycPeptMPDB_ID_1000,caco2,-6.5900,2015_Hewitt
CycPeptMPDB_ID_1001,caco2,-6.3700,2015_Hewitt
CycPeptMPDB_ID_1002,caco2,-6.8400,2015_Hewitt
CycPeptMPDB_ID_1003,caco2,-5.1000,2015_Hewitt
CycPeptMPDB_ID_1004,caco2,-7.3500,2015_Hewitt
CycPeptMPDB_ID_1005,caco2,-6.3200,2015_Hewitt
CycPeptMPDB_ID_1006,caco2,-5.4400,2015_Hewitt
CycPeptMPDB_ID_1007,caco2,-6.6400,2015_Hewitt
CycPeptMPDB_ID_1008,caco2,-4.7000,2015_Hewitt
CycPeptMPDB_ID_1009,caco2,-5.6900,2015_Hewitt
CycPeptMPDB_ID_1010,caco2,-5.9500,2015_Hewitt
CycPeptMPDB_ID_1011,caco2,-6.2600,2015_Hewitt
CycPeptMPDB_ID_1012,caco2,-6.3600,2015_Hewitt
CycPeptMPDB_ID_1013,caco2,-6.4200,2015_Hewitt
CycPeptMPDB_ID_1014,caco2,-4.6300,2015_Hewitt
CycPeptMPDB_ID_1015,caco2,-5.6700,2015_Hewitt
CycPeptMPDB_ID_1016,caco2,-4.7900,2015_Hewitt
CycPeptMPDB_ID_1017,pampa,-6.5500,2015_Lewis
CycPeptMPDB_ID_1018,pampa,-4.5000,2015_Lewis
CycPeptMPDB_ID_1019,caco2,-6.8200,2015_Marelli
CycPeptMPDB_ID_1019,pampa,-8.3000,2015_Marelli
CycPeptMPDB_ID_1020,caco2,-5.6200,2015_Marelli
CycPeptMPDB_ID_1020,pampa,-8.2000,2015_Marelli
CycPeptMPDB_ID_1021,caco2,-6.7600,2015_Marelli
CycPeptMPDB_ID_1021,pampa,-8.2000,2015_Marelli
CycPeptMPDB_ID_1022,caco2,-5.4400,2015_Marelli
CycPeptMPDB_ID_1022,pampa,-8.3000,2015_Marelli
CycPeptMPDB_ID_1023,caco2,-6.1000,2015_Marelli
CycPeptMPDB_ID_1023,pampa,-7.0000,2015_Marelli
CycPeptMPDB_ID_1024,caco2,-5.5700,2015_Marelli
CycPeptMPDB_ID_1024,pampa,-7.1000,2015_Marelli
CycPeptMPDB_ID_1025,caco2,-5.8200,2015_Marelli
CycPeptMPDB_ID_1026,caco2,-6.1400,2015_Marelli
CycPeptMPDB_ID_1027,caco2,-4.7000,2015_Marelli
CycPeptMPDB_ID_1027,pampa,-4.4000,2015_Marelli
CycPeptMPDB_ID_1028,caco2,-4.8200,2015_Marelli
CycPeptMPDB_ID_1028,pampa,-4.3000,2015_Marelli
CycPeptMPDB_ID_1029,pampa,-7.0000,2015_Nielsen
CycPeptMPDB_ID_1030,pampa,-6.0000,2015_Nielsen
CycPeptMPDB_ID_1031,pampa,-5.1700,2015_Nielsen
CycPeptMPDB_ID_1045,caco2,-5.8400,2015_Wang
CycPeptMPDB_ID_1045,pampa,-5.7900,2015_Wang
CycPeptMPDB_ID_1046,caco2,-7.0000,2015_Wang
CycPeptMPDB_ID_1046,pampa,-7.0500,2015_Wang
CycPeptMPDB_ID_1047,caco2,-6.8500,2015_Wang
CycPeptMPDB_ID_1047,pampa,-6.9600,2015_Wang
CycPeptMPDB_ID_1048,caco2,-4.9200,2015_Wang
CycPeptMPDB_ID_1048,pampa,-5.4600,2015_Wang
CycPeptMPDB_ID_1049,caco2,-5.9100,2015_Wang
CycPeptMPDB_ID_1049,pampa,-5.9100,2015_Wang
CycPeptMPDB_ID_1050,caco2,-5.7700,2015_Wang
CycPeptMPDB_ID_1050,pampa,-6.1100,2015_Wang
CycPeptMPDB_ID_1051,caco2,-5.1100,2015_Wang
CycPeptMPDB_ID_1051,pampa,-6.1200,2015_Wang
CycPeptMPDB_ID_1052,caco2,-5.0400,2015_Wang
CycPeptMPDB_ID_1052,pampa,-5.8900,2015_Wang
CycPeptMPDB_ID_1053,caco2,-4.9700,2015_Wang
CycPeptMPDB_ID_1053,pampa,-6.0200,2015_Wang
CycPeptMPDB_ID_1054,caco2,-5.1100,2015_Wang
CycPeptMPDB_ID_1054,pampa,-5.8200,2015_Wang
CycPeptMPDB_ID_1055,caco2,-4.9500,2015_Wang
CycPeptMPDB_ID_1055,pampa,-5.8800,2015_Wang
CycPeptMPDB_ID_1056,caco2,-4.8000,2015_Wang
CycPeptMPDB_ID_1056,pampa,-6.2400,2015_Wang
CycPeptMPDB_ID_1057,caco2,-4.6600,2015_Wang
CycPeptMPDB_ID_1057,pampa,-5.4200,2015_Wang
CycPeptMPDB_ID_1058,caco2,-5.2600,2015_Wang
CycPeptMPDB_ID_1058,pampa,-5.9500,2015_Wang
CycPeptMPDB_ID_1059,caco2,-4.7900,2015_Wang
CycPeptMPDB_ID_1059,pampa,-5.7300,2015_Wang
CycPeptMPDB_ID_1060,caco2,-4.8300,2015_Wang
CycPeptMPDB_ID_1060,pampa,-7.0000,2015_Wang
CycPeptMPDB_ID_1061,caco2,-4.8000,2015_Wang
CycPeptMPDB_ID_1061,pampa,-5.8200,2015_Wang
CycPeptMPDB_ID_1062,caco2,-5.9800,2015_Wang
CycPeptMPDB_ID_1062,pampa,-6.5400,2015_Wang
CycPeptMPDB_ID_1063,caco2,-4.9300,2015_Wang
CycPeptMPDB_ID_1063,pampa,-6.1700,2015_Wang
CycPeptMPDB_ID_1064,caco2,-6.4300,2015_Wang
CycPeptMPDB_ID_1064,pampa,-6.2300,2015_Wang
CycPeptMPDB_ID_1065,caco2,-4.8600,2015_Wang
CycPeptMPDB_ID_1065,pampa,-5.6400,2015_Wang
CycPeptMPDB_ID_1066,caco2,-6.2300,2015_Wang
CycPeptMPDB_ID_1066,pampa,-6.9600,2015_Wang
CycPeptMPDB_ID_1067,caco2,-5.0200,2015_Wang
CycPeptMPDB_ID_1067,pampa,-5.4800,2015_Wang
CycPeptMPDB_ID_1068,caco2,-6.6800,2015_Wang
CycPeptMPDB_ID_1068,pampa,-6.7200,2015_Wang
CycPeptMPDB_ID_1069,caco2,-6.4400,2015_Wang
CycPeptMPDB_ID_1069,pampa,-6.5500,2015_Wang
CycPeptMPDB_ID_1070,caco2,-4.7600,2015_Wang
CycPeptMPDB_ID_1070,pampa,-5.6000,2015_Wang
CycPeptMPDB_ID_1071,caco2,-5.2300,2015_Wang
CycPeptMPDB_ID_1071,pampa,-5.7800,2015_Wang
CycPeptMPDB_ID_1072,caco2,-5.5100,2015_Wang
CycPeptMPDB_ID_1072,pampa,-6.3900,2015_Wang
CycPeptMPDB_ID_1076,caco2,-6.0300,2015_Wang
CycPeptMPDB_ID_1076,pampa,-7.1000,2015_Wang
CycPeptMPDB_ID_1077,caco2,-6.7000,2015_Wang
CycPeptMPDB_ID_1077,pampa,-7.0500,2015_Wang
CycPeptMPDB_ID_1078,caco2,-6.5700,2015_Wang
CycPeptMPDB_ID_1078,pampa,-8.0000,2015_Wang
CycPeptMPDB_ID_1079,caco2,-6.2400,2015_Wang
CycPeptMPDB_ID_1079,pampa,-7.1500,2015_Wang
CycPeptMPDB_ID_1080,caco2,-6.1400,2015_Wang
CycPeptMPDB_ID_1080,pampa,-7.7000,2015_Wang
CycPeptMPDB_ID_1081,caco2,-6.8500,2015_Wang
CycPeptMPDB_ID_1081,pampa,-8.0000,2015_Wang
CycPeptMPDB_ID_1082,caco2,-7.0500,2015_Wang
CycPeptMPDB_ID_1082,pampa,-8.0000,2015_Wang
CycPeptMPDB_ID_1083,caco2,-6.8500,2015_Wang
CycPeptMPDB_ID_1083,pampa,-7.5200,2015_Wang
CycPeptMPDB_ID_1084,caco2,-5.9700,2015_Wang
CycPeptMPDB_ID_1084,pampa,-6.4600,2015_Wang
CycPeptMPDB_ID_1085,caco2,-7.0000,2015_Wang
CycPeptMPDB_ID_1085,pampa,-6.8000,2015_Wang
CycPeptMPDB_ID_1086,caco2,-6.2000,2015_Wang
CycPeptMPDB_ID_1086,pampa,-7.1500,2015_Wang
CycPeptMPDB_ID_1087,caco2,-5.3200,2015_Wang
CycPeptMPDB_ID_1087,pampa,-6.0300,2015_Wang
CycPeptMPDB_ID_1088,caco2,-6.8500,2015_Wang
CycPeptMPDB_ID_1088,pampa,-7.5200,2015_Wang
CycPeptMPDB_ID_1089,caco2,-6.8500,2015_Wang
CycPeptMPDB_ID_1089,pampa,-6.8500,2015_Wang
CycPeptMPDB_ID_1090,caco2,-6.8500,2015_Wang
CycPeptMPDB_ID_1091,caco2,-7.0000,2015_Wang
CycPeptMPDB_ID_1091,pampa,-7.0000,2015_Wang
CycPeptMPDB_ID_1092,caco2,-4.9200,2015_Wang
CycPeptMPDB_ID_1092,pampa,-6.3900,2015_Wang
CycPeptMPDB_ID_1093,caco2,-6.8500,2015_Wang
CycPeptMPDB_ID_1094,caco2,-6.8500,2015_Wang
CycPeptMPDB_ID_1094,pampa,-8.0000,2015_Wang
CycPeptMPDB_ID_1095,caco2,-6.6200,2015_Wang
CycPeptMPDB_ID_1095,pampa,-6.4300,2015_Wang
CycPeptMPDB_ID_1096,caco2,-6.9600,2015_Wang
CycPeptMPDB_ID_1096,pampa,-8.0000,2015_Wang
CycPeptMPDB_ID_1097,caco2,-6.9600,2015_Wang
CycPeptMPDB_ID_1098,caco2,-6.9600,2015_Wang
CycPeptMPDB_ID_1098,pampa,-7.4000,2015_Wang
CycPeptMPDB_ID_1099,caco2,-7.2200,2015_Wang
CycPeptMPDB_ID_1099,pampa,-8.0000,2015_Wang
CycPeptMPDB_ID_1100,caco2,-6.3400,2015_Wang
CycPeptMPDB_ID_1100,pampa,-7.7000,2015_Wang
CycPeptMPDB_ID_1101,caco2,-7.7000,2015_Wang
CycPeptMPDB_ID_1101,pampa,-8.0000,2015_Wang
CycPeptMPDB_ID_1102,caco2,-7.4000,2015_Wang
CycPeptMPDB_ID_1102,pampa,-7.7000,2015_Wang
CycPeptMPDB_ID_1103,caco2,-5.1700,2015_Wang
CycPeptMPDB_ID_1104,caco2,-5.7700,2015_Wang
CycPeptMPDB_ID_1105,caco2,-6.7700,2015_Wang
CycPeptMPDB_ID_1105,pampa,-7.7000,2015_Wang
CycPeptMPDB_ID_1106,caco2,-7.0000,2015_Wang
CycPeptMPDB_ID_1106,pampa,-8.0000,2015_Wang
CycPeptMPDB_ID_1122,pampa,-5.8100,2016_Frost
CycPeptMPDB_ID_1123,pampa,-5.9600,2016_Frost
CycPeptMPDB_ID_1124,pampa,-5.4200,2016_Frost
CycPeptMPDB_ID_1125,pampa,-5.4700,2016_Frost
CycPeptMPDB_ID_1126,pampa,-4.8900,2016_Frost
CycPeptMPDB_ID_1127,pampa,-5.2700,2016_Frost
CycPeptMPDB_ID_1128,pampa,-5.2700,2016_Frost
CycPeptMPDB_ID_1129,pampa,-6.8900,2016_Frost
CycPeptMPDB_ID_1130,pampa,-8.0600,2016_Frost
CycPeptMPDB_ID_1131,pampa,-7.1300,2016_Frost
CycPeptMPDB_ID_1132,pampa,-7.3300,2016_Frost
CycPeptMPDB_ID_1133,pampa,-4.9400,2016_Frost
CycPeptMPDB_ID_1134,pampa,-7.1300,2016_Furukawa
CycPeptMPDB_ID_1135,pampa,-5.3200,2016_Furukawa
CycPeptMPDB_ID_1136,pampa,-5.4500,2016_Furukawa
CycPeptMPDB_ID_1137,pampa,-5.0400,2016_Furukawa
CycPeptMPDB_ID_1138,pampa,-7.2700,2016_Furukawa
CycPeptMPDB_ID_1139,pampa,-5.5500,2016_Furukawa
CycPeptMPDB_ID_1140,pampa,-7.4000,2016_Furukawa
CycPeptMPDB_ID_1141,pampa,-4.9400,2016_Furukawa
CycPeptMPDB_ID_1142,pampa,-5.1600,2016_Furukawa
CycPeptMPDB_ID_1143,pampa,-5.4600,2016_Furukawa
CycPeptMPDB_ID_1144,pampa,-7.3300,2016_Furukawa
CycPeptMPDB_ID_1145,pampa,-8.2800,2016_Furukawa
CycPeptMPDB_ID_1146,pampa,-4.9900,2016_Furukawa
CycPeptMPDB_ID_1147,pampa,-5.4000,2016_Furukawa
CycPeptMPDB_ID_1148,pampa,-5.1700,2016_Furukawa
CycPeptMPDB_ID_1149,pampa,-5.7500,2016_Furukawa
CycPeptMPDB_ID_1150,pampa,-5.1000,2016_Furukawa
CycPeptMPDB_ID_1151,pampa,-6.1400,2016_Furukawa
CycPeptMPDB_ID_1152,pampa,-5.1100,2016_Furukawa
CycPeptMPDB_ID_1153,pampa,-5.1900,2016_Furukawa
CycPeptMPDB_ID_1154,pampa,-6.0000,2016_Furukawa
CycPeptMPDB_ID_1155,pampa,-5.1600,2016_Furukawa
CycPeptMPDB_ID_1156,pampa,-7.0200,2016_Furukawa
CycPeptMPDB_ID_1157,pampa,-5.5400,2016_Furukawa
CycPeptMPDB_ID_1158,caco2,-5.9800,2016_Furukawa
CycPeptMPDB_ID_1158,pampa,-5.5000,2016_Furukawa
CycPeptMPDB_ID_1159,pampa,-5.8700,2016_Furukawa
CycPeptMPDB_ID_1160,pampa,-5.1700,2016_Furukawa
CycPeptMPDB_ID_1161,pampa,-5.3800,2016_Furukawa
CycPeptMPDB_ID_1162,pampa,-5.4700,2016_Furukawa
CycPeptMPDB_ID_1163,pampa,-6.4900,2016_Furukawa
CycPeptMPDB_ID_1164,pampa,-5.7000,2016_Furukawa
CycPeptMPDB_ID_1165,pampa,-6.6000,2016_Furukawa
CycPeptMPDB_ID_1166,pampa,-6.0800,2016_Furukawa
CycPeptMPDB_ID_1167,pampa,-6.5800,2016_Furukawa
CycPeptMPDB_ID_1168,pampa,-5.2300,2016_Furukawa
CycPeptMPDB_ID_1169,pampa,-5.5100,2016_Furukawa
CycPeptMPDB_ID_1170,pampa,-7.0800,2016_Furukawa
CycPeptMPDB_ID_1171,pampa,-6.3200,2016_Furukawa
CycPeptMPDB_ID_1172,pampa,-5.4700,2016_Furukawa
CycPeptMPDB_ID_1173,pampa,-5.8500,2016_Furukawa
CycPeptMPDB_ID_1174,pampa,-6.5600,2016_Furukawa
CycPeptMPDB_ID_1175,pampa,-5.0500,2016_Furukawa
CycPeptMPDB_ID_1176,pampa,-5.1200,2016_Furukawa
CycPeptMPDB_ID_1177,pampa,-4.9300,2016_Furukawa
CycPeptMPDB_ID_1178,pampa,-6.6900,2016_Furukawa
CycPeptMPDB_ID_1179,pampa,-5.1600,2016_Furukawa
CycPeptMPDB_ID_1180,pampa,-6.9400,2016_Furukawa
CycPeptMPDB_ID_1181,pampa,-5.2300,2016_Furukawa
CycPeptMPDB_ID_1182,pampa,-4.9600,2016_Furukawa
CycPeptMPDB_ID_1183,pampa,-5.2200,2016_Furukawa
CycPeptMPDB_ID_1184,pampa,-6.8600,2016_Furukawa
CycPeptMPDB_ID_1185,pampa,-7.9600,2016_Furukawa
CycPeptMPDB_ID_1186,pampa,-5.2000,2016_Furukawa
CycPeptMPDB_ID_1187,pampa,-5.1200,2016_Furukawa
CycPeptMPDB_ID_1188,pampa,-5.7000,2016_Furukawa
CycPeptMPDB_ID_1189,pampa,-5.3400,2016_Furukawa
CycPeptMPDB_ID_1190,pampa,-5.5600,2016_Furukawa
CycPeptMPDB_ID_1191,pampa,-5.6200,2016_Furukawa
CycPeptMPDB_ID_1192,pampa,-5.5700,2016_Furukawa
CycPeptMPDB_ID_1193,pampa,-5.5900,2016_Furukawa
CycPeptMPDB_ID_1194,pampa,-5.5900,2016_Furukawa
CycPeptMPDB_ID_1195,pampa,-5.6300,2016_Furukawa
CycPeptMPDB_ID_1196,pampa,-6.5400,2016_Furukawa
CycPeptMPDB_ID_1197,pampa,-6.2300,2016_Furukawa
CycPeptMPDB_ID_1198,pampa,-5.1900,2016_Furukawa
CycPeptMPDB_ID_1199,pampa,-5.5800,2016_Furukawa
CycPeptMPDB_ID_1200,pampa,-5.3400,2016_Furukawa
CycPeptMPDB_ID_1201,pampa,-6.0400,2016_Furukawa
CycPeptMPDB_ID_1202,pampa,-6.0500,2016_Furukawa
CycPeptMPDB_ID_1203,pampa,-7.2000,2016_Furukawa
CycPeptMPDB_ID_1204,caco2,-5.8900,2016_Furukawa
CycPeptMPDB_ID_1204,pampa,-5.4300,2016_Furukawa
CycPeptMPDB_ID_1205,pampa,-6.2400,2016_Furukawa
CycPeptMPDB_ID_1206,pampa,-6.7400,2016_Furukawa
CycPeptMPDB_ID_1207,pampa,-7.2400,2016_Furukawa
CycPeptMPDB_ID_1208,pampa,-5.3700,2016_Furukawa
CycPeptMPDB_ID_1209,pampa,-5.4300,2016_Furukawa
CycPeptMPDB_ID_1210,pampa,-7.4400,2016_Furukawa
CycPeptMPDB_ID_1211,pampa,-7.2900,2016_Furukawa
CycPeptMPDB_ID_1212,pampa,-5.5300,2016_Furukawa
CycPeptMPDB_ID_1213,pampa,-5.7600,2016_Furukawa
CycPeptMPDB_ID_1214,pampa,-6.0800,2016_Furukawa
CycPeptMPDB_ID_1215,pampa,-4.9000,2016_Furukawa
CycPeptMPDB_ID_1216,caco2,-5.4100,2016_Furukawa
CycPeptMPDB_ID_1216,pampa,-4.9800,2016_Furukawa
CycPeptMPDB_ID_1217,pampa,-4.9600,2016_Furukawa
CycPeptMPDB_ID_1218,pampa,-6.2600,2016_Furukawa
CycPeptMPDB_ID_1219,pampa,-5.0100,2016_Furukawa
CycPeptMPDB_ID_1220,pampa,-6.5400,2016_Furukawa
CycPeptMPDB_ID_1221,pampa,-5.5400,2016_Furukawa
CycPeptMPDB_ID_1222,pampa,-4.9600,2016_Furukawa
CycPeptMPDB_ID_1223,pampa,-5.0500,2016_Furukawa
CycPeptMPDB_ID_1224,pampa,-6.4300,2016_Furukawa
CycPeptMPDB_ID_1225,pampa,-7.6200,2016_Furukawa
CycPeptMPDB_ID_1226,pampa,-5.4400,2016_Furukawa
CycPeptMPDB_ID_1227,pampa,-5.0600,2016_Furukawa
CycPeptMPDB_ID_1228,pampa,-6.2000,2016_Furukawa
CycPeptMPDB_ID_1229,pampa,-5.0700,2016_Furukawa
CycPeptMPDB_ID_1230,pampa,-5.9700,2016_Furukawa
CycPeptMPDB_ID_1231,pampa,-5.2900,2016_Furukawa
CycPeptMPDB_ID_1232,pampa,-6.0200,2016_Furukawa
CycPeptMPDB_ID_1233,pampa,-5.8900,2016_Furukawa
CycPeptMPDB_ID_1234,pampa,-5.3000,2016_Furukawa
CycPeptMPDB_ID_1235,pampa,-6.0600,2016_Furukawa
CycPeptMPDB_ID_1236,pampa,-6.2700,2016_Furukawa
CycPeptMPDB_ID_1237,pampa,-6.8200,2016_Furukawa
CycPeptMPDB_ID_1238,pampa,-5.0700,2016_Furukawa
CycPeptMPDB_ID_1239,pampa,-5.3500,2016_Furukawa
CycPeptMPDB_ID_1240,pampa,-5.6500,2016_Furukawa
CycPeptMPDB_ID_1241,pampa,-6.5700,2016_Furukawa
CycPeptMPDB_ID_1242,pampa,-6.3300,2016_Furukawa
CycPeptMPDB_ID_1243,pampa,-8.5900,2016_Furukawa
CycPeptMPDB_ID_1244,pampa,-5.2200,2016_Furukawa
CycPeptMPDB_ID_1245,pampa,-6.0300,2016_Furukawa
CycPeptMPDB_ID_1246,pampa,-7.7800,2016_Furukawa
CycPeptMPDB_ID_1247,pampa,-8.7100,2016_Furukawa
CycPeptMPDB_ID_1248,pampa,-5.5300,2016_Furukawa
CycPeptMPDB_ID_1249,pampa,-5.5300,2016_Furukawa
CycPeptMPDB_ID_1250,pampa,-8.9500,2016_Furukawa
CycPeptMPDB_ID_1251,pampa,-7.9700,2016_Furukawa
CycPeptMPDB_ID_1252,pampa,-5.6500,2016_Furukawa
CycPeptMPDB_ID_1253,pampa,-5.6900,2016_Furukawa
CycPeptMPDB_ID_1254,pampa,-6.3200,2016_Furukawa
CycPeptMPDB_ID_1255,pampa,-4.8800,2016_Furukawa
CycPeptMPDB_ID_1256,pampa,-4.9700,2016_Furukawa
CycPeptMPDB_ID_1257,pampa,-4.8100,2016_Furukawa
CycPeptMPDB_ID_1258,pampa,-6.4700,2016_Furukawa
CycPeptMPDB_ID_1259,pampa,-5.0500,2016_Furukawa
CycPeptMPDB_ID_1260,pampa,-6.7400,2016_Furukawa
CycPeptMPDB_ID_1261,pampa,-5.2400,2016_Furukawa
CycPeptMPDB_ID_1262,pampa,-4.8800,2016_Furukawa
CycPeptMPDB_ID_1263,pampa,-5.0600,2016_Furukawa
CycPeptMPDB_ID_1264,pampa,-6.6700,2016_Furukawa
CycPeptMPDB_ID_1265,pampa,-7.7200,2016_Furukawa
CycPeptMPDB_ID_1266,pampa,-5.1700,2016_Furukawa
CycPeptMPDB_ID_1267,pampa,-5.0800,2016_Furukawa
CycPeptMPDB_ID_1268,pampa,-5.7600,2016_Furukawa
CycPeptMPDB_ID_1269,pampa,-5.1400,2016_Furukawa
CycPeptMPDB_ID_1270,pampa,-5.4700,2016_Furukawa
CycPeptMPDB_ID_1271,pampa,-5.4800,2016_Furukawa
CycPeptMPDB_ID_1272,pampa,-5.6000,2016_Furukawa
CycPeptMPDB_ID_1273,pampa,-5.5000,2016_Furukawa
CycPeptMPDB_ID_1274,pampa,-5.4300,2016_Furukawa
CycPeptMPDB_ID_1275,pampa,-5.5200,2016_Furukawa
CycPeptMPDB_ID_1276,pampa,-6.4700,2016_Furukawa
CycPeptMPDB_ID_1277,pampa,-6.1100,2016_Furukawa
CycPeptMPDB_ID_1278,pampa,-5.1100,2016_Furukawa
CycPeptMPDB_ID_1279,caco2,-5.8900,2016_Furukawa
CycPeptMPDB_ID_1279,pampa,-5.5100,2016_Furukawa
CycPeptMPDB_ID_1280,pampa,-5.2600,2016_Furukawa
CycPeptMPDB_ID_1281,pampa,-5.8600,2016_Furukawa
CycPeptMPDB_ID_1282,pampa,-5.7500,2016_Furukawa
CycPeptMPDB_ID_1283,pampa,-7.1900,2016_Furukawa
CycPeptMPDB_ID_1284,pampa,-5.3300,2016_Furukawa
CycPeptMPDB_ID_1285,pampa,-6.2300,2016_Furukawa
CycPeptMPDB_ID_1286,pampa,-6.5500,2016_Furukawa
CycPeptMPDB_ID_1287,pampa,-6.9800,2016_Furukawa
CycPeptMPDB_ID_1288,pampa,-5.2800,2016_Furukawa
CycPeptMPDB_ID_1289,pampa,-5.3200,2016_Furukawa
CycPeptMPDB_ID_1290,pampa,-7.0000,2016_Furukawa
CycPeptMPDB_ID_1291,pampa,-6.8000,2016_Furukawa
CycPeptMPDB_ID_1292,pampa,-5.4400,2016_Furukawa
CycPeptMPDB_ID_1293,pampa,-5.8200,2016_Furukawa
CycPeptMPDB_ID_1294,pampa,-8.1200,2016_Furukawa
CycPeptMPDB_ID_1295,pampa,-6.4200,2016_Furukawa
CycPeptMPDB_ID_1296,pampa,-6.4900,2016_Furukawa
CycPeptMPDB_ID_1297,pampa,-5.9200,2016_Furukawa
CycPeptMPDB_ID_1298,pampa,-8.2800,2016_Furukawa
CycPeptMPDB_ID_1299,pampa,-6.6400,2016_Furukawa
CycPeptMPDB_ID_1300,pampa,-7.4800,2016_Furukawa
CycPeptMPDB_ID_1301,pampa,-5.2700,2016_Furukawa
CycPeptMPDB_ID_1302,pampa,-5.8600,2016_Furukawa
CycPeptMPDB_ID_1303,pampa,-6.2100,2016_Furukawa
CycPeptMPDB_ID_1304,pampa,-8.2000,2016_Furukawa
CycPeptMPDB_ID_1305,pampa,-9.0000,2016_Furukawa
CycPeptMPDB_ID_1306,pampa,-5.4000,2016_Furukawa
CycPeptMPDB_ID_1307,pampa,-6.3800,2016_Furukawa
CycPeptMPDB_ID_1308,pampa,-5.1800,2016_Furukawa
CycPeptMPDB_ID_1309,pampa,-6.8700,2016_Furukawa
CycPeptMPDB_ID_1310,pampa,-5.2800,2016_Furukawa
CycPeptMPDB_ID_1311,pampa,-6.5800,2016_Furukawa
CycPeptMPDB_ID_1312,pampa,-5.3100,2016_Furukawa
CycPeptMPDB_ID_1313,pampa,-5.6000,2016_Furukawa
CycPeptMPDB_ID_1314,pampa,-7.0400,2016_Furukawa
CycPeptMPDB_ID_1315,pampa,-5.4200,2016_Furukawa
CycPeptMPDB_ID_1316,pampa,-7.7700,2016_Furukawa
CycPeptMPDB_ID_1317,pampa,-5.3200,2016_Furukawa
CycPeptMPDB_ID_1318,pampa,-6.4500,2016_Furukawa
CycPeptMPDB_ID_1319,pampa,-6.6500,2016_Furukawa
CycPeptMPDB_ID_1320,caco2,-6.1100,2016_Furukawa
CycPeptMPDB_ID_1320,pampa,-5.7300,2016_Furukawa
CycPeptMPDB_ID_1321,pampa,-5.4900,2016_Furukawa
CycPeptMPDB_ID_1322,pampa,-5.7600,2016_Furukawa
CycPeptMPDB_ID_1323,pampa,-5.7900,2016_Furukawa
CycPeptMPDB_ID_1324,pampa,-6.6300,2016_Furukawa
CycPeptMPDB_ID_1325,pampa,-7.3500,2016_Furukawa
CycPeptMPDB_ID_1326,pampa,-5.9200,2016_Furukawa
CycPeptMPDB_ID_1327,pampa,-6.4200,2016_Furukawa
CycPeptMPDB_ID_1328,pampa,-5.8400,2016_Furukawa
CycPeptMPDB_ID_1329,pampa,-6.0200,2016_Furukawa
CycPeptMPDB_ID_1330,pampa,-6.3700,2016_Furukawa
CycPeptMPDB_ID_1331,pampa,-6.5000,2016_Furukawa
CycPeptMPDB_ID_1332,pampa,-6.0500,2016_Furukawa
CycPeptMPDB_ID_1333,pampa,-6.4700,2016_Furukawa
CycPeptMPDB_ID_1334,pampa,-5.2500,2016_Furukawa
CycPeptMPDB_ID_1335,pampa,-5.2700,2016_Furukawa
CycPeptMPDB_ID_1336,pampa,-5.4800,2016_Furukawa
CycPeptMPDB_ID_1337,pampa,-6.0100,2016_Furukawa
CycPeptMPDB_ID_1338,pampa,-5.3900,2016_Furukawa
CycPeptMPDB_ID_1339,pampa,-5.3400,2016_Furukawa
CycPeptMPDB_ID_1340,pampa,-5.6500,2016_Furukawa
CycPeptMPDB_ID_1341,pampa,-7.3900,2016_Furukawa
CycPeptMPDB_ID_1342,pampa,-6.0000,2016_Furukawa
CycPeptMPDB_ID_1343,pampa,-6.3000,2016_Furukawa
CycPeptMPDB_ID_1344,pampa,-5.5600,2016_Furukawa
CycPeptMPDB_ID_1345,pampa,-6.4400,2016_Furukawa
CycPeptMPDB_ID_1346,pampa,-6.6300,2016_Furukawa
CycPeptMPDB_ID_1347,pampa,-5.9400,2016_Furukawa
CycPeptMPDB_ID_1348,pampa,-7.1000,2016_Furukawa
CycPeptMPDB_ID_1349,pampa,-5.2200,2016_Furukawa
CycPeptMPDB_ID_1350,pampa,-8.0400,2016_Furukawa
CycPeptMPDB_ID_1351,pampa,-5.3600,2016_Furukawa
CycPeptMPDB_ID_1352,pampa,-7.9700,2016_Furukawa
CycPeptMPDB_ID_1353,pampa,-7.5600,2016_Furukawa
CycPeptMPDB_ID_1354,pampa,-5.5200,2016_Furukawa
CycPeptMPDB_ID_1355,pampa,-8.1100,2016_Furukawa
CycPeptMPDB_ID_1356,caco2,-6.1700,2016_Furukawa
CycPeptMPDB_ID_1356,pampa,-5.6800,2016_Furukawa
CycPeptMPDB_ID_1357,pampa,-8.6100,2016_Furukawa
CycPeptMPDB_ID_1358,pampa,-6.0000,2016_Furukawa
CycPeptMPDB_ID_1359,pampa,-6.1200,2016_Furukawa
CycPeptMPDB_ID_1360,pampa,-7.8200,2016_Furukawa
CycPeptMPDB_ID_1361,pampa,-8.4700,2016_Furukawa
CycPeptMPDB_ID_1362,pampa,-8.3600,2016_Furukawa
CycPeptMPDB_ID_1364,pampa,-6.1100,2016_Furukawa
CycPeptMPDB_ID_1365,pampa,-5.7800,2016_Furukawa
CycPeptMPDB_ID_1366,pampa,-9.4600,2016_Furukawa
CycPeptMPDB_ID_1368,pampa,-7.8200,2016_Furukawa
CycPeptMPDB_ID_1369,pampa,-8.4500,2016_Furukawa
CycPeptMPDB_ID_1371,pampa,-9.4100,2016_Furukawa
CycPeptMPDB_ID_1372,pampa,-7.9900,2016_Furukawa
CycPeptMPDB_ID_1373,pampa,-7.1100,2016_Furukawa
CycPeptMPDB_ID_1374,pampa,-5.1900,2016_Furukawa
CycPeptMPDB_ID_1375,pampa,-5.6000,2016_Furukawa
CycPeptMPDB_ID_1376,pampa,-5.7700,2016_Furukawa
CycPeptMPDB_ID_1377,pampa,-6.2400,2016_Furukawa
CycPeptMPDB_ID_1378,pampa,-5.3000,2016_Furukawa
CycPeptMPDB_ID_1379,pampa,-5.7500,2016_Furukawa
CycPeptMPDB_ID_1380,pampa,-5.5700,2016_Furukawa
CycPeptMPDB_ID_1381,pampa,-6.7100,2016_Furukawa
CycPeptMPDB_ID_1382,pampa,-6.1200,2016_Furukawa
CycPeptMPDB_ID_1383,pampa,-6.2600,2016_Furukawa
CycPeptMPDB_ID_1384,pampa,-5.6200,2016_Furukawa
CycPeptMPDB_ID_1385,pampa,-6.2200,2016_Furukawa
CycPeptMPDB_ID_1386,pampa,-7.5300,2016_Furukawa
CycPeptMPDB_ID_1387,pampa,-6.3000,2016_Furukawa
CycPeptMPDB_ID_1388,pampa,-8.1500,2016_Furukawa
CycPeptMPDB_ID_1389,pampa,-5.3600,2016_Furukawa
CycPeptMPDB_ID_1390,pampa,-8.5100,2016_Furukawa
CycPeptMPDB_ID_1391,pampa,-5.6800,2016_Furukawa
CycPeptMPDB_ID_1393,pampa,-7.3900,2016_Furukawa
CycPeptMPDB_ID_1394,pampa,-5.8300,2016_Furukawa
CycPeptMPDB_ID_1395,pampa,-8.4500,2016_Furukawa
CycPeptMPDB_ID_1396,pampa,-5.9000,2016_Furukawa
CycPeptMPDB_ID_1397,pampa,-8.5300,2016_Furukawa
CycPeptMPDB_ID_1398,pampa,-5.8300,2016_Furukawa
CycPeptMPDB_ID_1399,pampa,-6.4000,2016_Furukawa
CycPeptMPDB_ID_1400,pampa,-7.7400,2016_Furukawa
CycPeptMPDB_ID_1401,pampa,-8.5100,2016_Furukawa
CycPeptMPDB_ID_1402,pampa,-8.5600,2016_Furukawa
CycPeptMPDB_ID_1403,pampa,-8.1100,2016_Furukawa
CycPeptMPDB_ID_1404,pampa,-6.3200,2016_Furukawa
CycPeptMPDB_ID_1405,pampa,-6.1200,2016_Furukawa
CycPeptMPDB_ID_1406,pampa,-8.9500,2016_Furukawa
CycPeptMPDB_ID_1407,pampa,-8.8400,2016_Furukawa
CycPeptMPDB_ID_1408,pampa,-7.6100,2016_Furukawa
CycPeptMPDB_ID_1409,pampa,-7.6200,2016_Furukawa
CycPeptMPDB_ID_1410,pampa,-9.2700,2016_Furukawa
CycPeptMPDB_ID_1411,pampa,-7.9500,2016_Furukawa
CycPeptMPDB_ID_1412,pampa,-8.0000,2016_Furukawa
CycPeptMPDB_ID_1413,pampa,-7.2800,2016_Furukawa
CycPeptMPDB_ID_1414,pampa,-5.9300,2016_Furukawa
CycPeptMPDB_ID_1415,pampa,-4.8600,2016_Furukawa
CycPeptMPDB_ID_1416,pampa,-5.1100,2016_Furukawa
CycPeptMPDB_ID_1417,pampa,-5.2500,2016_Furukawa
CycPeptMPDB_ID_1418,pampa,-6.1000,2016_Furukawa
CycPeptMPDB_ID_1419,pampa,-5.0400,2016_Furukawa
CycPeptMPDB_ID_1420,pampa,-6.2700,2016_Furukawa
CycPeptMPDB_ID_1421,pampa,-6.5600,2016_Furukawa
CycPeptMPDB_ID_1422,pampa,-5.2700,2016_Furukawa
CycPeptMPDB_ID_1423,pampa,-5.5600,2016_Furukawa
CycPeptMPDB_ID_1424,pampa,-6.2300,2016_Furukawa
CycPeptMPDB_ID_1425,pampa,-7.0400,2016_Furukawa
CycPeptMPDB_ID_1426,pampa,-6.6700,2016_Furukawa
CycPeptMPDB_ID_1427,pampa,-5.3600,2016_Furukawa
CycPeptMPDB_ID_1428,pampa,-7.5000,2016_Furukawa
CycPeptMPDB_ID_1429,pampa,-5.0200,2016_Furukawa
CycPeptMPDB_ID_1430,pampa,-7.4100,2016_Furukawa
CycPeptMPDB_ID_1431,pampa,-5.3000,2016_Furukawa
CycPeptMPDB_ID_1432,pampa,-7.4400,2016_Furukawa
CycPeptMPDB_ID_1433,pampa,-7.0600,2016_Furukawa
CycPeptMPDB_ID_1434,pampa,-5.4400,2016_Furukawa
CycPeptMPDB_ID_1435,pampa,-7.5100,2016_Furukawa
CycPeptMPDB_ID_1436,pampa,-5.9900,2016_Furukawa
CycPeptMPDB_ID_1437,pampa,-7.5400,2016_Furukawa
CycPeptMPDB_ID_1438,pampa,-5.4600,2016_Furukawa
CycPeptMPDB_ID_1439,pampa,-5.8000,2016_Furukawa
CycPeptMPDB_ID_1440,pampa,-7.1300,2016_Furukawa
CycPeptMPDB_ID_1441,pampa,-8.0100,2016_Furukawa
CycPeptMPDB_ID_1442,pampa,-7.7600,2016_Furukawa
CycPeptMPDB_ID_1443,pampa,-8.8900,2016_Furukawa
CycPeptMPDB_ID_1444,pampa,-5.7300,2016_Furukawa
CycPeptMPDB_ID_1445,pampa,-5.8600,2016_Furukawa
CycPeptMPDB_ID_1446,pampa,-8.5300,2016_Furukawa
CycPeptMPDB_ID_1447,pampa,-9.1200,2016_Furukawa
CycPeptMPDB_ID_1448,pampa,-7.1600,2016_Furukawa
CycPeptMPDB_ID_1449,pampa,-7.4200,2016_Furukawa
CycPeptMPDB_ID_1450,pampa,-9.2900,2016_Furukawa
CycPeptMPDB_ID_1451,pampa,-8.8800,2016_Furukawa
CycPeptMPDB_ID_1452,pampa,-7.6000,2016_Furukawa
CycPeptMPDB_ID_1453,pampa,-6.5000,2016_Furukawa
CycPeptMPDB_ID_1454,caco2,-6.1500,2016_Furukawa
CycPeptMPDB_ID_1454,pampa,-5.5200,2016_Furukawa
CycPeptMPDB_ID_1455,pampa,-5.0000,2016_Furukawa
CycPeptMPDB_ID_1456,pampa,-5.1000,2016_Furukawa
CycPeptMPDB_ID_1457,pampa,-5.3900,2016_Furukawa
CycPeptMPDB_ID_1458,pampa,-5.6600,2016_Furukawa
CycPeptMPDB_ID_1459,pampa,-5.1100,2016_Furukawa
CycPeptMPDB_ID_1460,pampa,-5.8400,2016_Furukawa
CycPeptMPDB_ID_1461,pampa,-6.5800,2016_Furukawa
CycPeptMPDB_ID_1462,pampa,-5.3200,2016_Furukawa
CycPeptMPDB_ID_1463,pampa,-5.5800,2016_Furukawa
CycPeptMPDB_ID_1464,pampa,-5.7900,2016_Furukawa
CycPeptMPDB_ID_1465,pampa,-6.5900,2016_Furukawa
CycPeptMPDB_ID_1466,pampa,-6.4900,2016_Furukawa
CycPeptMPDB_ID_1467,pampa,-5.3800,2016_Furukawa
CycPeptMPDB_ID_1468,pampa,-6.9300,2016_Furukawa
CycPeptMPDB_ID_1469,pampa,-5.0500,2016_Furukawa
CycPeptMPDB_ID_1470,pampa,-6.9900,2016_Furukawa
CycPeptMPDB_ID_1471,pampa,-5.1600,2016_Furukawa
CycPeptMPDB_ID_1472,pampa,-6.9700,2016_Furukawa
CycPeptMPDB_ID_1473,pampa,-6.6400,2016_Furukawa
CycPeptMPDB_ID_1474,pampa,-5.3300,2016_Furukawa
CycPeptMPDB_ID_1475,pampa,-6.9700,2016_Furukawa
CycPeptMPDB_ID_1476,pampa,-5.7100,2016_Furukawa
CycPeptMPDB_ID_1477,pampa,-7.3500,2016_Furukawa
CycPeptMPDB_ID_1478,pampa,-5.4500,2016_Furukawa
CycPeptMPDB_ID_1479,pampa,-5.5700,2016_Furukawa
CycPeptMPDB_ID_1480,pampa,-6.9000,2016_Furukawa
CycPeptMPDB_ID_1481,pampa,-7.3400,2016_Furukawa
CycPeptMPDB_ID_1482,pampa,-7.1400,2016_Furukawa
CycPeptMPDB_ID_1483,pampa,-7.9600,2016_Furukawa
CycPeptMPDB_ID_1484,pampa,-5.6400,2016_Furukawa
CycPeptMPDB_ID_1485,pampa,-5.7100,2016_Furukawa
CycPeptMPDB_ID_1486,pampa,-7.8800,2016_Furukawa
CycPeptMPDB_ID_1488,pampa,-6.6400,2016_Furukawa
CycPeptMPDB_ID_1489,pampa,-6.9300,2016_Furukawa
CycPeptMPDB_ID_1491,pampa,-8.2700,2016_Furukawa
CycPeptMPDB_ID_1492,pampa,-6.8500,2016_Furukawa
CycPeptMPDB_ID_1493,pampa,-6.3600,2016_Furukawa
CycPeptMPDB_ID_1494,pampa,-6.5100,2016_Furukawa
CycPeptMPDB_ID_1495,pampa,-5.0800,2016_Furukawa
CycPeptMPDB_ID_1496,pampa,-5.2600,2016_Furukawa
CycPeptMPDB_ID_1497,pampa,-4.9800,2016_Furukawa
CycPeptMPDB_ID_1498,pampa,-6.6700,2016_Furukawa
CycPeptMPDB_ID_1499,pampa,-5.2300,2016_Furukawa
CycPeptMPDB_ID_1500,pampa,-6.7700,2016_Furukawa
CycPeptMPDB_ID_1501,pampa,-5.5900,2016_Furukawa
CycPeptMPDB_ID_1502,pampa,-5.0800,2016_Furukawa
CycPeptMPDB_ID_1503,pampa,-5.3800,2016_Furukawa
CycPeptMPDB_ID_1504,pampa,-6.6600,2016_Furukawa
CycPeptMPDB_ID_1505,pampa,-7.4500,2016_Furukawa
CycPeptMPDB_ID_1506,pampa,-5.6600,2016_Furukawa
CycPeptMPDB_ID_1507,pampa,-5.2600,2016_Furukawa
CycPeptMPDB_ID_1508,pampa,-6.3100,2016_Furukawa
CycPeptMPDB_ID_1509,pampa,-5.3800,2016_Furukawa
CycPeptMPDB_ID_1510,pampa,-6.9000,2016_Furukawa
CycPeptMPDB_ID_1511,caco2,-6.0200,2016_Furukawa
CycPeptMPDB_ID_1511,pampa,-5.5900,2016_Furukawa
CycPeptMPDB_ID_1512,pampa,-6.2400,2016_Furukawa
CycPeptMPDB_ID_1513,pampa,-6.2300,2016_Furukawa
CycPeptMPDB_ID_1514,pampa,-5.7400,2016_Furukawa
CycPeptMPDB_ID_1515,pampa,-6.4600,2016_Furukawa
CycPeptMPDB_ID_1516,pampa,-6.3000,2016_Furukawa
CycPeptMPDB_ID_1517,pampa,-6.9500,2016_Furukawa
CycPeptMPDB_ID_1518,pampa,-5.4000,2016_Furukawa
CycPeptMPDB_ID_1519,pampa,-5.6900,2016_Furukawa
CycPeptMPDB_ID_1520,pampa,-6.1700,2016_Furukawa
CycPeptMPDB_ID_1522,pampa,-6.7900,2016_Furukawa
CycPeptMPDB_ID_1523,pampa,-7.8000,2016_Furukawa
CycPeptMPDB_ID_1524,pampa,-5.6800,2016_Furukawa
CycPeptMPDB_ID_1525,pampa,-6.0100,2016_Furukawa
CycPeptMPDB_ID_1526,pampa,-7.3400,2016_Furukawa
CycPeptMPDB_ID_1527,pampa,-7.8300,2016_Furukawa
CycPeptMPDB_ID_1528,pampa,-6.2900,2016_Furukawa
CycPeptMPDB_ID_1529,pampa,-6.4100,2016_Furukawa
CycPeptMPDB_ID_1530,pampa,-7.8000,2016_Furukawa
CycPeptMPDB_ID_1531,pampa,-7.6800,2016_Furukawa
CycPeptMPDB_ID_1532,pampa,-6.5800,2016_Furukawa
CycPeptMPDB_ID_1533,pampa,-6.0600,2016_Furukawa
CycPeptMPDB_ID_1534,pampa,-5.5400,2016_Furukawa
CycPeptMPDB_ID_1535,pampa,-5.1500,2016_Furukawa
CycPeptMPDB_ID_1536,pampa,-7.1700,2016_Furukawa
CycPeptMPDB_ID_1537,pampa,-4.9900,2016_Furukawa
CycPeptMPDB_ID_1538,pampa,-4.8900,2016_Furukawa
CycPeptMPDB_ID_1539,pampa,-4.8300,2016_Furukawa
CycPeptMPDB_ID_1540,pampa,-6.6100,2016_Furukawa
CycPeptMPDB_ID_1541,pampa,-5.0700,2016_Furukawa
CycPeptMPDB_ID_1542,pampa,-5.4700,2016_Furukawa
CycPeptMPDB_ID_1543,pampa,-4.8900,2016_Furukawa
CycPeptMPDB_ID_1544,pampa,-4.9300,2016_Furukawa
CycPeptMPDB_ID_1545,pampa,-5.9300,2016_Furukawa
CycPeptMPDB_ID_1546,pampa,-5.0800,2016_Furukawa
CycPeptMPDB_ID_1547,pampa,-5.3900,2016_Furukawa
CycPeptMPDB_ID_1548,pampa,-5.0700,2016_Furukawa
CycPeptMPDB_ID_1549,pampa,-6.0600,2016_Furukawa
CycPeptMPDB_ID_1550,pampa,-6.6500,2016_Furukawa
CycPeptMPDB_ID_1551,pampa,-5.0300,2016_Furukawa
CycPeptMPDB_ID_1552,pampa,-6.7600,2016_Furukawa
CycPeptMPDB_ID_1553,pampa,-6.3900,2016_Furukawa
CycPeptMPDB_ID_1554,pampa,-8.0000,2016_Furukawa
CycPeptMPDB_ID_1555,pampa,-6.1100,2016_Furukawa
CycPeptMPDB_ID_1556,pampa,-5.2300,2016_Furukawa
CycPeptMPDB_ID_1557,pampa,-5.7000,2016_Furukawa
CycPeptMPDB_ID_1558,pampa,-7.5700,2016_Furukawa
CycPeptMPDB_ID_1559,pampa,-5.0000,2016_Furukawa
CycPeptMPDB_ID_1560,pampa,-6.3700,2016_Furukawa
CycPeptMPDB_ID_1561,pampa,-5.5000,2016_Furukawa
CycPeptMPDB_ID_1562,pampa,-5.1900,2016_Furukawa
CycPeptMPDB_ID_1563,pampa,-6.5400,2016_Furukawa
CycPeptMPDB_ID_1564,pampa,-4.9200,2016_Furukawa
CycPeptMPDB_ID_1565,pampa,-4.8700,2016_Furukawa
CycPeptMPDB_ID_1566,pampa,-6.0400,2016_Furukawa
CycPeptMPDB_ID_1567,pampa,-5.0900,2016_Furukawa
CycPeptMPDB_ID_1568,pampa,-5.4100,2016_Furukawa
CycPeptMPDB_ID_1569,pampa,-5.3400,2016_Furukawa
CycPeptMPDB_ID_1570,pampa,-5.4000,2016_Furukawa
CycPeptMPDB_ID_1571,pampa,-5.0500,2016_Furukawa
CycPeptMPDB_ID_1572,pampa,-6.7600,2016_Furukawa
CycPeptMPDB_ID_1573,pampa,-4.9700,2016_Furukawa
CycPeptMPDB_ID_1574,pampa,-5.0400,2016_Furukawa
CycPeptMPDB_ID_1575,pampa,-4.8800,2016_Furukawa
CycPeptMPDB_ID_1576,pampa,-6.1900,2016_Furukawa
CycPeptMPDB_ID_1577,pampa,-5.3700,2016_Furukawa
CycPeptMPDB_ID_1578,pampa,-5.1800,2016_Furukawa
CycPeptMPDB_ID_1579,pampa,-4.9100,2016_Furukawa
CycPeptMPDB_ID_1580,pampa,-5.1200,2016_Furukawa
CycPeptMPDB_ID_1581,pampa,-5.5400,2016_Furukawa
CycPeptMPDB_ID_1582,pampa,-5.4800,2016_Furukawa
CycPeptMPDB_ID_1583,pampa,-5.8600,2016_Furukawa
CycPeptMPDB_ID_1584,pampa,-5.0000,2016_Furukawa
CycPeptMPDB_ID_1585,pampa,-6.6700,2016_Furukawa
CycPeptMPDB_ID_1586,pampa,-7.3100,2016_Furukawa
CycPeptMPDB_ID_1587,pampa,-5.1900,2016_Furukawa
CycPeptMPDB_ID_1588,pampa,-6.5200,2016_Furukawa
CycPeptMPDB_ID_1589,pampa,-6.1100,2016_Furukawa
CycPeptMPDB_ID_1590,pampa,-7.6200,2016_Furukawa
CycPeptMPDB_ID_1591,pampa,-5.8400,2016_Furukawa
CycPeptMPDB_ID_1592,pampa,-5.1300,2016_Furukawa
CycPeptMPDB_ID_1593,pampa,-5.4900,2016_Furukawa
CycPeptMPDB_ID_1594,pampa,-7.0000,2016_Furukawa
CycPeptMPDB_ID_1595,pampa,-4.9600,2016_Furukawa
CycPeptMPDB_ID_1596,pampa,-5.9500,2016_Furukawa
CycPeptMPDB_ID_1597,pampa,-5.3200,2016_Furukawa
CycPeptMPDB_ID_1598,pampa,-5.1000,2016_Furukawa
CycPeptMPDB_ID_1599,pampa,-6.3400,2016_Furukawa
CycPeptMPDB_ID_1600,pampa,-4.9500,2016_Furukawa
CycPeptMPDB_ID_1601,pampa,-5.0300,2016_Furukawa
CycPeptMPDB_ID_1602,pampa,-5.4400,2016_Furukawa
CycPeptMPDB_ID_1603,pampa,-5.2400,2016_Furukawa
CycPeptMPDB_ID_1604,pampa,-5.7100,2016_Furukawa
CycPeptMPDB_ID_1605,pampa,-5.1000,2016_Furukawa
CycPeptMPDB_ID_1606,pampa,-5.7600,2016_Furukawa
CycPeptMPDB_ID_1607,pampa,-5.3200,2016_Furukawa
CycPeptMPDB_ID_1608,pampa,-7.5600,2016_Furukawa
CycPeptMPDB_ID_1609,pampa,-5.2300,2016_Furukawa
CycPeptMPDB_ID_1610,pampa,-5.2200,2016_Furukawa
CycPeptMPDB_ID_1611,pampa,-4.9700,2016_Furukawa
CycPeptMPDB_ID_1612,pampa,-7.0400,2016_Furukawa
CycPeptMPDB_ID_1613,pampa,-5.1000,2016_Furukawa
CycPeptMPDB_ID_1614,pampa,-6.7300,2016_Furukawa
CycPeptMPDB_ID_1615,pampa,-5.1400,2016_Furukawa
CycPeptMPDB_ID_1616,pampa,-5.0900,2016_Furukawa
CycPeptMPDB_ID_1617,pampa,-6.5400,2016_Furukawa
CycPeptMPDB_ID_1618,pampa,-5.0900,2016_Furukawa
CycPeptMPDB_ID_1619,pampa,-5.1000,2016_Furukawa
CycPeptMPDB_ID_1620,pampa,-6.2700,2016_Furukawa
CycPeptMPDB_ID_1621,pampa,-5.5000,2016_Furukawa
CycPeptMPDB_ID_1622,pampa,-5.9500,2016_Furukawa
CycPeptMPDB_ID_1623,pampa,-6.1700,2016_Furukawa
CycPeptMPDB_ID_1624,pampa,-6.4800,2016_Furukawa
CycPeptMPDB_ID_1625,pampa,-6.4800,2016_Furukawa
CycPeptMPDB_ID_1626,pampa,-8.8800,2016_Furukawa
CycPeptMPDB_ID_1627,pampa,-6.4500,2016_Furukawa
CycPeptMPDB_ID_1628,pampa,-5.5300,2016_Furukawa
CycPeptMPDB_ID_1629,pampa,-5.9600,2016_Furukawa
CycPeptMPDB_ID_1630,pampa,-7.9200,2016_Furukawa
CycPeptMPDB_ID_1631,pampa,-5.2800,2016_Furukawa
CycPeptMPDB_ID_1632,pampa,-7.2400,2016_Furukawa
CycPeptMPDB_ID_1633,pampa,-5.6800,2016_Furukawa
CycPeptMPDB_ID_1634,pampa,-5.3900,2016_Furukawa
CycPeptMPDB_ID_1635,pampa,-7.0300,2016_Furukawa
CycPeptMPDB_ID_1636,pampa,-5.2900,2016_Furukawa
CycPeptMPDB_ID_1637,pampa,-5.1400,2016_Furukawa
CycPeptMPDB_ID_1638,pampa,-6.8500,2016_Furukawa
CycPeptMPDB_ID_1639,pampa,-5.3900,2016_Furukawa
CycPeptMPDB_ID_1640,pampa,-5.6400,2016_Furukawa
CycPeptMPDB_ID_1641,pampa,-6.1700,2016_Furukawa
CycPeptMPDB_ID_1642,pampa,-6.4300,2016_Furukawa
CycPeptMPDB_ID_1643,pampa,-5.9800,2016_Furukawa
CycPeptMPDB_ID_1644,pampa,-7.9200,2016_Furukawa
CycPeptMPDB_ID_1645,pampa,-5.7900,2016_Furukawa
CycPeptMPDB_ID_1646,pampa,-5.3400,2016_Furukawa
CycPeptMPDB_ID_1647,pampa,-5.4700,2016_Furukawa
CycPeptMPDB_ID_1648,pampa,-7.3300,2016_Furukawa
CycPeptMPDB_ID_1649,pampa,-5.1600,2016_Furukawa
CycPeptMPDB_ID_1650,pampa,-6.9200,2016_Furukawa
CycPeptMPDB_ID_1651,pampa,-5.4500,2016_Furukawa
CycPeptMPDB_ID_1652,pampa,-5.3100,2016_Furukawa
CycPeptMPDB_ID_1653,pampa,-6.6600,2016_Furukawa
CycPeptMPDB_ID_1654,pampa,-5.1600,2016_Furukawa
CycPeptMPDB_ID_1655,pampa,-5.1500,2016_Furukawa
CycPeptMPDB_ID_1656,pampa,-6.5200,2016_Furukawa
CycPeptMPDB_ID_1657,pampa,-5.4500,2016_Furukawa
CycPeptMPDB_ID_1658,pampa,-5.8000,2016_Furukawa
CycPeptMPDB_ID_1659,pampa,-6.2700,2016_Furukawa
CycPeptMPDB_ID_1660,pampa,-6.8400,2016_Furukawa
CycPeptMPDB_ID_1661,pampa,-6.6500,2016_Furukawa
CycPeptMPDB_ID_1662,pampa,-8.8000,2016_Furukawa
CycPeptMPDB_ID_1663,pampa,-5.9700,2016_Furukawa
CycPeptMPDB_ID_1664,pampa,-5.4100,2016_Furukawa
CycPeptMPDB_ID_1665,pampa,-5.8600,2016_Furukawa
CycPeptMPDB_ID_1666,pampa,-7.8400,2016_Furukawa
CycPeptMPDB_ID_1667,pampa,-5.3000,2016_Furukawa
CycPeptMPDB_ID_1668,pampa,-6.9900,2016_Furukawa
CycPeptMPDB_ID_1669,pampa,-5.6700,2016_Furukawa
CycPeptMPDB_ID_1670,pampa,-5.5600,2016_Furukawa
CycPeptMPDB_ID_1671,pampa,-7.2300,2016_Furukawa
CycPeptMPDB_ID_1672,pampa,-5.1900,2016_Furukawa
CycPeptMPDB_ID_1673,pampa,-5.2200,2016_Furukawa
CycPeptMPDB_ID_1674,pampa,-6.3300,2016_Furukawa
CycPeptMPDB_ID_1675,pampa,-5.4300,2016_Furukawa
CycPeptMPDB_ID_1676,pampa,-5.6200,2016_Furukawa
CycPeptMPDB_ID_1677,pampa,-5.9000,2016_Furukawa
CycPeptMPDB_ID_1678,pampa,-5.3000,2016_Furukawa
CycPeptMPDB_ID_1679,pampa,-5.0100,2016_Furukawa
CycPeptMPDB_ID_1680,pampa,-6.9300,2016_Furukawa
CycPeptMPDB_ID_1681,pampa,-4.9100,2016_Furukawa
CycPeptMPDB_ID_1682,pampa,-4.8500,2016_Furukawa
CycPeptMPDB_ID_1683,pampa,-4.8300,2016_Furukawa
CycPeptMPDB_ID_1684,pampa,-6.2700,2016_Furukawa
CycPeptMPDB_ID_1685,pampa,-5.0100,2016_Furukawa
CycPeptMPDB_ID_1686,pampa,-5.4600,2016_Furukawa
CycPeptMPDB_ID_1687,pampa,-4.8400,2016_Furukawa
CycPeptMPDB_ID_1688,pampa,-4.9900,2016_Furukawa
CycPeptMPDB_ID_1689,pampa,-5.5400,2016_Furukawa
CycPeptMPDB_ID_1690,pampa,-5.0800,2016_Furukawa
CycPeptMPDB_ID_1691,pampa,-5.3500,2016_Furukawa
CycPeptMPDB_ID_1692,pampa,-5.0800,2016_Furukawa
CycPeptMPDB_ID_1693,pampa,-5.8100,2016_Furukawa
CycPeptMPDB_ID_1694,pampa,-6.3700,2016_Furukawa
CycPeptMPDB_ID_1695,pampa,-5.0000,2016_Furukawa
CycPeptMPDB_ID_1696,pampa,-6.2500,2016_Furukawa
CycPeptMPDB_ID_1697,pampa,-5.9000,2016_Furukawa
CycPeptMPDB_ID_1698,pampa,-7.4800,2016_Furukawa
CycPeptMPDB_ID_1699,pampa,-5.5800,2016_Furukawa
CycPeptMPDB_ID_1700,pampa,-5.0500,2016_Furukawa
CycPeptMPDB_ID_1701,pampa,-5.2900,2016_Furukawa
CycPeptMPDB_ID_1702,pampa,-6.8100,2016_Furukawa
CycPeptMPDB_ID_1703,pampa,-4.9600,2016_Furukawa
CycPeptMPDB_ID_1704,pampa,-6.0400,2016_Furukawa
CycPeptMPDB_ID_1705,pampa,-5.0700,2016_Furukawa
CycPeptMPDB_ID_1706,pampa,-5.0100,2016_Furukawa
CycPeptMPDB_ID_1707,pampa,-5.8900,2016_Furukawa
CycPeptMPDB_ID_1708,pampa,-4.9400,2016_Furukawa
CycPeptMPDB_ID_1709,pampa,-5.0200,2016_Furukawa
CycPeptMPDB_ID_1710,pampa,-5.5600,2016_Furukawa
CycPeptMPDB_ID_1711,pampa,-5.2600,2016_Furukawa
CycPeptMPDB_ID_1712,pampa,-5.6100,2016_Furukawa
CycPeptMPDB_ID_1713,pampa,-5.1500,2016_Furukawa
CycPeptMPDB_ID_1714,pampa,-5.1300,2016_Furukawa
CycPeptMPDB_ID_1715,pampa,-4.9100,2016_Furukawa
CycPeptMPDB_ID_1716,pampa,-6.6000,2016_Furukawa
CycPeptMPDB_ID_1717,pampa,-4.8500,2016_Furukawa
CycPeptMPDB_ID_1718,pampa,-5.1100,2016_Furukawa
CycPeptMPDB_ID_1719,pampa,-4.8600,2016_Furukawa
CycPeptMPDB_ID_1720,pampa,-5.9500,2016_Furukawa
CycPeptMPDB_ID_1721,pampa,-5.4300,2016_Furukawa
CycPeptMPDB_ID_1722,pampa,-5.1700,2016_Furukawa
CycPeptMPDB_ID_1723,pampa,-4.9800,2016_Furukawa
CycPeptMPDB_ID_1724,pampa,-5.1700,2016_Furukawa
CycPeptMPDB_ID_1725,pampa,-5.4700,2016_Furukawa
CycPeptMPDB_ID_1726,pampa,-5.5800,2016_Furukawa
CycPeptMPDB_ID_1727,pampa,-5.7700,2016_Furukawa
CycPeptMPDB_ID_1728,pampa,-5.0300,2016_Furukawa
CycPeptMPDB_ID_1729,pampa,-8.2600,2016_Furukawa
CycPeptMPDB_ID_1730,pampa,-7.1700,2016_Furukawa
CycPeptMPDB_ID_1731,pampa,-5.4800,2016_Furukawa
CycPeptMPDB_ID_1732,pampa,-5.9900,2016_Furukawa
CycPeptMPDB_ID_1733,pampa,-5.5800,2016_Furukawa
CycPeptMPDB_ID_1734,pampa,-7.3900,2016_Furukawa
CycPeptMPDB_ID_1735,pampa,-5.2600,2016_Furukawa
CycPeptMPDB_ID_1736,pampa,-4.8100,2016_Furukawa
CycPeptMPDB_ID_1737,pampa,-5.0200,2016_Furukawa
CycPeptMPDB_ID_1738,pampa,-6.7500,2016_Furukawa
CycPeptMPDB_ID_1739,pampa,-4.7600,2016_Furukawa
CycPeptMPDB_ID_1740,pampa,-5.8900,2016_Furukawa
CycPeptMPDB_ID_1741,pampa,-4.9900,2016_Furukawa
CycPeptMPDB_ID_1742,pampa,-4.9000,2016_Furukawa
CycPeptMPDB_ID_1743,pampa,-6.0500,2016_Furukawa
CycPeptMPDB_ID_1744,pampa,-4.8100,2016_Furukawa
CycPeptMPDB_ID_1745,pampa,-4.9700,2016_Furukawa
CycPeptMPDB_ID_1746,pampa,-5.3400,2016_Furukawa
CycPeptMPDB_ID_1747,pampa,-5.2300,2016_Furukawa
CycPeptMPDB_ID_1748,pampa,-5.8900,2016_Furukawa
CycPeptMPDB_ID_1749,pampa,-5.0600,2016_Furukawa
CycPeptMPDB_ID_1750,pampa,-6.2600,2016_Furukawa
CycPeptMPDB_ID_1751,pampa,-5.7500,2016_Furukawa
CycPeptMPDB_ID_1752,pampa,-7.6800,2016_Furukawa
CycPeptMPDB_ID_1753,pampa,-5.7200,2016_Furukawa
CycPeptMPDB_ID_1754,pampa,-4.9600,2016_Furukawa
CycPeptMPDB_ID_1755,pampa,-5.3000,2016_Furukawa
CycPeptMPDB_ID_1756,pampa,-7.4200,2016_Furukawa
CycPeptMPDB_ID_1757,pampa,-4.9000,2016_Furukawa
CycPeptMPDB_ID_1758,pampa,-6.2200,2016_Furukawa
CycPeptMPDB_ID_1759,pampa,-5.3300,2016_Furukawa
CycPeptMPDB_ID_1760,pampa,-5.1000,2016_Furukawa
CycPeptMPDB_ID_1761,pampa,-6.6400,2016_Furukawa
CycPeptMPDB_ID_1762,pampa,-4.8600,2016_Furukawa
CycPeptMPDB_ID_1763,pampa,-5.0100,2016_Furukawa
CycPeptMPDB_ID_1764,pampa,-5.8100,2016_Furukawa
CycPeptMPDB_ID_1765,pampa,-5.4300,2016_Furukawa
CycPeptMPDB_ID_1766,pampa,-5.9400,2016_Furukawa
CycPeptMPDB_ID_1767,pampa,-5.4300,2016_Furukawa
CycPeptMPDB_ID_1768,pampa,-6.7100,2016_Furukawa
CycPeptMPDB_ID_1769,pampa,-6.3400,2016_Furukawa
CycPeptMPDB_ID_1770,pampa,-8.0000,2016_Furukawa
CycPeptMPDB_ID_1771,pampa,-6.1800,2016_Furukawa
CycPeptMPDB_ID_1772,pampa,-5.2300,2016_Furukawa
CycPeptMPDB_ID_1773,pampa,-5.8100,2016_Furukawa
CycPeptMPDB_ID_1774,pampa,-7.5000,2016_Furukawa
CycPeptMPDB_ID_1775,pampa,-5.0400,2016_Furukawa
CycPeptMPDB_ID_1776,pampa,-6.9500,2016_Furukawa
CycPeptMPDB_ID_1777,pampa,-5.6800,2016_Furukawa
CycPeptMPDB_ID_1778,pampa,-5.4200,2016_Furukawa
CycPeptMPDB_ID_1779,pampa,-6.6400,2016_Furukawa
CycPeptMPDB_ID_1780,pampa,-4.9300,2016_Furukawa
CycPeptMPDB_ID_1781,pampa,-4.8700,2016_Furukawa
CycPeptMPDB_ID_1782,pampa,-6.5600,2016_Furukawa
CycPeptMPDB_ID_1783,pampa,-5.1200,2016_Furukawa
CycPeptMPDB_ID_1784,pampa,-5.3300,2016_Furukawa
CycPeptMPDB_ID_1785,pampa,-6.0000,2016_Furukawa
CycPeptMPDB_ID_1786,pampa,-5.9900,2016_Furukawa
CycPeptMPDB_ID_1787,pampa,-5.5700,2016_Furukawa
CycPeptMPDB_ID_1788,pampa,-7.1900,2016_Furukawa
CycPeptMPDB_ID_1789,pampa,-5.3800,2016_Furukawa
CycPeptMPDB_ID_1790,pampa,-5.0100,2016_Furukawa
CycPeptMPDB_ID_1791,pampa,-5.0900,2016_Furukawa
CycPeptMPDB_ID_1792,pampa,-6.6600,2016_Furukawa
CycPeptMPDB_ID_1793,pampa,-5.0800,2016_Furukawa
CycPeptMPDB_ID_1794,pampa,-5.7000,2016_Furukawa
CycPeptMPDB_ID_1795,pampa,-5.1000,2016_Furukawa
CycPeptMPDB_ID_1796,pampa,-5.1300,2016_Furukawa
CycPeptMPDB_ID_1797,pampa,-6.0500,2016_Furukawa
CycPeptMPDB_ID_1798,pampa,-5.2100,2016_Furukawa
CycPeptMPDB_ID_1799,pampa,-5.4800,2016_Furukawa
CycPeptMPDB_ID_1800,pampa,-5.2600,2016_Furukawa
CycPeptMPDB_ID_1802,pampa,-6.8800,2016_Furukawa
CycPeptMPDB_ID_1803,pampa,-5.2900,2016_Furukawa
CycPeptMPDB_ID_1804,pampa,-6.3600,2016_Furukawa
CycPeptMPDB_ID_1805,pampa,-6.0000,2016_Furukawa
CycPeptMPDB_ID_1806,pampa,-7.1400,2016_Furukawa
CycPeptMPDB_ID_1807,pampa,-5.8100,2016_Furukawa
CycPeptMPDB_ID_1808,pampa,-5.2200,2016_Furukawa
CycPeptMPDB_ID_1809,pampa,-5.4400,2016_Furukawa
CycPeptMPDB_ID_1810,pampa,-6.6000,2016_Furukawa
CycPeptMPDB_ID_1811,pampa,-5.0300,2016_Furukawa
CycPeptMPDB_ID_1812,pampa,-6.1500,2016_Furukawa
CycPeptMPDB_ID_1813,pampa,-5.3100,2016_Furukawa
CycPeptMPDB_ID_1814,pampa,-5.1900,2016_Furukawa
CycPeptMPDB_ID_1815,pampa,-5.8900,2016_Furukawa
CycPeptMPDB_ID_1816,pampa,-5.0300,2016_Furukawa
CycPeptMPDB_ID_1817,pampa,-5.1600,2016_Furukawa
CycPeptMPDB_ID_1818,pampa,-5.5800,2016_Furukawa
CycPeptMPDB_ID_1819,pampa,-5.4400,2016_Furukawa
CycPeptMPDB_ID_1820,pampa,-8.2700,2016_Furukawa
CycPeptMPDB_ID_1821,pampa,-5.2700,2016_Furukawa
CycPeptMPDB_ID_1822,pampa,-6.2000,2016_Hickey
CycPeptMPDB_ID_1823,pampa,-5.6000,2016_Hickey
CycPeptMPDB_ID_1824,pampa,-7.2000,2016_Hickey
CycPeptMPDB_ID_1825,pampa,-5.6000,2016_Hickey
CycPeptMPDB_ID_1826,pampa,-5.3000,2016_Hickey
CycPeptMPDB_ID_1827,pampa,-6.4000,2016_Hickey
CycPeptMPDB_ID_1828,pampa,-5.5000,2016_Hickey
CycPeptMPDB_ID_1829,pampa,-9.1000,2016_Hickey
CycPeptMPDB_ID_1830,pampa,-7.8000,2016_Hickey
CycPeptMPDB_ID_1831,pampa,-8.8000,2016_Hickey
CycPeptMPDB_ID_1832,pampa,-5.8000,2016_Hickey
CycPeptMPDB_ID_1833,pampa,-5.6000,2016_Hickey
CycPeptMPDB_ID_1834,pampa,-6.1000,2016_Hickey
CycPeptMPDB_ID_1835,pampa,-5.9000,2016_Hickey
CycPeptMPDB_ID_1836,pampa,-8.0000,2016_Hickey
CycPeptMPDB_ID_1837,pampa,-8.4000,2016_Hickey
CycPeptMPDB_ID_1838,pampa,-6.1000,2016_Hickey
CycPeptMPDB_ID_1839,pampa,-5.4000,2016_Hickey
CycPeptMPDB_ID_1864,pampa,-7.4800,2017_Pye
CycPeptMPDB_ID_1865,pampa,-4.7200,2017_Pye
CycPeptMPDB_ID_1866,pampa,-6.0000,2017_Pye
CycPeptMPDB_ID_1867,pampa,-7.6400,2017_Pye
CycPeptMPDB_ID_1868,pampa,-5.1000,2017_Pye
CycPeptMPDB_ID_1869,pampa,-5.4000,2017_Pye
CycPeptMPDB_ID_1870,pampa,-5.2200,2017_Pye
CycPeptMPDB_ID_1871,pampa,-4.9600,2017_Pye
CycPeptMPDB_ID_1872,pampa,-4.7200,2017_Pye
CycPeptMPDB_ID_1873,pampa,-4.6200,2017_Pye
CycPeptMPDB_ID_1874,pampa,-6.6200,2017_Pye
CycPeptMPDB_ID_1875,pampa,-5.4800,2017_Pye
CycPeptMPDB_ID_1876,pampa,-5.4000,2017_Pye
CycPeptMPDB_ID_1877,pampa,-8.0000,2017_Pye
CycPeptMPDB_ID_1878,pampa,-7.3000,2017_Pye
CycPeptMPDB_ID_1879,pampa,-6.1000,2017_Pye
CycPeptMPDB_ID_1880,pampa,-5.3500,2017_Pye
CycPeptMPDB_ID_1881,pampa,-8.0000,2017_Pye
CycPeptMPDB_ID_1882,pampa,-6.9200,2017_Pye
CycPeptMPDB_ID_1883,pampa,-5.8500,2017_Pye
CycPeptMPDB_ID_1884,pampa,-6.1000,2017_Pye
CycPeptMPDB_ID_1885,caco2,-6.0800,2018_Buckton
CycPeptMPDB_ID_1886,caco2,-5.8000,2018_Buckton
CycPeptMPDB_ID_1887,caco2,-6.2400,2018_Buckton
CycPeptMPDB_ID_1888,caco2,-6.9600,2018_Buckton
CycPeptMPDB_ID_1890,caco2,-6.1800,2018_Buckton
CycPeptMPDB_ID_1891,caco2,-5.4900,2018_Buckton
CycPeptMPDB_ID_1891,pampa,-5.5300,2018_Buckton
CycPeptMPDB_ID_1892,caco2,-5.9800,2018_Buckton
CycPeptMPDB_ID_1893,caco2,-6.2400,2018_Buckton
CycPeptMPDB_ID_1894,caco2,-5.7200,2018_Buckton
CycPeptMPDB_ID_1895,caco2,-5.2600,2018_Buckton
CycPeptMPDB_ID_1895,pampa,-5.2700,2018_Buckton
CycPeptMPDB_ID_1896,caco2,-5.3600,2018_Buckton
CycPeptMPDB_ID_1897,caco2,-5.5900,2018_Buckton
CycPeptMPDB_ID_1898,caco2,-5.6300,2018_Buckton
CycPeptMPDB_ID_1899,caco2,-5.4100,2018_Buckton
CycPeptMPDB_ID_1900,caco2,-5.3400,2018_Buckton
CycPeptMPDB_ID_1901,caco2,-5.4200,2018_Buckton
CycPeptMPDB_ID_1902,caco2,-5.4000,2018_Buckton
CycPeptMPDB_ID_1903,caco2,-5.5800,2018_Buckton
CycPeptMPDB_ID_1904,caco2,-6.8200,2018_CHUGAI
CycPeptMPDB_ID_1905,caco2,-7.1500,2018_CHUGAI
CycPeptMPDB_ID_1906,caco2,-6.9200,2018_CHUGAI
CycPeptMPDB_ID_1907,caco2,-6.8500,2018_CHUGAI
CycPeptMPDB_ID_1908,caco2,-7.1400,2018_CHUGAI
CycPeptMPDB_ID_1909,caco2,-7.0000,2018_CHUGAI
CycPeptMPDB_ID_1910,caco2,-6.9200,2018_CHUGAI
CycPeptMPDB_ID_1911,caco2,-6.9200,2018_CHUGAI
CycPeptMPDB_ID_1912,caco2,-7.6800,2018_CHUGAI
CycPeptMPDB_ID_1913,caco2,-8.0600,2018_CHUGAI
CycPeptMPDB_ID_1914,caco2,-8.0000,2018_CHUGAI
CycPeptMPDB_ID_1915,caco2,-7.0300,2018_CHUGAI
CycPeptMPDB_ID_1916,caco2,-6.8900,2018_CHUGAI
CycPeptMPDB_ID_1917,caco2,-7.0000,2018_CHUGAI
CycPeptMPDB_ID_1918,caco2,-6.8200,2018_CHUGAI
CycPeptMPDB_ID_1919,caco2,-7.2200,2018_CHUGAI
CycPeptMPDB_ID_1920,caco2,-7.0500,2018_CHUGAI
CycPeptMPDB_ID_1921,caco2,-7.2200,2018_CHUGAI
CycPeptMPDB_ID_1922,caco2,-7.0000,2018_CHUGAI
CycPeptMPDB_ID_1923,caco2,-6.8500,2018_CHUGAI
CycPeptMPDB_ID_1924,caco2,-6.7700,2018_CHUGAI
CycPeptMPDB_ID_1925,caco2,-6.9600,2018_CHUGAI
CycPeptMPDB_ID_1926,caco2,-6.8900,2018_CHUGAI
CycPeptMPDB_ID_1927,caco2,-5.9600,2018_CHUGAI
CycPeptMPDB_ID_1928,caco2,-7.0300,2018_CHUGAI
CycPeptMPDB_ID_1929,caco2,-7.6000,2018_CHUGAI
CycPeptMPDB_ID_1930,caco2,-6.5500,2018_CHUGAI
CycPeptMPDB_ID_1931,caco2,-6.4400,2018_CHUGAI
CycPeptMPDB_ID_1932,caco2,-6.7700,2018_CHUGAI
CycPeptMPDB_ID_1933,caco2,-6.0600,2018_CHUGAI
CycPeptMPDB_ID_1934,caco2,-8.0400,2018_CHUGAI
CycPeptMPDB_ID_1935,caco2,-6.5400,2018_CHUGAI
CycPeptMPDB_ID_1936,caco2,-6.8000,2018_CHUGAI
CycPeptMPDB_ID_1937,caco2,-6.9600,2018_CHUGAI
CycPeptMPDB_ID_1938,caco2,-7.5400,2018_CHUGAI
CycPeptMPDB_ID_1939,caco2,-6.7700,2018_CHUGAI
CycPeptMPDB_ID_1940,caco2,-6.6600,2018_CHUGAI
CycPeptMPDB_ID_1941,caco2,-6.8500,2018_CHUGAI
CycPeptMPDB_ID_1942,caco2,-6.2500,2018_CHUGAI
CycPeptMPDB_ID_1943,caco2,-6.7000,2018_CHUGAI
CycPeptMPDB_ID_1944,caco2,-6.8000,2018_CHUGAI
CycPeptMPDB_ID_1945,caco2,-6.6400,2018_CHUGAI
CycPeptMPDB_ID_1946,caco2,-6.0000,2018_CHUGAI
CycPeptMPDB_ID_1947,caco2,-6.3400,2018_CHUGAI
CycPeptMPDB_ID_1948,caco2,-6.3600,2018_CHUGAI
CycPeptMPDB_ID_1949,caco2,-6.4900,2018_CHUGAI
CycPeptMPDB_ID_1950,caco2,-6.3500,2018_CHUGAI
CycPeptMPDB_ID_1951,caco2,-6.3800,2018_CHUGAI
CycPeptMPDB_ID_1952,caco2,-6.8900,2018_CHUGAI
CycPeptMPDB_ID_1953,caco2,-6.7700,2018_CHUGAI
CycPeptMPDB_ID_1954,caco2,-6.8000,2018_CHUGAI
CycPeptMPDB_ID_1955,caco2,-5.9600,2018_CHUGAI
CycPeptMPDB_ID_1956,caco2,-5.9600,2018_CHUGAI
CycPeptMPDB_ID_1957,caco2,-5.5100,2018_CHUGAI
CycPeptMPDB_ID_1958,caco2,-5.6400,2018_CHUGAI
CycPeptMPDB_ID_1959,caco2,-5.5900,2018_CHUGAI
CycPeptMPDB_ID_1960,caco2,-5.8900,2018_CHUGAI
CycPeptMPDB_ID_1961,caco2,-5.8000,2018_CHUGAI
CycPeptMPDB_ID_1962,caco2,-5.6600,2018_CHUGAI
CycPeptMPDB_ID_1963,caco2,-5.5900,2018_CHUGAI
CycPeptMPDB_ID_1964,caco2,-5.7200,2018_CHUGAI
CycPeptMPDB_ID_1965,caco2,-5.6000,2018_CHUGAI
CycPeptMPDB_ID_1966,caco2,-5.6800,2018_CHUGAI
CycPeptMPDB_ID_1967,caco2,-5.5400,2018_CHUGAI
CycPeptMPDB_ID_1968,caco2,-5.9600,2018_CHUGAI
CycPeptMPDB_ID_1969,caco2,-5.6800,2018_CHUGAI
CycPeptMPDB_ID_1970,caco2,-5.9200,2018_CHUGAI
CycPeptMPDB_ID_1971,caco2,-5.7700,2018_CHUGAI
CycPeptMPDB_ID_1972,caco2,-5.7200,2018_CHUGAI
CycPeptMPDB_ID_1973,caco2,-5.9600,2018_CHUGAI
CycPeptMPDB_ID_1974,caco2,-5.7700,2018_CHUGAI
CycPeptMPDB_ID_1975,caco2,-5.7700,2018_CHUGAI
CycPeptMPDB_ID_1976,caco2,-5.4900,2018_CHUGAI
CycPeptMPDB_ID_1977,caco2,-5.9200,2018_CHUGAI
CycPeptMPDB_ID_1978,caco2,-5.8500,2018_CHUGAI
CycPeptMPDB_ID_1979,caco2,-5.8500,2018_CHUGAI
CycPeptMPDB_ID_1980,caco2,-5.6800,2018_CHUGAI
CycPeptMPDB_ID_1981,caco2,-5.5400,2018_CHUGAI
CycPeptMPDB_ID_1982,caco2,-5.6600,2018_CHUGAI
CycPeptMPDB_ID_1983,caco2,-5.8500,2018_CHUGAI
CycPeptMPDB_ID_1984,caco2,-5.7400,2018_CHUGAI
CycPeptMPDB_ID_1985,caco2,-5.4700,2018_CHUGAI
CycPeptMPDB_ID_1986,caco2,-5.8500,2018_CHUGAI
CycPeptMPDB_ID_1987,caco2,-5.9200,2018_CHUGAI
CycPeptMPDB_ID_1988,caco2,-5.7700,2018_CHUGAI
CycPeptMPDB_ID_1989,caco2,-5.8000,2018_CHUGAI
CycPeptMPDB_ID_1990,caco2,-5.5500,2018_CHUGAI
CycPeptMPDB_ID_1991,caco2,-5.4900,2018_CHUGAI
CycPeptMPDB_ID_1992,caco2,-5.7700,2018_CHUGAI
CycPeptMPDB_ID_1993,caco2,-5.6400,2018_CHUGAI
CycPeptMPDB_ID_1994,caco2,-5.4200,2018_CHUGAI
CycPeptMPDB_ID_1995,caco2,-5.8000,2018_CHUGAI
CycPeptMPDB_ID_1996,caco2,-5.9200,2018_CHUGAI
CycPeptMPDB_ID_1997,caco2,-5.9600,2018_CHUGAI
CycPeptMPDB_ID_1998,caco2,-5.8000,2018_CHUGAI
CycPeptMPDB_ID_1999,caco2,-5.8900,2018_CHUGAI
CycPeptMPDB_ID_2000,caco2,-5.9600,2018_CHUGAI
CycPeptMPDB_ID_2001,caco2,-5.9200,2018_CHUGAI
CycPeptMPDB_ID_2002,caco2,-5.5200,2018_CHUGAI
CycPeptMPDB_ID_2003,caco2,-5.6000,2018_CHUGAI
CycPeptMPDB_ID_2004,caco2,-5.7000,2018_CHUGAI
CycPeptMPDB_ID_2005,caco2,-5.6200,2018_CHUGAI
CycPeptMPDB_ID_2006,caco2,-5.9600,2018_CHUGAI
CycPeptMPDB_ID_2007,caco2,-5.5900,2018_CHUGAI
CycPeptMPDB_ID_2008,caco2,-5.6800,2018_CHUGAI
CycPeptMPDB_ID_2009,caco2,-5.9200,2018_CHUGAI
CycPeptMPDB_ID_2010,caco2,-5.6600,2018_CHUGAI
CycPeptMPDB_ID_2011,caco2,-5.7400,2018_CHUGAI
CycPeptMPDB_ID_2012,caco2,-5.7200,2018_CHUGAI
CycPeptMPDB_ID_2013,caco2,-5.8900,2018_CHUGAI
CycPeptMPDB_ID_2014,caco2,-5.7400,2018_CHUGAI
CycPeptMPDB_ID_2015,caco2,-5.8200,2018_CHUGAI
CycPeptMPDB_ID_2016,caco2,-5.8200,2018_CHUGAI
CycPeptMPDB_ID_2017,caco2,-5.9600,2018_CHUGAI
CycPeptMPDB_ID_2018,caco2,-6.0000,2018_CHUGAI
CycPeptMPDB_ID_2019,caco2,-5.2800,2018_CHUGAI
CycPeptMPDB_ID_2020,caco2,-5.3000,2018_CHUGAI
CycPeptMPDB_ID_2021,caco2,-5.4000,2018_CHUGAI
CycPeptMPDB_ID_2022,caco2,-5.5200,2018_CHUGAI
CycPeptMPDB_ID_2023,caco2,-5.5700,2018_CHUGAI
CycPeptMPDB_ID_2024,caco2,-5.5900,2018_CHUGAI
CycPeptMPDB_ID_2025,caco2,-5.5900,2018_CHUGAI
CycPeptMPDB_ID_2026,caco2,-5.6400,2018_CHUGAI
CycPeptMPDB_ID_2027,caco2,-5.6800,2018_CHUGAI
CycPeptMPDB_ID_2028,caco2,-5.6800,2018_CHUGAI
CycPeptMPDB_ID_2029,caco2,-5.7000,2018_CHUGAI
CycPeptMPDB_ID_2030,caco2,-5.7400,2018_CHUGAI
CycPeptMPDB_ID_2031,caco2,-5.7400,2018_CHUGAI
CycPeptMPDB_ID_2032,caco2,-5.7700,2018_CHUGAI
CycPeptMPDB_ID_2033,caco2,-5.7700,2018_CHUGAI
CycPeptMPDB_ID_2034,caco2,-5.7700,2018_CHUGAI
CycPeptMPDB_ID_2035,caco2,-5.8000,2018_CHUGAI
CycPeptMPDB_ID_2036,caco2,-5.8500,2018_CHUGAI
CycPeptMPDB_ID_2037,caco2,-5.8500,2018_CHUGAI
CycPeptMPDB_ID_2038,caco2,-5.8900,2018_CHUGAI
CycPeptMPDB_ID_2039,caco2,-5.9200,2018_CHUGAI
CycPeptMPDB_ID_2040,caco2,-5.9200,2018_CHUGAI
CycPeptMPDB_ID_2041,caco2,-5.9200,2018_CHUGAI
CycPeptMPDB_ID_2042,caco2,-5.9600,2018_CHUGAI
CycPeptMPDB_ID_2043,caco2,-5.9600,2018_CHUGAI
CycPeptMPDB_ID_2044,caco2,-5.9600,2018_CHUGAI
CycPeptMPDB_ID_2045,caco2,-5.9600,2018_CHUGAI
CycPeptMPDB_ID_2046,caco2,-5.9600,2018_CHUGAI
CycPeptMPDB_ID_2047,caco2,-5.9600,2018_CHUGAI
CycPeptMPDB_ID_2048,caco2,-5.9600,2018_CHUGAI
CycPeptMPDB_ID_2049,caco2,-6.0000,2018_CHUGAI
CycPeptMPDB_ID_2050,caco2,-6.0000,2018_CHUGAI
CycPeptMPDB_ID_2051,caco2,-6.1700,2018_CHUGAI
CycPeptMPDB_ID_2052,caco2,-6.2100,2018_CHUGAI
CycPeptMPDB_ID_2053,caco2,-6.2400,2018_CHUGAI
CycPeptMPDB_ID_2054,caco2,-6.3900,2018_CHUGAI
CycPeptMPDB_ID_2055,caco2,-6.6000,2018_CHUGAI
CycPeptMPDB_ID_2056,caco2,-6.6800,2018_CHUGAI
CycPeptMPDB_ID_2057,caco2,-6.7200,2018_CHUGAI
CycPeptMPDB_ID_2058,caco2,-6.7700,2018_CHUGAI
CycPeptMPDB_ID_2059,caco2,-6.8200,2018_CHUGAI
CycPeptMPDB_ID_2060,caco2,-7.0000,2018_CHUGAI
CycPeptMPDB_ID_2061,caco2,-7.0200,2018_CHUGAI
CycPeptMPDB_ID_2062,caco2,-7.0500,2018_CHUGAI
CycPeptMPDB_ID_2063,caco2,-7.0600,2018_CHUGAI
CycPeptMPDB_ID_2064,caco2,-7.1900,2018_CHUGAI
CycPeptMPDB_ID_2065,caco2,-7.2200,2018_CHUGAI
CycPeptMPDB_ID_2066,caco2,-7.2400,2018_CHUGAI
CycPeptMPDB_ID_2067,caco2,-7.2400,2018_CHUGAI
CycPeptMPDB_ID_2068,caco2,-7.2400,2018_CHUGAI
CycPeptMPDB_ID_2069,caco2,-7.3500,2018_CHUGAI
CycPeptMPDB_ID_2070,caco2,-7.7200,2018_CHUGAI
CycPeptMPDB_ID_2071,caco2,-7.8500,2018_CHUGAI
CycPeptMPDB_ID_2072,caco2,-7.0600,2018_CHUGAI
CycPeptMPDB_ID_2073,caco2,-5.7200,2018_CHUGAI
CycPeptMPDB_ID_2074,caco2,-5.7700,2018_CHUGAI
CycPeptMPDB_ID_2075,caco2,-4.8500,2018_CHUGAI
CycPeptMPDB_ID_2076,caco2,-6.0000,2018_CHUGAI
CycPeptMPDB_ID_2077,caco2,-5.6600,2018_CHUGAI
CycPeptMPDB_ID_2078,caco2,-5.6400,2018_CHUGAI
CycPeptMPDB_ID_2079,caco2,-5.9200,2018_CHUGAI
CycPeptMPDB_ID_2080,caco2,-5.5400,2018_CHUGAI
CycPeptMPDB_ID_2081,caco2,-5.6800,2018_CHUGAI
CycPeptMPDB_ID_2082,caco2,-5.9600,2018_CHUGAI
CycPeptMPDB_ID_2083,caco2,-5.8000,2018_CHUGAI
CycPeptMPDB_ID_2084,caco2,-5.5900,2018_CHUGAI
CycPeptMPDB_ID_2085,caco2,-5.8200,2018_CHUGAI
CycPeptMPDB_ID_2086,caco2,-5.6000,2018_CHUGAI
CycPeptMPDB_ID_2087,caco2,-5.8500,2018_CHUGAI
CycPeptMPDB_ID_2088,caco2,-5.7700,2018_CHUGAI
CycPeptMPDB_ID_2089,caco2,-4.8500,2018_CHUGAI
CycPeptMPDB_ID_2090,caco2,-5.7400,2018_CHUGAI
CycPeptMPDB_ID_2091,caco2,-5.6000,2018_CHUGAI
CycPeptMPDB_ID_2092,caco2,-5.6600,2018_CHUGAI
CycPeptMPDB_ID_2093,caco2,-5.7700,2018_CHUGAI
CycPeptMPDB_ID_2094,caco2,-5.8900,2018_CHUGAI
CycPeptMPDB_ID_2095,caco2,-5.5100,2018_CHUGAI
CycPeptMPDB_ID_2096,caco2,-5.6400,2018_CHUGAI
CycPeptMPDB_ID_2097,caco2,-5.4800,2018_CHUGAI
CycPeptMPDB_ID_2098,caco2,-5.6600,2018_CHUGAI
CycPeptMPDB_ID_2099,caco2,-5.4800,2018_CHUGAI
CycPeptMPDB_ID_2100,caco2,-5.5100,2018_CHUGAI
CycPeptMPDB_ID_2101,caco2,-5.6400,2018_CHUGAI
CycPeptMPDB_ID_2102,caco2,-5.3800,2018_CHUGAI
CycPeptMPDB_ID_2103,caco2,-5.7400,2018_CHUGAI
CycPeptMPDB_ID_2104,caco2,-5.6800,2018_CHUGAI
CycPeptMPDB_ID_2105,caco2,-5.8200,2018_CHUGAI
CycPeptMPDB_ID_2106,caco2,-5.8900,2018_CHUGAI
CycPeptMPDB_ID_2107,caco2,-5.6200,2018_CHUGAI
CycPeptMPDB_ID_2108,caco2,-5.7000,2018_CHUGAI
CycPeptMPDB_ID_2109,caco2,-5.6000,2018_CHUGAI
CycPeptMPDB_ID_2110,caco2,-5.7000,2018_CHUGAI
CycPeptMPDB_ID_2111,caco2,-5.7400,2018_CHUGAI
CycPeptMPDB_ID_2112,caco2,-5.5900,2018_CHUGAI
CycPeptMPDB_ID_2113,caco2,-5.9200,2018_CHUGAI
CycPeptMPDB_ID_2114,caco2,-5.8500,2018_CHUGAI
CycPeptMPDB_ID_2115,caco2,-5.7200,2018_CHUGAI
CycPeptMPDB_ID_2116,caco2,-5.6600,2018_CHUGAI
CycPeptMPDB_ID_2117,caco2,-5.8900,2018_CHUGAI
CycPeptMPDB_ID_2118,caco2,-5.7400,2018_CHUGAI
CycPeptMPDB_ID_2119,caco2,-5.6200,2018_CHUGAI
CycPeptMPDB_ID_2120,caco2,-5.9600,2018_CHUGAI
CycPeptMPDB_ID_2121,caco2,-5.9600,2018_CHUGAI
CycPeptMPDB_ID_2122,caco2,-5.7400,2018_CHUGAI
CycPeptMPDB_ID_2123,caco2,-5.7700,2018_CHUGAI
CycPeptMPDB_ID_2124,caco2,-5.7200,2018_CHUGAI
CycPeptMPDB_ID_2125,caco2,-5.8500,2018_CHUGAI
CycPeptMPDB_ID_2126,caco2,-5.8500,2018_CHUGAI
CycPeptMPDB_ID_2127,caco2,-5.8200,2018_CHUGAI
CycPeptMPDB_ID_2128,caco2,-5.6400,2018_CHUGAI
CycPeptMPDB_ID_2129,caco2,-5.9200,2018_CHUGAI
CycPeptMPDB_ID_2130,caco2,-5.8900,2018_CHUGAI
CycPeptMPDB_ID_2131,caco2,-5.9600,2018_CHUGAI
CycPeptMPDB_ID_2132,caco2,-5.9600,2018_CHUGAI
CycPeptMPDB_ID_2133,caco2,-5.8000,2018_CHUGAI
CycPeptMPDB_ID_2134,caco2,-5.9600,2018_CHUGAI
CycPeptMPDB_ID_2135,caco2,-6.0000,2018_CHUGAI
CycPeptMPDB_ID_2136,caco2,-5.9600,2018_CHUGAI
CycPeptMPDB_ID_2137,caco2,-6.0000,2018_CHUGAI
CycPeptMPDB_ID_2138,caco2,-5.8200,2018_CHUGAI
CycPeptMPDB_ID_2139,caco2,-5.7400,2018_CHUGAI
CycPeptMPDB_ID_2140,caco2,-5.8200,2018_CHUGAI
CycPeptMPDB_ID_2141,caco2,-5.7000,2018_CHUGAI
CycPeptMPDB_ID_2142,caco2,-5.5200,2018_CHUGAI
CycPeptMPDB_ID_2143,caco2,-5.6000,2018_CHUGAI
CycPeptMPDB_ID_2144,caco2,-5.4700,2018_CHUGAI
CycPeptMPDB_ID_2145,caco2,-5.8500,2018_CHUGAI
CycPeptMPDB_ID_2146,caco2,-5.7000,2018_CHUGAI
CycPeptMPDB_ID_2147,caco2,-5.6000,2018_CHUGAI
CycPeptMPDB_ID_2148,caco2,-5.5400,2018_CHUGAI
CycPeptMPDB_ID_2149,caco2,-5.6200,2018_CHUGAI
CycPeptMPDB_ID_2150,caco2,-5.8500,2018_CHUGAI
CycPeptMPDB_ID_2151,caco2,-5.9200,2018_CHUGAI
CycPeptMPDB_ID_2152,caco2,-5.7700,2018_CHUGAI
CycPeptMPDB_ID_2153,caco2,-5.4200,2018_CHUGAI
CycPeptMPDB_ID_2154,caco2,-5.2500,2018_CHUGAI
CycPeptMPDB_ID_2155,caco2,-5.3400,2018_CHUGAI
CycPeptMPDB_ID_2156,caco2,-5.5500,2018_CHUGAI
CycPeptMPDB_ID_2157,caco2,-5.4800,2018_CHUGAI
CycPeptMPDB_ID_2158,caco2,-5.4700,2018_CHUGAI
CycPeptMPDB_ID_2159,caco2,-5.6400,2018_CHUGAI
CycPeptMPDB_ID_2160,caco2,-5.4600,2018_CHUGAI
CycPeptMPDB_ID_2161,caco2,-5.7200,2018_CHUGAI
CycPeptMPDB_ID_2162,caco2,-5.9600,2018_CHUGAI
CycPeptMPDB_ID_2163,caco2,-5.7000,2018_CHUGAI
CycPeptMPDB_ID_2164,caco2,-5.6200,2018_CHUGAI
CycPeptMPDB_ID_2165,caco2,-5.4600,2018_CHUGAI
CycPeptMPDB_ID_2166,caco2,-5.5500,2018_CHUGAI
CycPeptMPDB_ID_2167,caco2,-5.7400,2018_CHUGAI
CycPeptMPDB_ID_2168,caco2,-5.7700,2018_CHUGAI
CycPeptMPDB_ID_2169,caco2,-5.8200,2018_CHUGAI
CycPeptMPDB_ID_2170,caco2,-5.9200,2018_CHUGAI
CycPeptMPDB_ID_2171,caco2,-5.5700,2018_CHUGAI
CycPeptMPDB_ID_2172,caco2,-5.8200,2018_CHUGAI
CycPeptMPDB_ID_2173,caco2,-5.6400,2018_CHUGAI
CycPeptMPDB_ID_2174,caco2,-5.5400,2018_CHUGAI
CycPeptMPDB_ID_2175,caco2,-6.0000,2018_CHUGAI
CycPeptMPDB_ID_2176,caco2,-5.0500,2018_CHUGAI
CycPeptMPDB_ID_2177,caco2,-5.8900,2018_CHUGAI
CycPeptMPDB_ID_2178,caco2,-5.6600,2018_CHUGAI
CycPeptMPDB_ID_2179,caco2,-5.9600,2018_CHUGAI
CycPeptMPDB_ID_2180,caco2,-5.5200,2018_CHUGAI
CycPeptMPDB_ID_2181,caco2,-5.7400,2018_CHUGAI
CycPeptMPDB_ID_2182,caco2,-5.8500,2018_CHUGAI
CycPeptMPDB_ID_2183,caco2,-5.2200,2018_CHUGAI
CycPeptMPDB_ID_2184,caco2,-5.4800,2018_CHUGAI
CycPeptMPDB_ID_2185,caco2,-5.8200,2018_CHUGAI
CycPeptMPDB_ID_2186,caco2,-5.8200,2018_CHUGAI
CycPeptMPDB_ID_2187,caco2,-5.8000,2018_CHUGAI
CycPeptMPDB_ID_2188,caco2,-5.4800,2018_CHUGAI
CycPeptMPDB_ID_2189,caco2,-5.5100,2018_CHUGAI
CycPeptMPDB_ID_2190,caco2,-5.0000,2018_CHUGAI
CycPeptMPDB_ID_2191,caco2,-5.8200,2018_CHUGAI
CycPeptMPDB_ID_2192,caco2,-5.6400,2018_CHUGAI
CycPeptMPDB_ID_2193,caco2,-5.3500,2018_CHUGAI
CycPeptMPDB_ID_2194,caco2,-5.8900,2018_CHUGAI
CycPeptMPDB_ID_2195,caco2,-6.0000,2018_CHUGAI
CycPeptMPDB_ID_2196,caco2,-6.0000,2018_CHUGAI
CycPeptMPDB_ID_2197,caco2,-5.9200,2018_CHUGAI
CycPeptMPDB_ID_2198,caco2,-5.9200,2018_CHUGAI
CycPeptMPDB_ID_2199,caco2,-5.8500,2018_CHUGAI
CycPeptMPDB_ID_2200,caco2,-5.8900,2018_CHUGAI
CycPeptMPDB_ID_2201,caco2,-5.5500,2018_CHUGAI
CycPeptMPDB_ID_2202,caco2,-5.4800,2018_CHUGAI
CycPeptMPDB_ID_2203,caco2,-5.8900,2018_CHUGAI
CycPeptMPDB_ID_2204,caco2,-5.9600,2018_CHUGAI
CycPeptMPDB_ID_2205,caco2,-5.8200,2018_CHUGAI
CycPeptMPDB_ID_2206,caco2,-4.8500,2018_CHUGAI
CycPeptMPDB_ID_2207,caco2,-5.7700,2018_CHUGAI
CycPeptMPDB_ID_2208,caco2,-5.8500,2018_CHUGAI
CycPeptMPDB_ID_2209,caco2,-5.8900,2018_CHUGAI
CycPeptMPDB_ID_2210,caco2,-5.8900,2018_CHUGAI
CycPeptMPDB_ID_2211,caco2,-6.0000,2018_CHUGAI
CycPeptMPDB_ID_2212,caco2,-6.0000,2018_CHUGAI
CycPeptMPDB_ID_2213,caco2,-5.4000,2018_CHUGAI
CycPeptMPDB_ID_2214,caco2,-5.7700,2018_CHUGAI
CycPeptMPDB_ID_2215,caco2,-5.9600,2018_CHUGAI
CycPeptMPDB_ID_2216,caco2,-6.0000,2018_CHUGAI
CycPeptMPDB_ID_2217,caco2,-5.9600,2018_CHUGAI
CycPeptMPDB_ID_2218,caco2,-5.9600,2018_CHUGAI
CycPeptMPDB_ID_2219,caco2,-5.8900,2018_CHUGAI
CycPeptMPDB_ID_2220,caco2,-5.9600,2018_CHUGAI
CycPeptMPDB_ID_2221,caco2,-5.8900,2018_CHUGAI
CycPeptMPDB_ID_2222,caco2,-5.7000,2018_CHUGAI
CycPeptMPDB_ID_2223,caco2,-5.7400,2018_CHUGAI
CycPeptMPDB_ID_2224,caco2,-5.3900,2018_CHUGAI
CycPeptMPDB_ID_2225,caco2,-5.8900,2018_CHUGAI
CycPeptMPDB_ID_2226,caco2,-5.6400,2018_CHUGAI
CycPeptMPDB_ID_2227,caco2,-5.9200,2018_CHUGAI
CycPeptMPDB_ID_2228,caco2,-5.9600,2018_CHUGAI
CycPeptMPDB_ID_2229,caco2,-5.3000,2018_CHUGAI
CycPeptMPDB_ID_2230,caco2,-5.9600,2018_CHUGAI
CycPeptMPDB_ID_2231,caco2,-5.9200,2018_CHUGAI
CycPeptMPDB_ID_2232,caco2,-5.8000,2018_CHUGAI
CycPeptMPDB_ID_2233,caco2,-5.9200,2018_CHUGAI
CycPeptMPDB_ID_2234,caco2,-5.8500,2018_CHUGAI
CycPeptMPDB_ID_2235,caco2,-5.9600,2018_CHUGAI
CycPeptMPDB_ID_2236,caco2,-5.9200,2018_CHUGAI
CycPeptMPDB_ID_2237,caco2,-5.9600,2018_CHUGAI
CycPeptMPDB_ID_2238,caco2,-5.9600,2018_CHUGAI
CycPeptMPDB_ID_2239,caco2,-5.9600,2018_CHUGAI
CycPeptMPDB_ID_2240,caco2,-5.8500,2018_CHUGAI
CycPeptMPDB_ID_2241,caco2,-6.0000,2018_CHUGAI
CycPeptMPDB_ID_2242,caco2,-5.6000,2018_CHUGAI
CycPeptMPDB_ID_2243,caco2,-5.6800,2018_CHUGAI
CycPeptMPDB_ID_2244,caco2,-5.6800,2018_CHUGAI
CycPeptMPDB_ID_2245,caco2,-5.9600,2018_CHUGAI
CycPeptMPDB_ID_2246,caco2,-5.3500,2018_CHUGAI
CycPeptMPDB_ID_2247,caco2,-5.3500,2018_CHUGAI
CycPeptMPDB_ID_2248,caco2,-5.3800,2018_CHUGAI
CycPeptMPDB_ID_2249,caco2,-5.9600,2018_CHUGAI
CycPeptMPDB_ID_2250,caco2,-5.6600,2018_CHUGAI
CycPeptMPDB_ID_2251,caco2,-5.8900,2018_CHUGAI
CycPeptMPDB_ID_2252,caco2,-6.0000,2018_CHUGAI
CycPeptMPDB_ID_2253,caco2,-5.3000,2018_CHUGAI
CycPeptMPDB_ID_2254,caco2,-5.4200,2018_CHUGAI
CycPeptMPDB_ID_2255,caco2,-5.9600,2018_CHUGAI
CycPeptMPDB_ID_2256,caco2,-5.7200,2018_CHUGAI
CycPeptMPDB_ID_2257,caco2,-5.7400,2018_CHUGAI
CycPeptMPDB_ID_2258,caco2,-5.9200,2018_CHUGAI
CycPeptMPDB_ID_2259,caco2,-5.9600,2018_CHUGAI
CycPeptMPDB_ID_2260,caco2,-5.6600,2018_CHUGAI
CycPeptMPDB_ID_2261,caco2,-5.8000,2018_CHUGAI
CycPeptMPDB_ID_2262,caco2,-5.9600,2018_CHUGAI
CycPeptMPDB_ID_2263,caco2,-6.0000,2018_CHUGAI
CycPeptMPDB_ID_2264,caco2,-5.9600,2018_CHUGAI
CycPeptMPDB_ID_2265,caco2,-5.6000,2018_CHUGAI
CycPeptMPDB_ID_2266,caco2,-5.8900,2018_CHUGAI
CycPeptMPDB_ID_2267,caco2,-5.2800,2018_CHUGAI
CycPeptMPDB_ID_2268,caco2,-5.4300,2018_CHUGAI
CycPeptMPDB_ID_2269,caco2,-6.0000,2018_CHUGAI
CycPeptMPDB_ID_2270,caco2,-5.4800,2018_CHUGAI
CycPeptMPDB_ID_2271,caco2,-5.9600,2018_CHUGAI
CycPeptMPDB_ID_2272,caco2,-5.3300,2018_CHUGAI
CycPeptMPDB_ID_2273,caco2,-5.6600,2018_CHUGAI
CycPeptMPDB_ID_2274,caco2,-5.9600,2018_CHUGAI
CycPeptMPDB_ID_2275,caco2,-6.0000,2018_CHUGAI
CycPeptMPDB_ID_2276,caco2,-5.7000,2018_CHUGAI
CycPeptMPDB_ID_2277,caco2,-5.3900,2018_CHUGAI
CycPeptMPDB_ID_2278,pampa,-5.5700,2018_García-Pindado
CycPeptMPDB_ID_2279,pampa,-5.3300,2018_García-Pindado
CycPeptMPDB_ID_2280,pampa,-5.3400,2018_García-Pindado
CycPeptMPDB_ID_2281,pampa,-5.8900,2018_García-Pindado
CycPeptMPDB_ID_2282,pampa,-4.4700,2018_Kaneda
CycPeptMPDB_ID_2283,pampa,-5.3900,2018_Kaneda
CycPeptMPDB_ID_2284,pampa,-4.8700,2018_Kaneda
CycPeptMPDB_ID_2285,pampa,-5.6800,2018_Kaneda
CycPeptMPDB_ID_2286,pampa,-6.0900,2018_Kaneda
CycPeptMPDB_ID_2287,pampa,-4.9100,2018_Kaneda
CycPeptMPDB_ID_2288,pampa,-5.4200,2018_Kaneda
CycPeptMPDB_ID_2289,pampa,-5.5200,2018_Lee
CycPeptMPDB_ID_2290,pampa,-5.2700,2018_Lee
CycPeptMPDB_ID_2291,pampa,-5.2200,2018_Lee
CycPeptMPDB_ID_2292,pampa,-5.2900,2018_Lee
CycPeptMPDB_ID_2293,pampa,-5.2800,2018_Lee
CycPeptMPDB_ID_2294,pampa,-5.3200,2018_Lee
CycPeptMPDB_ID_2303,pampa,-5.9500,2018_Naylor
CycPeptMPDB_ID_2304,pampa,-5.6200,2018_Naylor
CycPeptMPDB_ID_2305,pampa,-5.2100,2018_Naylor
CycPeptMPDB_ID_2306,pampa,-5.0500,2018_Naylor
CycPeptMPDB_ID_2307,pampa,-5.0800,2018_Naylor
CycPeptMPDB_ID_2308,pampa,-4.8700,2018_Naylor
CycPeptMPDB_ID_2309,pampa,-5.0900,2018_Naylor
CycPeptMPDB_ID_2310,pampa,-4.9800,2018_Naylor
CycPeptMPDB_ID_2311,pampa,-5.0300,2018_Naylor
CycPeptMPDB_ID_2312,pampa,-5.1600,2018_Naylor
CycPeptMPDB_ID_2313,pampa,-5.3600,2018_Naylor
CycPeptMPDB_ID_2314,pampa,-6.1000,2018_Naylor
CycPeptMPDB_ID_2315,pampa,-6.1600,2018_Naylor
CycPeptMPDB_ID_2316,pampa,-7.0200,2018_Naylor
CycPeptMPDB_ID_2317,pampa,-7.3100,2018_Naylor
CycPeptMPDB_ID_2318,pampa,-7.5500,2018_Naylor
CycPeptMPDB_ID_2319,pampa,-7.8400,2018_Naylor
CycPeptMPDB_ID_2321,pampa,-7.8500,2018_Naylor
CycPeptMPDB_ID_2322,pampa,-5.4900,2018_Naylor
CycPeptMPDB_ID_2323,pampa,-5.3800,2018_Naylor
CycPeptMPDB_ID_2324,pampa,-5.1000,2018_Naylor
CycPeptMPDB_ID_2325,pampa,-5.2600,2018_Naylor
CycPeptMPDB_ID_2326,pampa,-5.0300,2018_Naylor
CycPeptMPDB_ID_2327,pampa,-5.0900,2018_Naylor
CycPeptMPDB_ID_2328,pampa,-5.5200,2018_Naylor
CycPeptMPDB_ID_2329,pampa,-5.8000,2018_Naylor
CycPeptMPDB_ID_2330,pampa,-6.1800,2018_Naylor
CycPeptMPDB_ID_2331,pampa,-6.6700,2018_Naylor
CycPeptMPDB_ID_2332,pampa,-7.1800,2018_Naylor
CycPeptMPDB_ID_2333,pampa,-7.1300,2018_Naylor
CycPeptMPDB_ID_2334,pampa,-6.1400,2018_Naylor
CycPeptMPDB_ID_2335,pampa,-6.1400,2018_Naylor
CycPeptMPDB_ID_2336,pampa,-5.8700,2018_Naylor
CycPeptMPDB_ID_2337,pampa,-5.3700,2018_Naylor
CycPeptMPDB_ID_2338,pampa,-4.9900,2018_Naylor
CycPeptMPDB_ID_2339,pampa,-5.3400,2018_Naylor
CycPeptMPDB_ID_2340,pampa,-5.0600,2018_Naylor
CycPeptMPDB_ID_2341,pampa,-5.3500,2018_Naylor
CycPeptMPDB_ID_2342,pampa,-5.5300,2018_Naylor
CycPeptMPDB_ID_2343,pampa,-5.8000,2018_Naylor
CycPeptMPDB_ID_2344,pampa,-6.5100,2018_Naylor
CycPeptMPDB_ID_2345,pampa,-6.2600,2018_Naylor
CycPeptMPDB_ID_2346,pampa,-5.6400,2018_Naylor
CycPeptMPDB_ID_2347,pampa,-5.0800,2018_Naylor
CycPeptMPDB_ID_2348,pampa,-5.0900,2018_Naylor
CycPeptMPDB_ID_2349,pampa,-5.0900,2018_Naylor
CycPeptMPDB_ID_2350,pampa,-5.1800,2018_Naylor
CycPeptMPDB_ID_2351,pampa,-5.3600,2018_Naylor
CycPeptMPDB_ID_2352,pampa,-5.8100,2018_Naylor
CycPeptMPDB_ID_2353,pampa,-6.1800,2018_Naylor
CycPeptMPDB_ID_2354,pampa,-5.8300,2018_Naylor
CycPeptMPDB_ID_2355,pampa,-6.1100,2018_Naylor
CycPeptMPDB_ID_2356,pampa,-6.1500,2018_Naylor
CycPeptMPDB_ID_2357,pampa,-5.6800,2018_Naylor
CycPeptMPDB_ID_2358,pampa,-6.7800,2018_Naylor
CycPeptMPDB_ID_2359,pampa,-6.8100,2018_Naylor
CycPeptMPDB_ID_2360,pampa,-7.4000,2018_Naylor
CycPeptMPDB_ID_2361,pampa,-5.0300,2018_Naylor
CycPeptMPDB_ID_2362,pampa,-5.0000,2018_Naylor
CycPeptMPDB_ID_2363,pampa,-6.3400,2018_Naylor
CycPeptMPDB_ID_2364,pampa,-5.1000,2018_Naylor
CycPeptMPDB_ID_2365,pampa,-5.0700,2018_Naylor
CycPeptMPDB_ID_2366,pampa,-4.9900,2018_Naylor
CycPeptMPDB_ID_2367,pampa,-5.9000,2018_Naylor
CycPeptMPDB_ID_2368,pampa,-5.6300,2018_Naylor
CycPeptMPDB_ID_2369,pampa,-5.7200,2018_Naylor
CycPeptMPDB_ID_2370,pampa,-6.7500,2018_Naylor
CycPeptMPDB_ID_2371,pampa,-5.2300,2018_Naylor
CycPeptMPDB_ID_2372,pampa,-5.9100,2018_Naylor
CycPeptMPDB_ID_2373,pampa,-5.8900,2018_Naylor
CycPeptMPDB_ID_2374,pampa,-5.6500,2018_Naylor
CycPeptMPDB_ID_2375,pampa,-5.1100,2018_Naylor
CycPeptMPDB_ID_2377,pampa,-6.6600,2018_Ramalho
CycPeptMPDB_ID_2386,pampa,-5.6400,2019_Ono
CycPeptMPDB_ID_2387,pampa,-5.5400,2019_Ono
CycPeptMPDB_ID_2388,pampa,-5.7700,2019_Ono
CycPeptMPDB_ID_2389,pampa,-5.3100,2019_Ono
CycPeptMPDB_ID_2390,pampa,-5.7800,2019_Ono
CycPeptMPDB_ID_2391,pampa,-5.5900,2019_Ono
CycPeptMPDB_ID_2392,pampa,-5.1400,2019_Ono
CycPeptMPDB_ID_2393,pampa,-5.1100,2019_Ono
CycPeptMPDB_ID_2394,pampa,-6.7000,2020_Barlow
CycPeptMPDB_ID_2395,pampa,-6.0000,2020_Barlow
CycPeptMPDB_ID_2396,pampa,-5.2600,2020_Barlow
CycPeptMPDB_ID_2397,pampa,-5.3700,2020_Barlow
CycPeptMPDB_ID_2398,pampa,-5.3000,2020_Barlow
CycPeptMPDB_ID_2399,pampa,-5.3000,2020_Barlow
CycPeptMPDB_ID_2400,pampa,-5.4400,2020_Barlow
CycPeptMPDB_ID_2401,pampa,-5.3100,2020_Barlow
CycPeptMPDB_ID_2402,pampa,-5.2700,2020_Barlow
CycPeptMPDB_ID_2403,pampa,-7.0000,2020_Barlow
CycPeptMPDB_ID_2404,pampa,-7.0000,2020_Barlow
CycPeptMPDB_ID_2405,pampa,-7.0000,2020_Barlow
CycPeptMPDB_ID_2406,pampa,-7.0000,2020_Barlow
CycPeptMPDB_ID_2407,pampa,-7.0000,2020_Barlow
CycPeptMPDB_ID_2408,pampa,-7.0000,2020_Barlow
CycPeptMPDB_ID_2409,pampa,-7.0000,2020_Barlow
CycPeptMPDB_ID_2410,pampa,-7.0000,2020_Barlow
CycPeptMPDB_ID_2411,pampa,-5.4600,2020_Barlow
CycPeptMPDB_ID_2412,pampa,-5.7200,2020_Barlow
CycPeptMPDB_ID_2413,pampa,-5.2500,2020_Barlow
CycPeptMPDB_ID_2414,pampa,-5.0900,2020_Barlow
CycPeptMPDB_ID_2415,pampa,-5.4800,2020_Barlow
CycPeptMPDB_ID_2416,pampa,-5.4100,2020_Barlow
CycPeptMPDB_ID_2417,pampa,-6.1500,2020_Barlow
CycPeptMPDB_ID_2418,pampa,-5.3200,2020_Barlow
CycPeptMPDB_ID_2419,pampa,-5.8900,2020_Barlow
CycPeptMPDB_ID_2420,pampa,-5.5500,2020_Furukawa
CycPeptMPDB_ID_2421,pampa,-5.7700,2020_Furukawa
CycPeptMPDB_ID_2422,pampa,-5.6300,2020_Furukawa
CycPeptMPDB_ID_2423,pampa,-6.0900,2020_Furukawa
CycPeptMPDB_ID_2424,pampa,-6.1100,2020_Furukawa
CycPeptMPDB_ID_2425,pampa,-6.2100,2020_Furukawa
CycPeptMPDB_ID_2426,pampa,-5.4700,2020_Furukawa
CycPeptMPDB_ID_2427,pampa,-6.3400,2020_Furukawa
CycPeptMPDB_ID_2428,pampa,-5.3500,2020_Furukawa
CycPeptMPDB_ID_2429,pampa,-6.7700,2020_Furukawa
CycPeptMPDB_ID_2430,pampa,-6.9700,2020_Furukawa
CycPeptMPDB_ID_2431,pampa,-5.7400,2020_Furukawa
CycPeptMPDB_ID_2432,pampa,-6.5900,2020_Furukawa
CycPeptMPDB_ID_2433,pampa,-7.0600,2020_Furukawa
CycPeptMPDB_ID_2434,pampa,-5.7200,2020_Furukawa
CycPeptMPDB_ID_2435,pampa,-7.2000,2020_Furukawa
CycPeptMPDB_ID_2436,pampa,-7.7600,2020_Furukawa
CycPeptMPDB_ID_2437,pampa,-6.2600,2020_Furukawa
CycPeptMPDB_ID_2438,pampa,-6.2000,2020_Furukawa
CycPeptMPDB_ID_2439,pampa,-5.8200,2020_Furukawa
CycPeptMPDB_ID_2440,pampa,-7.7600,2020_Furukawa
CycPeptMPDB_ID_2441,pampa,-5.7500,2020_Furukawa
CycPeptMPDB_ID_2442,pampa,-5.3000,2020_Furukawa
CycPeptMPDB_ID_2443,pampa,-5.7800,2020_Furukawa
CycPeptMPDB_ID_2444,pampa,-7.4400,2020_Furukawa
CycPeptMPDB_ID_2445,pampa,-5.2700,2020_Furukawa
CycPeptMPDB_ID_2446,pampa,-6.8500,2020_Furukawa
CycPeptMPDB_ID_2447,pampa,-5.6900,2020_Furukawa
CycPeptMPDB_ID_2448,pampa,-5.5300,2020_Furukawa
CycPeptMPDB_ID_2449,pampa,-6.8600,2020_Furukawa
CycPeptMPDB_ID_2450,pampa,-5.3000,2020_Furukawa
CycPeptMPDB_ID_2451,pampa,-5.4400,2020_Furukawa
CycPeptMPDB_ID_2452,pampa,-6.4800,2020_Furukawa
CycPeptMPDB_ID_2453,pampa,-5.7700,2020_Furukawa
CycPeptMPDB_ID_2454,pampa,-5.9500,2020_Furukawa
CycPeptMPDB_ID_2455,pampa,-6.2700,2020_Furukawa
CycPeptMPDB_ID_2456,pampa,-6.5200,2020_Hosono
CycPeptMPDB_ID_2457,pampa,-5.5400,2020_Hosono
CycPeptMPDB_ID_2458,pampa,-5.5100,2020_Hosono
CycPeptMPDB_ID_2459,pampa,-6.4000,2020_Hosono
CycPeptMPDB_ID_2460,pampa,-5.3900,2020_Hosono
CycPeptMPDB_ID_2461,pampa,-5.5400,2020_Hosono
CycPeptMPDB_ID_2462,pampa,-6.0000,2020_Hosono
CycPeptMPDB_ID_2463,pampa,-6.2200,2020_Hosono
CycPeptMPDB_ID_2464,pampa,-6.2200,2020_Hosono
CycPeptMPDB_ID_2465,pampa,-5.6600,2020_Hosono
CycPeptMPDB_ID_2466,pampa,-6.3000,2020_Hosono
CycPeptMPDB_ID_2467,caco2,-5.3300,2020_Le Roux
CycPeptMPDB_ID_2467,pampa,-5.6000,2020_Le Roux
CycPeptMPDB_ID_2468,caco2,-5.1100,2020_Le Roux
CycPeptMPDB_ID_2468,pampa,-4.9000,2020_Le Roux
CycPeptMPDB_ID_2469,caco2,-5.1900,2020_Le Roux
CycPeptMPDB_ID_2469,pampa,-4.7000,2020_Le Roux
CycPeptMPDB_ID_2470,caco2,-4.7100,2020_Le Roux
CycPeptMPDB_ID_2470,pampa,-4.6000,2020_Le Roux
CycPeptMPDB_ID_2471,caco2,-4.6700,2020_Le Roux
CycPeptMPDB_ID_2471,pampa,-4.6000,2020_Le Roux
CycPeptMPDB_ID_2472,caco2,-4.1600,2020_Le Roux
CycPeptMPDB_ID_2472,pampa,-4.6000,2020_Le Roux
CycPeptMPDB_ID_2473,caco2,-4.2200,2020_Le Roux
CycPeptMPDB_ID_2473,pampa,-4.7000,2020_Le Roux
CycPeptMPDB_ID_2474,caco2,-4.0800,2020_Le Roux
CycPeptMPDB_ID_2474,pampa,-4.5000,2020_Le Roux
CycPeptMPDB_ID_2475,caco2,-4.3500,2020_Le Roux
CycPeptMPDB_ID_2475,pampa,-4.5000,2020_Le Roux
CycPeptMPDB_ID_2476,caco2,-4.8200,2020_Le Roux
CycPeptMPDB_ID_2476,pampa,-4.5000,2020_Le Roux
CycPeptMPDB_ID_2477,caco2,-5.2100,2020_Le Roux
CycPeptMPDB_ID_2477,pampa,-4.2000,2020_Le Roux
CycPeptMPDB_ID_2478,caco2,-5.2400,2020_Le Roux
CycPeptMPDB_ID_2478,pampa,-4.5000,2020_Le Roux
CycPeptMPDB_ID_2479,caco2,-4.7700,2020_Le Roux
CycPeptMPDB_ID_2479,pampa,-4.5000,2020_Le Roux
CycPeptMPDB_ID_2480,caco2,-4.9200,2020_Le Roux
CycPeptMPDB_ID_2480,pampa,-4.5000,2020_Le Roux
CycPeptMPDB_ID_2481,caco2,-4.2700,2020_Le Roux
CycPeptMPDB_ID_2481,pampa,-4.5000,2020_Le Roux
CycPeptMPDB_ID_2482,caco2,-5.6800,2020_Le Roux
CycPeptMPDB_ID_2482,pampa,-4.7000,2020_Le Roux
CycPeptMPDB_ID_2483,caco2,-5.8500,2020_Le Roux
CycPeptMPDB_ID_2483,pampa,-4.4000,2020_Le Roux
CycPeptMPDB_ID_2484,caco2,-5.8900,2020_Le Roux
CycPeptMPDB_ID_2484,pampa,-4.9000,2020_Le Roux
CycPeptMPDB_ID_2485,caco2,-6.0000,2020_Le Roux
CycPeptMPDB_ID_2485,pampa,-4.8000,2020_Le Roux
CycPeptMPDB_ID_2486,caco2,-4.2500,2020_Le Roux
CycPeptMPDB_ID_2486,pampa,-4.8000,2020_Le Roux
CycPeptMPDB_ID_2487,caco2,-4.8800,2020_Le Roux
CycPeptMPDB_ID_2487,pampa,-4.9000,2020_Le Roux
CycPeptMPDB_ID_2488,caco2,-3.7800,2020_Le Roux
CycPeptMPDB_ID_2488,pampa,-4.6000,2020_Le Roux
CycPeptMPDB_ID_2489,caco2,-3.9900,2020_Le Roux
CycPeptMPDB_ID_2489,pampa,-4.3000,2020_Le Roux
CycPeptMPDB_ID_2490,caco2,-4.8400,2020_Le Roux
CycPeptMPDB_ID_2490,pampa,-4.7000,2020_Le Roux
CycPeptMPDB_ID_2491,caco2,-5.6400,2020_Le Roux
CycPeptMPDB_ID_2491,pampa,-4.7000,2020_Le Roux
CycPeptMPDB_ID_2492,caco2,-4.3800,2020_Le Roux
CycPeptMPDB_ID_2492,pampa,-5.2000,2020_Le Roux
CycPeptMPDB_ID_2493,caco2,-4.1300,2020_Le Roux
CycPeptMPDB_ID_2493,pampa,-4.4000,2020_Le Roux
CycPeptMPDB_ID_2494,caco2,-4.3600,2020_Le Roux
CycPeptMPDB_ID_2494,pampa,-4.3000,2020_Le Roux
CycPeptMPDB_ID_2495,caco2,-4.9300,2020_Le Roux
CycPeptMPDB_ID_2495,pampa,-5.1000,2020_Le Roux
CycPeptMPDB_ID_2496,caco2,-3.4600,2020_Le Roux
CycPeptMPDB_ID_2496,pampa,-4.6000,2020_Le Roux
CycPeptMPDB_ID_2497,caco2,-4.4100,2020_Le Roux
CycPeptMPDB_ID_2497,pampa,-4.6000,2020_Le Roux
CycPeptMPDB_ID_2498,caco2,-3.7200,2020_Le Roux
CycPeptMPDB_ID_2498,pampa,-4.7000,2020_Le Roux
CycPeptMPDB_ID_2499,caco2,-5.1100,2020_Le Roux
CycPeptMPDB_ID_2499,pampa,-4.6000,2020_Le Roux
CycPeptMPDB_ID_2500,caco2,-3.5700,2020_Le Roux
CycPeptMPDB_ID_2500,pampa,-4.4000,2020_Le Roux
CycPeptMPDB_ID_2501,caco2,-3.6800,2020_Le Roux
CycPeptMPDB_ID_2501,pampa,-4.6000,2020_Le Roux
CycPeptMPDB_ID_2502,caco2,-4.2000,2020_Le Roux
CycPeptMPDB_ID_2502,pampa,-4.5000,2020_Le Roux
CycPeptMPDB_ID_2503,caco2,-3.7000,2020_Le Roux
CycPeptMPDB_ID_2503,pampa,-4.5000,2020_Le Roux
CycPeptMPDB_ID_2504,caco2,-4.4000,2020_Le Roux
CycPeptMPDB_ID_2504,pampa,-4.6000,2020_Le Roux
CycPeptMPDB_ID_2505,caco2,-3.5800,2020_Le Roux
CycPeptMPDB_ID_2505,pampa,-4.5000,2020_Le Roux
CycPeptMPDB_ID_2506,pampa,-7.8000,2020_Le Roux
CycPeptMPDB_ID_2507,pampa,-6.7000,2020_Le Roux
CycPeptMPDB_ID_2508,pampa,-7.8000,2020_Le Roux
CycPeptMPDB_ID_2509,pampa,-8.2000,2020_Le Roux
CycPeptMPDB_ID_2510,pampa,-6.6000,2020_Le Roux
CycPeptMPDB_ID_2511,pampa,-6.3000,2020_Le Roux
CycPeptMPDB_ID_2512,pampa,-5.5000,2020_Le Roux
CycPeptMPDB_ID_2513,pampa,-7.8000,2020_Le Roux
CycPeptMPDB_ID_2514,pampa,-6.1500,2020_Townsend
CycPeptMPDB_ID_2515,pampa,-6.5200,2020_Townsend
CycPeptMPDB_ID_2516,pampa,-6.0200,2020_Townsend
CycPeptMPDB_ID_2517,pampa,-5.0300,2020_Townsend
CycPeptMPDB_ID_2518,pampa,-5.7700,2020_Townsend
CycPeptMPDB_ID_2519,pampa,-4.8000,2020_Townsend
CycPeptMPDB_ID_2520,pampa,-4.8500,2020_Townsend
CycPeptMPDB_ID_2521,pampa,-5.1400,2020_Townsend
CycPeptMPDB_ID_2522,pampa,-5.1200,2020_Townsend
CycPeptMPDB_ID_2523,pampa,-5.3200,2020_Townsend
CycPeptMPDB_ID_2524,pampa,-5.9200,2020_Townsend
CycPeptMPDB_ID_2525,pampa,-5.7700,2020_Townsend
CycPeptMPDB_ID_2526,pampa,-5.4800,2020_Townsend
CycPeptMPDB_ID_2527,pampa,-5.6000,2020_Townsend
CycPeptMPDB_ID_2528,pampa,-5.0700,2020_Townsend
CycPeptMPDB_ID_2529,pampa,-5.3800,2020_Townsend
CycPeptMPDB_ID_2530,pampa,-5.1700,2020_Townsend
CycPeptMPDB_ID_2531,pampa,-5.3600,2020_Townsend
CycPeptMPDB_ID_2532,pampa,-5.2700,2020_Townsend
CycPeptMPDB_ID_2533,pampa,-5.2600,2020_Townsend
CycPeptMPDB_ID_2534,pampa,-5.1200,2020_Townsend
CycPeptMPDB_ID_2535,pampa,-5.3900,2020_Townsend
CycPeptMPDB_ID_2536,pampa,-5.1800,2020_Townsend
CycPeptMPDB_ID_2537,pampa,-5.3900,2020_Townsend
CycPeptMPDB_ID_2538,pampa,-5.0900,2020_Townsend
CycPeptMPDB_ID_2539,pampa,-5.1000,2020_Townsend
CycPeptMPDB_ID_2540,pampa,-5.2900,2020_Townsend
CycPeptMPDB_ID_2541,pampa,-5.0000,2020_Townsend
CycPeptMPDB_ID_2542,pampa,-5.3500,2020_Townsend
CycPeptMPDB_ID_2543,pampa,-5.1100,2020_Townsend
CycPeptMPDB_ID_2544,pampa,-5.3200,2020_Townsend
CycPeptMPDB_ID_2545,pampa,-5.9800,2020_Townsend
CycPeptMPDB_ID_2546,pampa,-5.8200,2020_Townsend
CycPeptMPDB_ID_2547,pampa,-5.3000,2020_Townsend
CycPeptMPDB_ID_2548,pampa,-5.3400,2020_Townsend
CycPeptMPDB_ID_2549,pampa,-5.3100,2020_Townsend
CycPeptMPDB_ID_2550,pampa,-5.5000,2020_Townsend
CycPeptMPDB_ID_2551,pampa,-5.2100,2020_Townsend
CycPeptMPDB_ID_2552,pampa,-5.4200,2020_Townsend
CycPeptMPDB_ID_2553,pampa,-5.3200,2020_Townsend
CycPeptMPDB_ID_2554,pampa,-5.7400,2020_Townsend
CycPeptMPDB_ID_2555,pampa,-5.0900,2020_Townsend
CycPeptMPDB_ID_2556,pampa,-5.3100,2020_Townsend
CycPeptMPDB_ID_2557,pampa,-5.9700,2020_Townsend
CycPeptMPDB_ID_2558,pampa,-5.5100,2020_Townsend
CycPeptMPDB_ID_2559,pampa,-5.3200,2020_Townsend
CycPeptMPDB_ID_2560,pampa,-5.2400,2020_Townsend
CycPeptMPDB_ID_2561,pampa,-5.3800,2020_Townsend
CycPeptMPDB_ID_2562,pampa,-5.3000,2020_Townsend
CycPeptMPDB_ID_2563,pampa,-5.6300,2020_Townsend
CycPeptMPDB_ID_2564,pampa,-5.4800,2020_Townsend
CycPeptMPDB_ID_2565,pampa,-5.2100,2020_Townsend
CycPeptMPDB_ID_2566,pampa,-5.5300,2020_Townsend
CycPeptMPDB_ID_2567,pampa,-4.9700,2020_Townsend
CycPeptMPDB_ID_2568,pampa,-6.1900,2020_Townsend
CycPeptMPDB_ID_2569,pampa,-5.0100,2020_Townsend
CycPeptMPDB_ID_2570,pampa,-5.3800,2020_Townsend
CycPeptMPDB_ID_2571,pampa,-5.1300,2020_Townsend
CycPeptMPDB_ID_2572,pampa,-5.5600,2020_Townsend
CycPeptMPDB_ID_2573,pampa,-5.2600,2020_Townsend
CycPeptMPDB_ID_2574,pampa,-5.4800,2020_Townsend
CycPeptMPDB_ID_2575,pampa,-5.2300,2020_Townsend
CycPeptMPDB_ID_2576,pampa,-5.2600,2020_Townsend
CycPeptMPDB_ID_2577,pampa,-5.5500,2020_Townsend
CycPeptMPDB_ID_2578,pampa,-5.6300,2020_Townsend
CycPeptMPDB_ID_2579,pampa,-5.5400,2020_Townsend
CycPeptMPDB_ID_2580,pampa,-5.8200,2020_Townsend
CycPeptMPDB_ID_2581,pampa,-5.4100,2020_Townsend
CycPeptMPDB_ID_2582,pampa,-5.7900,2020_Townsend
CycPeptMPDB_ID_2583,pampa,-5.3700,2020_Townsend
CycPeptMPDB_ID_2584,pampa,-5.3700,2020_Townsend
CycPeptMPDB_ID_2586,pampa,-4.9900,2020_Townsend
CycPeptMPDB_ID_2587,pampa,-5.9600,2020_Townsend
CycPeptMPDB_ID_2588,pampa,-5.7600,2020_Townsend
CycPeptMPDB_ID_2589,pampa,-5.4600,2020_Townsend
CycPeptMPDB_ID_2590,pampa,-6.4100,2020_Townsend
CycPeptMPDB_ID_2591,pampa,-5.8300,2020_Townsend
CycPeptMPDB_ID_2592,pampa,-5.8600,2020_Townsend
CycPeptMPDB_ID_2593,pampa,-5.7300,2020_Townsend
CycPeptMPDB_ID_2594,pampa,-5.8100,2020_Townsend
CycPeptMPDB_ID_2595,pampa,-5.5600,2020_Townsend
CycPeptMPDB_ID_2596,pampa,-5.9200,2020_Townsend
CycPeptMPDB_ID_2597,pampa,-6.3200,2020_Townsend
CycPeptMPDB_ID_2598,pampa,-5.7800,2020_Townsend
CycPeptMPDB_ID_2599,pampa,-4.8400,2020_Townsend
CycPeptMPDB_ID_2600,pampa,-6.4700,2020_Townsend
CycPeptMPDB_ID_2601,pampa,-5.2600,2020_Townsend
CycPeptMPDB_ID_2602,pampa,-5.3600,2020_Townsend
CycPeptMPDB_ID_2603,pampa,-5.1900,2020_Townsend
CycPeptMPDB_ID_2604,pampa,-5.4900,2020_Townsend
CycPeptMPDB_ID_2605,pampa,-5.1300,2020_Townsend
CycPeptMPDB_ID_2606,pampa,-5.3300,2020_Townsend
CycPeptMPDB_ID_2607,pampa,-5.6500,2020_Townsend
CycPeptMPDB_ID_2608,pampa,-4.9700,2020_Townsend
CycPeptMPDB_ID_2609,pampa,-5.3700,2020_Townsend
CycPeptMPDB_ID_2610,pampa,-6.1700,2020_Townsend
CycPeptMPDB_ID_2611,pampa,-5.7000,2020_Townsend
CycPeptMPDB_ID_2612,pampa,-5.5400,2020_Townsend
CycPeptMPDB_ID_2613,pampa,-5.1600,2020_Townsend
CycPeptMPDB_ID_2614,pampa,-5.0500,2020_Townsend
CycPeptMPDB_ID_2615,pampa,-5.4100,2020_Townsend
CycPeptMPDB_ID_2616,pampa,-5.6700,2020_Townsend
CycPeptMPDB_ID_2617,pampa,-5.5800,2020_Townsend
CycPeptMPDB_ID_2618,pampa,-5.6700,2020_Townsend
CycPeptMPDB_ID_2619,pampa,-5.7400,2020_Townsend
CycPeptMPDB_ID_2620,pampa,-5.1300,2020_Townsend
CycPeptMPDB_ID_2621,pampa,-5.2200,2020_Townsend
CycPeptMPDB_ID_2622,pampa,-5.1100,2020_Townsend
CycPeptMPDB_ID_2623,pampa,-5.3300,2020_Townsend
CycPeptMPDB_ID_2624,pampa,-5.2100,2020_Townsend
CycPeptMPDB_ID_2625,pampa,-5.1600,2020_Townsend
CycPeptMPDB_ID_2626,pampa,-5.1100,2020_Townsend
CycPeptMPDB_ID_2627,pampa,-5.1900,2020_Townsend
CycPeptMPDB_ID_2628,pampa,-5.2400,2020_Townsend
CycPeptMPDB_ID_2629,pampa,-5.9400,2020_Townsend
CycPeptMPDB_ID_2630,pampa,-5.7000,2020_Townsend
CycPeptMPDB_ID_2631,pampa,-5.4700,2020_Townsend
CycPeptMPDB_ID_2632,pampa,-5.0200,2020_Townsend
CycPeptMPDB_ID_2633,pampa,-5.2200,2020_Townsend
CycPeptMPDB_ID_2634,pampa,-5.1000,2020_Townsend
CycPeptMPDB_ID_2635,pampa,-5.2600,2020_Townsend
CycPeptMPDB_ID_2636,pampa,-5.5500,2020_Townsend
CycPeptMPDB_ID_2637,pampa,-5.8300,2020_Townsend
CycPeptMPDB_ID_2638,pampa,-5.5700,2020_Townsend
CycPeptMPDB_ID_2639,pampa,-5.1400,2020_Townsend
CycPeptMPDB_ID_2640,pampa,-5.1800,2020_Townsend
CycPeptMPDB_ID_2641,pampa,-5.8300,2020_Townsend
CycPeptMPDB_ID_2642,pampa,-5.7800,2020_Townsend
CycPeptMPDB_ID_2643,pampa,-5.9100,2020_Townsend
CycPeptMPDB_ID_2644,pampa,-5.1600,2020_Townsend
CycPeptMPDB_ID_2645,pampa,-5.2500,2020_Townsend
CycPeptMPDB_ID_2646,pampa,-5.2900,2020_Townsend
CycPeptMPDB_ID_2647,pampa,-5.7300,2020_Townsend
CycPeptMPDB_ID_2648,pampa,-5.8100,2020_Townsend
CycPeptMPDB_ID_2649,pampa,-5.3100,2020_Townsend
CycPeptMPDB_ID_2650,pampa,-5.1900,2020_Townsend
CycPeptMPDB_ID_2651,pampa,-5.9300,2020_Townsend
CycPeptMPDB_ID_2652,pampa,-5.7300,2020_Townsend
CycPeptMPDB_ID_2653,pampa,-5.6900,2020_Townsend
CycPeptMPDB_ID_2654,pampa,-5.5700,2020_Townsend
CycPeptMPDB_ID_2655,pampa,-5.4800,2020_Townsend
CycPeptMPDB_ID_2656,pampa,-5.4700,2020_Townsend
CycPeptMPDB_ID_2657,pampa,-5.6000,2020_Townsend
CycPeptMPDB_ID_2658,pampa,-5.2800,2020_Townsend
CycPeptMPDB_ID_2659,pampa,-5.3800,2020_Townsend
CycPeptMPDB_ID_2660,pampa,-5.2900,2020_Townsend
CycPeptMPDB_ID_2661,pampa,-5.9300,2020_Townsend
CycPeptMPDB_ID_2662,pampa,-5.6900,2020_Townsend
CycPeptMPDB_ID_2663,pampa,-5.3700,2020_Townsend
CycPeptMPDB_ID_2664,pampa,-5.3900,2020_Townsend
CycPeptMPDB_ID_2665,pampa,-5.3900,2020_Townsend
CycPeptMPDB_ID_2666,pampa,-5.8800,2020_Townsend
CycPeptMPDB_ID_2667,pampa,-5.4900,2020_Townsend
CycPeptMPDB_ID_2668,pampa,-5.6800,2020_Townsend
CycPeptMPDB_ID_2669,pampa,-5.3300,2020_Townsend
CycPeptMPDB_ID_2670,pampa,-5.7200,2020_Townsend
CycPeptMPDB_ID_2671,pampa,-5.4300,2020_Townsend
CycPeptMPDB_ID_2672,pampa,-5.5200,2020_Townsend
CycPeptMPDB_ID_2673,pampa,-6.0200,2020_Townsend
CycPeptMPDB_ID_2674,pampa,-5.7100,2020_Townsend
CycPeptMPDB_ID_2675,pampa,-5.6100,2020_Townsend
CycPeptMPDB_ID_2676,pampa,-5.2300,2020_Townsend
CycPeptMPDB_ID_2677,pampa,-5.2900,2020_Townsend
CycPeptMPDB_ID_2678,pampa,-5.7800,2020_Townsend
CycPeptMPDB_ID_2680,pampa,-5.4100,2020_Townsend
CycPeptMPDB_ID_2681,pampa,-6.2000,2020_Townsend
CycPeptMPDB_ID_2682,pampa,-6.0800,2020_Townsend
CycPeptMPDB_ID_2683,pampa,-5.3200,2020_Townsend
CycPeptMPDB_ID_2684,pampa,-6.0200,2020_Townsend
CycPeptMPDB_ID_2685,pampa,-5.4600,2020_Townsend
CycPeptMPDB_ID_2686,pampa,-5.4700,2020_Townsend
CycPeptMPDB_ID_2687,pampa,-5.5600,2020_Townsend
CycPeptMPDB_ID_2688,pampa,-5.5400,2020_Townsend
CycPeptMPDB_ID_2689,pampa,-6.1700,2020_Townsend
CycPeptMPDB_ID_2690,pampa,-5.8100,2020_Townsend
CycPeptMPDB_ID_2691,pampa,-4.9300,2020_Townsend
CycPeptMPDB_ID_2692,pampa,-5.9000,2020_Townsend
CycPeptMPDB_ID_2693,pampa,-6.0400,2020_Townsend
CycPeptMPDB_ID_2694,pampa,-5.1800,2020_Townsend
CycPeptMPDB_ID_2695,pampa,-6.0000,2020_Townsend
CycPeptMPDB_ID_2696,pampa,-6.6200,2020_Townsend
CycPeptMPDB_ID_2697,pampa,-6.0200,2020_Townsend
CycPeptMPDB_ID_2698,pampa,-5.7600,2020_Townsend
CycPeptMPDB_ID_2699,pampa,-5.0700,2020_Townsend
CycPeptMPDB_ID_2700,pampa,-5.3000,2020_Townsend
CycPeptMPDB_ID_2701,pampa,-5.2100,2020_Townsend
CycPeptMPDB_ID_2702,pampa,-5.4700,2020_Townsend
CycPeptMPDB_ID_2703,pampa,-5.1900,2020_Townsend
CycPeptMPDB_ID_2704,pampa,-5.3000,2020_Townsend
CycPeptMPDB_ID_2705,pampa,-5.0200,2020_Townsend
CycPeptMPDB_ID_2706,pampa,-5.6800,2020_Townsend
CycPeptMPDB_ID_2707,pampa,-5.2200,2020_Townsend
CycPeptMPDB_ID_2708,pampa,-5.2900,2020_Townsend
CycPeptMPDB_ID_2709,pampa,-5.1500,2020_Townsend
CycPeptMPDB_ID_2710,pampa,-5.0000,2020_Townsend
CycPeptMPDB_ID_2711,pampa,-4.8000,2020_Townsend
CycPeptMPDB_ID_2712,pampa,-5.2100,2020_Townsend
CycPeptMPDB_ID_2713,pampa,-5.1600,2020_Townsend
CycPeptMPDB_ID_2714,pampa,-5.1000,2020_Townsend
CycPeptMPDB_ID_2715,pampa,-5.1600,2020_Townsend
CycPeptMPDB_ID_2716,pampa,-5.0500,2020_Townsend
CycPeptMPDB_ID_2717,pampa,-5.0400,2020_Townsend
CycPeptMPDB_ID_2718,pampa,-4.8900,2020_Townsend
CycPeptMPDB_ID_2719,pampa,-4.9600,2020_Townsend
CycPeptMPDB_ID_2720,pampa,-5.9300,2020_Townsend
CycPeptMPDB_ID_2721,pampa,-5.8500,2020_Townsend
CycPeptMPDB_ID_2722,pampa,-5.4300,2020_Townsend
CycPeptMPDB_ID_2723,pampa,-5.3200,2020_Townsend
CycPeptMPDB_ID_2724,pampa,-5.0100,2020_Townsend
CycPeptMPDB_ID_2725,pampa,-4.8600,2020_Townsend
CycPeptMPDB_ID_2726,pampa,-4.8300,2020_Townsend
CycPeptMPDB_ID_2727,pampa,-4.9800,2020_Townsend
CycPeptMPDB_ID_2728,pampa,-5.0500,2020_Townsend
CycPeptMPDB_ID_2729,pampa,-6.1100,2020_Townsend
CycPeptMPDB_ID_2730,pampa,-5.7700,2020_Townsend
CycPeptMPDB_ID_2731,pampa,-5.0100,2020_Townsend
CycPeptMPDB_ID_2732,pampa,-5.0100,2020_Townsend
CycPeptMPDB_ID_2733,pampa,-4.9600,2020_Townsend
CycPeptMPDB_ID_2734,pampa,-5.8900,2020_Townsend
CycPeptMPDB_ID_2735,pampa,-5.6400,2020_Townsend
CycPeptMPDB_ID_2736,pampa,-5.3900,2020_Townsend
CycPeptMPDB_ID_2737,pampa,-5.2800,2020_Townsend
CycPeptMPDB_ID_2738,pampa,-5.1300,2020_Townsend
CycPeptMPDB_ID_2739,pampa,-5.0900,2020_Townsend
CycPeptMPDB_ID_2740,pampa,-5.3500,2020_Townsend
CycPeptMPDB_ID_2741,pampa,-5.3300,2020_Townsend
CycPeptMPDB_ID_2742,pampa,-4.8700,2020_Townsend
CycPeptMPDB_ID_2743,pampa,-5.0800,2020_Townsend
CycPeptMPDB_ID_2744,pampa,-6.1100,2020_Townsend
CycPeptMPDB_ID_2745,pampa,-6.0900,2020_Townsend
CycPeptMPDB_ID_2746,pampa,-5.3700,2020_Townsend
CycPeptMPDB_ID_2747,pampa,-5.1300,2020_Townsend
CycPeptMPDB_ID_2748,pampa,-5.1300,2020_Townsend
CycPeptMPDB_ID_2749,pampa,-5.0400,2020_Townsend
CycPeptMPDB_ID_2750,pampa,-5.1300,2020_Townsend
CycPeptMPDB_ID_2751,pampa,-5.2500,2020_Townsend
CycPeptMPDB_ID_2752,pampa,-5.5400,2020_Townsend
CycPeptMPDB_ID_2753,pampa,-5.7000,2020_Townsend
CycPeptMPDB_ID_2754,pampa,-5.3300,2020_Townsend
CycPeptMPDB_ID_2755,pampa,-5.3400,2020_Townsend
CycPeptMPDB_ID_2756,pampa,-5.5900,2020_Townsend
CycPeptMPDB_ID_2757,pampa,-5.1000,2020_Townsend
CycPeptMPDB_ID_2758,pampa,-5.3500,2020_Townsend
CycPeptMPDB_ID_2759,pampa,-5.1500,2020_Townsend
CycPeptMPDB_ID_2760,pampa,-5.1900,2020_Townsend
CycPeptMPDB_ID_2761,pampa,-5.1500,2020_Townsend
CycPeptMPDB_ID_2762,pampa,-5.1800,2020_Townsend
CycPeptMPDB_ID_2763,pampa,-5.3800,2020_Townsend
CycPeptMPDB_ID_2764,pampa,-5.7600,2020_Townsend
CycPeptMPDB_ID_2765,pampa,-5.1900,2020_Townsend
CycPeptMPDB_ID_2766,pampa,-5.2800,2020_Townsend
CycPeptMPDB_ID_2767,pampa,-5.7000,2020_Townsend
CycPeptMPDB_ID_2768,pampa,-5.9200,2020_Townsend
CycPeptMPDB_ID_2770,pampa,-5.0800,2020_Townsend
CycPeptMPDB_ID_2771,pampa,-5.7300,2020_Townsend
CycPeptMPDB_ID_2772,pampa,-5.2600,2020_Townsend
CycPeptMPDB_ID_2773,pampa,-6.0800,2020_Townsend
CycPeptMPDB_ID_2774,pampa,-4.9400,2020_Townsend
CycPeptMPDB_ID_2775,pampa,-5.9500,2020_Townsend
CycPeptMPDB_ID_2776,pampa,-4.8900,2020_Townsend
CycPeptMPDB_ID_2777,pampa,-4.9600,2020_Townsend
CycPeptMPDB_ID_2778,pampa,-4.9300,2020_Townsend
CycPeptMPDB_ID_2779,pampa,-4.9200,2020_Townsend
CycPeptMPDB_ID_2780,pampa,-5.8500,2020_Townsend
CycPeptMPDB_ID_2781,pampa,-5.0000,2020_Townsend
CycPeptMPDB_ID_2782,pampa,-5.2000,2020_Townsend
CycPeptMPDB_ID_2783,pampa,-4.9900,2020_Townsend
CycPeptMPDB_ID_2784,pampa,-4.9300,2020_Townsend
CycPeptMPDB_ID_2785,pampa,-5.0300,2020_Townsend
CycPeptMPDB_ID_2786,pampa,-5.4000,2020_Townsend
CycPeptMPDB_ID_2787,pampa,-4.8300,2020_Townsend
CycPeptMPDB_ID_2788,pampa,-4.8200,2020_Townsend
CycPeptMPDB_ID_2789,pampa,-4.8000,2020_Townsend
CycPeptMPDB_ID_2790,pampa,-5.3700,2020_Townsend
CycPeptMPDB_ID_2791,pampa,-4.9200,2020_Townsend
CycPeptMPDB_ID_2792,pampa,-4.8200,2020_Townsend
CycPeptMPDB_ID_2793,pampa,-4.7100,2020_Townsend
CycPeptMPDB_ID_2794,pampa,-4.8200,2020_Townsend
CycPeptMPDB_ID_2795,pampa,-5.8800,2020_Townsend
CycPeptMPDB_ID_2796,pampa,-5.4500,2020_Townsend
CycPeptMPDB_ID_2797,pampa,-4.7600,2020_Townsend
CycPeptMPDB_ID_2798,pampa,-4.7100,2020_Townsend
CycPeptMPDB_ID_2799,pampa,-4.7400,2020_Townsend
CycPeptMPDB_ID_2800,pampa,-4.8000,2020_Townsend
CycPeptMPDB_ID_2801,pampa,-5.5500,2020_Townsend
CycPeptMPDB_ID_2802,pampa,-5.6500,2020_Townsend
CycPeptMPDB_ID_2803,pampa,-5.5000,2020_Townsend
CycPeptMPDB_ID_2804,pampa,-5.5900,2020_Townsend
CycPeptMPDB_ID_2805,pampa,-4.8200,2020_Townsend
CycPeptMPDB_ID_2806,pampa,-5.4200,2020_Townsend
CycPeptMPDB_ID_2807,pampa,-4.8400,2020_Townsend
CycPeptMPDB_ID_2808,pampa,-4.8200,2020_Townsend
CycPeptMPDB_ID_2809,pampa,-4.7700,2020_Townsend
CycPeptMPDB_ID_2810,pampa,-6.2300,2020_Townsend
CycPeptMPDB_ID_2811,pampa,-5.8900,2020_Townsend
CycPeptMPDB_ID_2812,pampa,-5.2400,2020_Townsend
CycPeptMPDB_ID_2813,pampa,-4.7200,2020_Townsend
CycPeptMPDB_ID_2814,pampa,-4.8300,2020_Townsend
CycPeptMPDB_ID_2815,pampa,-5.5500,2020_Townsend
CycPeptMPDB_ID_2816,pampa,-5.6900,2020_Townsend
CycPeptMPDB_ID_2817,pampa,-4.8800,2020_Townsend
CycPeptMPDB_ID_2818,pampa,-4.8300,2020_Townsend
CycPeptMPDB_ID_2819,pampa,-4.9800,2020_Townsend
CycPeptMPDB_ID_2820,pampa,-5.0800,2020_Townsend
CycPeptMPDB_ID_2821,pampa,-5.9900,2020_Townsend
CycPeptMPDB_ID_2822,pampa,-4.9900,2020_Townsend
CycPeptMPDB_ID_2823,pampa,-4.8700,2020_Townsend
CycPeptMPDB_ID_2824,pampa,-4.9500,2020_Townsend
CycPeptMPDB_ID_2825,pampa,-5.6700,2020_Townsend
CycPeptMPDB_ID_2826,pampa,-5.0200,2020_Townsend
CycPeptMPDB_ID_2827,pampa,-5.5600,2020_Townsend
CycPeptMPDB_ID_2828,pampa,-5.1400,2020_Townsend
CycPeptMPDB_ID_2829,pampa,-4.9700,2020_Townsend
CycPeptMPDB_ID_2830,pampa,-5.0900,2020_Townsend
CycPeptMPDB_ID_2831,pampa,-5.8300,2020_Townsend
CycPeptMPDB_ID_2832,pampa,-4.9300,2020_Townsend
CycPeptMPDB_ID_2833,pampa,-4.8800,2020_Townsend
CycPeptMPDB_ID_2834,pampa,-5.2800,2020_Townsend
CycPeptMPDB_ID_2835,pampa,-6.0700,2020_Townsend
CycPeptMPDB_ID_2836,pampa,-5.5900,2020_Townsend
CycPeptMPDB_ID_2837,pampa,-5.8500,2020_Townsend
CycPeptMPDB_ID_2838,pampa,-5.5800,2020_Townsend
CycPeptMPDB_ID_2839,pampa,-5.8700,2020_Townsend
CycPeptMPDB_ID_2840,pampa,-6.3900,2020_Townsend
CycPeptMPDB_ID_2841,pampa,-6.2300,2020_Townsend
CycPeptMPDB_ID_2842,pampa,-6.4500,2020_Townsend
CycPeptMPDB_ID_2843,pampa,-6.6200,2020_Townsend
CycPeptMPDB_ID_2844,pampa,-6.4900,2020_Townsend
CycPeptMPDB_ID_2845,pampa,-6.1100,2020_Townsend
CycPeptMPDB_ID_2846,pampa,-5.9500,2020_Townsend
CycPeptMPDB_ID_2847,pampa,-6.5900,2020_Townsend
CycPeptMPDB_ID_2848,pampa,-6.3100,2020_Townsend
CycPeptMPDB_ID_2849,pampa,-6.1000,2020_Townsend
CycPeptMPDB_ID_2850,pampa,-6.3000,2020_Townsend
CycPeptMPDB_ID_2851,pampa,-6.0000,2020_Townsend
CycPeptMPDB_ID_2852,pampa,-5.9400,2020_Townsend
CycPeptMPDB_ID_2853,pampa,-5.6200,2020_Townsend
CycPeptMPDB_ID_2855,pampa,-6.2600,2020_Townsend
CycPeptMPDB_ID_2856,pampa,-6.1900,2020_Townsend
CycPeptMPDB_ID_2857,pampa,-6.1200,2020_Townsend
CycPeptMPDB_ID_2858,pampa,-5.7900,2020_Townsend
CycPeptMPDB_ID_2859,pampa,-5.8800,2020_Townsend
CycPeptMPDB_ID_2860,pampa,-5.6900,2020_Townsend
CycPeptMPDB_ID_2861,pampa,-6.1500,2020_Townsend
CycPeptMPDB_ID_2862,pampa,-5.4100,2020_Townsend
CycPeptMPDB_ID_2863,pampa,-5.5100,2020_Townsend
CycPeptMPDB_ID_2864,pampa,-5.2200,2020_Townsend
CycPeptMPDB_ID_2865,pampa,-5.6100,2020_Townsend
CycPeptMPDB_ID_2866,pampa,-5.3500,2020_Townsend
CycPeptMPDB_ID_2867,pampa,-5.7200,2020_Townsend
CycPeptMPDB_ID_2868,pampa,-5.7300,2020_Townsend
CycPeptMPDB_ID_2869,pampa,-5.4100,2020_Townsend
CycPeptMPDB_ID_2870,pampa,-4.9000,2020_Townsend
CycPeptMPDB_ID_2871,pampa,-6.4300,2020_Townsend
CycPeptMPDB_ID_2872,pampa,-6.1000,2020_Townsend
CycPeptMPDB_ID_2873,pampa,-5.9000,2020_Townsend
CycPeptMPDB_ID_2874,pampa,-5.4800,2020_Townsend
CycPeptMPDB_ID_2875,pampa,-5.2500,2020_Townsend
CycPeptMPDB_ID_2876,pampa,-5.2800,2020_Townsend
CycPeptMPDB_ID_2877,pampa,-5.0000,2020_Townsend
CycPeptMPDB_ID_2878,pampa,-6.3300,2020_Townsend
CycPeptMPDB_ID_2879,pampa,-5.8100,2020_Townsend
CycPeptMPDB_ID_2880,pampa,-5.6800,2020_Townsend
CycPeptMPDB_ID_2881,pampa,-5.8000,2020_Townsend
CycPeptMPDB_ID_2882,pampa,-5.2800,2020_Townsend
CycPeptMPDB_ID_2883,pampa,-5.8500,2020_Townsend
CycPeptMPDB_ID_2884,pampa,-6.0500,2020_Townsend
CycPeptMPDB_ID_2885,pampa,-5.2200,2020_Townsend
CycPeptMPDB_ID_2886,pampa,-5.0700,2020_Townsend
CycPeptMPDB_ID_2887,pampa,-4.8800,2020_Townsend
CycPeptMPDB_ID_2888,pampa,-5.1600,2020_Townsend
CycPeptMPDB_ID_2889,pampa,-6.5400,2020_Townsend
CycPeptMPDB_ID_2890,pampa,-6.4000,2020_Townsend
CycPeptMPDB_ID_2891,pampa,-5.9100,2020_Townsend
CycPeptMPDB_ID_2892,pampa,-5.3900,2020_Townsend
CycPeptMPDB_ID_2893,pampa,-5.2200,2020_Townsend
CycPeptMPDB_ID_2894,pampa,-5.1400,2020_Townsend
CycPeptMPDB_ID_2895,pampa,-5.0000,2020_Townsend
CycPeptMPDB_ID_2896,pampa,-6.6000,2020_Townsend
CycPeptMPDB_ID_2898,pampa,-6.0700,2020_Townsend
CycPeptMPDB_ID_2899,pampa,-6.0100,2020_Townsend
CycPeptMPDB_ID_2900,pampa,-5.7600,2020_Townsend
CycPeptMPDB_ID_2901,pampa,-5.9100,2020_Townsend
CycPeptMPDB_ID_2902,pampa,-5.5600,2020_Townsend
CycPeptMPDB_ID_2903,pampa,-5.1200,2020_Townsend
CycPeptMPDB_ID_2904,pampa,-5.6500,2020_Townsend
CycPeptMPDB_ID_2905,pampa,-5.4800,2020_Townsend
CycPeptMPDB_ID_2906,pampa,-5.9400,2020_Townsend
CycPeptMPDB_ID_2907,pampa,-5.8900,2020_Townsend
CycPeptMPDB_ID_2908,pampa,-5.6300,2020_Townsend
CycPeptMPDB_ID_2909,pampa,-5.7700,2020_Townsend
CycPeptMPDB_ID_2910,pampa,-5.5900,2020_Townsend
CycPeptMPDB_ID_2911,pampa,-5.3500,2020_Townsend
CycPeptMPDB_ID_2913,pampa,-6.8900,2020_Townsend
CycPeptMPDB_ID_2914,pampa,-6.2800,2020_Townsend
CycPeptMPDB_ID_2915,pampa,-6.2200,2020_Townsend
CycPeptMPDB_ID_2916,pampa,-5.2000,2020_Townsend
CycPeptMPDB_ID_2917,pampa,-5.5100,2020_Townsend
CycPeptMPDB_ID_2918,pampa,-5.3000,2020_Townsend
CycPeptMPDB_ID_2919,pampa,-6.4100,2020_Townsend
CycPeptMPDB_ID_2920,pampa,-5.5200,2020_Townsend
CycPeptMPDB_ID_2921,pampa,-5.5800,2020_Townsend
CycPeptMPDB_ID_2922,pampa,-5.2200,2020_Townsend
CycPeptMPDB_ID_2923,pampa,-5.9500,2020_Townsend
CycPeptMPDB_ID_2924,pampa,-6.2800,2020_Townsend
CycPeptMPDB_ID_2925,pampa,-6.0200,2020_Townsend
CycPeptMPDB_ID_2926,pampa,-5.2400,2020_Townsend
CycPeptMPDB_ID_2927,pampa,-5.5000,2020_Townsend
CycPeptMPDB_ID_2928,pampa,-6.1200,2020_Townsend
CycPeptMPDB_ID_2929,pampa,-6.3100,2020_Townsend
CycPeptMPDB_ID_2930,pampa,-6.7000,2020_Townsend
CycPeptMPDB_ID_2931,pampa,-5.4300,2020_Townsend
CycPeptMPDB_ID_2932,pampa,-6.2200,2020_Townsend
CycPeptMPDB_ID_2933,pampa,-7.2600,2020_Townsend
CycPeptMPDB_ID_2934,pampa,-6.8900,2020_Townsend
CycPeptMPDB_ID_2935,pampa,-7.0200,2020_Townsend
CycPeptMPDB_ID_2936,pampa,-6.7700,2020_Townsend
CycPeptMPDB_ID_2937,pampa,-5.8800,2020_Townsend
CycPeptMPDB_ID_2938,pampa,-5.6900,2020_Townsend
CycPeptMPDB_ID_2939,pampa,-6.7900,2020_Townsend
CycPeptMPDB_ID_2940,pampa,-5.6700,2020_Townsend
CycPeptMPDB_ID_2941,pampa,-6.2600,2020_Townsend
CycPeptMPDB_ID_2942,pampa,-5.8500,2020_Townsend
CycPeptMPDB_ID_2943,pampa,-5.8500,2020_Townsend
CycPeptMPDB_ID_2944,pampa,-6.0600,2020_Townsend
CycPeptMPDB_ID_2945,pampa,-5.8000,2020_Townsend
CycPeptMPDB_ID_2946,pampa,-7.1200,2020_Townsend
CycPeptMPDB_ID_2947,pampa,-6.3100,2020_Townsend
CycPeptMPDB_ID_2948,pampa,-5.8700,2020_Townsend
CycPeptMPDB_ID_2949,pampa,-6.3300,2020_Townsend
CycPeptMPDB_ID_2950,pampa,-5.8300,2020_Townsend
CycPeptMPDB_ID_2951,pampa,-5.8900,2020_Townsend
CycPeptMPDB_ID_2952,pampa,-6.2700,2020_Townsend
CycPeptMPDB_ID_2953,pampa,-6.2100,2020_Townsend
CycPeptMPDB_ID_2954,pampa,-6.3700,2020_Townsend
CycPeptMPDB_ID_2955,pampa,-5.5800,2020_Townsend
CycPeptMPDB_ID_2956,pampa,-5.1800,2020_Townsend
CycPeptMPDB_ID_2957,pampa,-5.9200,2020_Townsend
CycPeptMPDB_ID_2958,pampa,-6.4900,2020_Townsend
CycPeptMPDB_ID_2959,pampa,-5.3800,2020_Townsend
CycPeptMPDB_ID_2960,pampa,-5.3000,2020_Townsend
CycPeptMPDB_ID_2961,pampa,-5.1400,2020_Townsend
CycPeptMPDB_ID_2962,pampa,-5.1600,2020_Townsend
CycPeptMPDB_ID_2963,pampa,-6.6300,2020_Townsend
CycPeptMPDB_ID_2964,pampa,-6.4500,2020_Townsend
CycPeptMPDB_ID_2965,pampa,-6.2000,2020_Townsend
CycPeptMPDB_ID_2966,pampa,-6.4700,2020_Townsend
CycPeptMPDB_ID_2967,pampa,-5.9600,2020_Townsend
CycPeptMPDB_ID_2968,pampa,-5.7800,2020_Townsend
CycPeptMPDB_ID_2969,pampa,-5.3700,2020_Townsend
CycPeptMPDB_ID_2970,pampa,-5.3000,2020_Townsend
CycPeptMPDB_ID_2971,pampa,-5.4900,2020_Townsend
CycPeptMPDB_ID_2972,pampa,-6.2100,2020_Townsend
CycPeptMPDB_ID_2973,pampa,-6.6300,2020_Townsend
CycPeptMPDB_ID_2974,pampa,-6.3400,2020_Townsend
CycPeptMPDB_ID_2975,pampa,-6.3200,2020_Townsend
CycPeptMPDB_ID_2976,pampa,-6.0200,2020_Townsend
CycPeptMPDB_ID_2977,pampa,-5.3200,2020_Townsend
CycPeptMPDB_ID_2978,pampa,-6.2700,2020_Townsend
CycPeptMPDB_ID_2979,pampa,-6.0800,2020_Townsend
CycPeptMPDB_ID_2980,pampa,-5.2000,2020_Townsend
CycPeptMPDB_ID_2981,pampa,-5.3200,2020_Townsend
CycPeptMPDB_ID_2982,pampa,-5.2300,2020_Townsend
CycPeptMPDB_ID_2983,pampa,-5.3500,2020_Townsend
CycPeptMPDB_ID_2984,pampa,-6.3400,2020_Townsend
CycPeptMPDB_ID_2985,pampa,-5.5300,2020_Townsend
CycPeptMPDB_ID_2986,pampa,-5.2700,2020_Townsend
CycPeptMPDB_ID_2987,pampa,-5.2800,2020_Townsend
CycPeptMPDB_ID_2988,pampa,-5.1900,2020_Townsend
CycPeptMPDB_ID_2989,pampa,-6.8600,2020_Townsend
CycPeptMPDB_ID_2990,pampa,-6.0900,2020_Townsend
CycPeptMPDB_ID_2991,pampa,-5.7900,2020_Townsend
CycPeptMPDB_ID_2992,pampa,-5.7800,2020_Townsend
CycPeptMPDB_ID_2993,pampa,-5.4400,2020_Townsend
CycPeptMPDB_ID_2994,pampa,-5.2200,2020_Townsend
CycPeptMPDB_ID_2995,pampa,-6.6100,2020_Townsend
CycPeptMPDB_ID_2996,pampa,-5.9800,2020_Townsend
CycPeptMPDB_ID_2997,pampa,-5.5900,2020_Townsend
CycPeptMPDB_ID_2998,pampa,-5.5000,2020_Townsend
CycPeptMPDB_ID_2999,pampa,-6.7500,2020_Townsend
CycPeptMPDB_ID_3000,pampa,-5.8700,2020_Townsend
CycPeptMPDB_ID_3001,pampa,-5.8900,2020_Townsend
CycPeptMPDB_ID_3002,pampa,-5.4400,2020_Townsend
CycPeptMPDB_ID_3003,pampa,-5.3700,2020_Townsend
CycPeptMPDB_ID_3004,pampa,-6.1900,2020_Townsend
CycPeptMPDB_ID_3005,pampa,-5.9300,2020_Townsend
CycPeptMPDB_ID_3006,pampa,-5.6000,2020_Townsend
CycPeptMPDB_ID_3007,pampa,-5.3700,2020_Townsend
CycPeptMPDB_ID_3008,pampa,-6.2200,2020_Townsend
CycPeptMPDB_ID_3009,pampa,-6.0000,2020_Townsend
CycPeptMPDB_ID_3010,pampa,-5.4400,2020_Townsend
CycPeptMPDB_ID_3011,pampa,-5.3500,2020_Townsend
CycPeptMPDB_ID_3012,pampa,-5.3700,2020_Townsend
CycPeptMPDB_ID_3013,pampa,-6.2200,2020_Townsend
CycPeptMPDB_ID_3014,pampa,-5.5800,2020_Townsend
CycPeptMPDB_ID_3015,pampa,-5.4100,2020_Townsend
CycPeptMPDB_ID_3016,pampa,-6.5600,2020_Townsend
CycPeptMPDB_ID_3017,pampa,-6.3300,2020_Townsend
CycPeptMPDB_ID_3018,pampa,-5.3200,2020_Townsend
CycPeptMPDB_ID_3019,pampa,-6.0700,2020_Townsend
CycPeptMPDB_ID_3020,pampa,-5.9600,2020_Townsend
CycPeptMPDB_ID_3021,pampa,-5.3400,2020_Townsend
CycPeptMPDB_ID_3022,pampa,-5.5300,2020_Townsend
CycPeptMPDB_ID_3023,pampa,-5.5300,2020_Townsend
CycPeptMPDB_ID_3024,pampa,-6.0600,2020_Townsend
CycPeptMPDB_ID_3025,pampa,-5.6500,2020_Townsend
CycPeptMPDB_ID_3026,pampa,-6.6700,2020_Townsend
CycPeptMPDB_ID_3029,pampa,-4.8200,2020_Townsend
CycPeptMPDB_ID_3030,pampa,-5.1400,2020_Townsend
CycPeptMPDB_ID_3031,pampa,-5.2400,2020_Townsend
CycPeptMPDB_ID_3032,pampa,-6.5800,2020_Townsend
CycPeptMPDB_ID_3033,pampa,-6.9100,2020_Townsend
CycPeptMPDB_ID_3034,pampa,-6.6700,2020_Townsend
CycPeptMPDB_ID_3037,pampa,-6.3900,2020_Townsend
CycPeptMPDB_ID_3038,pampa,-6.3500,2020_Townsend
CycPeptMPDB_ID_3039,pampa,-6.2800,2020_Townsend
CycPeptMPDB_ID_3040,pampa,-5.6900,2020_Townsend
CycPeptMPDB_ID_3041,pampa,-5.4000,2020_Townsend
CycPeptMPDB_ID_3042,pampa,-5.7200,2020_Townsend
CycPeptMPDB_ID_3043,pampa,-6.5200,2020_Townsend
CycPeptMPDB_ID_3044,pampa,-6.5500,2020_Townsend
CycPeptMPDB_ID_3045,pampa,-6.2100,2020_Townsend
CycPeptMPDB_ID_3046,pampa,-6.2700,2020_Townsend
CycPeptMPDB_ID_3047,pampa,-5.5300,2020_Townsend
CycPeptMPDB_ID_3048,pampa,-5.6800,2020_Townsend
CycPeptMPDB_ID_3049,pampa,-5.6100,2020_Townsend
CycPeptMPDB_ID_3050,pampa,-5.3000,2020_Townsend
CycPeptMPDB_ID_3051,pampa,-6.4600,2020_Townsend
CycPeptMPDB_ID_3052,pampa,-6.0400,2020_Townsend
CycPeptMPDB_ID_3053,pampa,-5.6200,2020_Townsend
CycPeptMPDB_ID_3055,pampa,-5.2000,2020_Townsend
CycPeptMPDB_ID_3056,pampa,-6.2600,2020_Townsend
CycPeptMPDB_ID_3057,pampa,-6.1400,2020_Townsend
CycPeptMPDB_ID_3058,pampa,-5.6500,2020_Townsend
CycPeptMPDB_ID_3059,pampa,-5.7000,2020_Townsend
CycPeptMPDB_ID_3060,pampa,-5.6900,2020_Townsend
CycPeptMPDB_ID_3061,pampa,-4.8200,2020_Townsend
CycPeptMPDB_ID_3062,pampa,-4.9200,2020_Townsend
CycPeptMPDB_ID_3063,pampa,-6.6700,2020_Townsend
CycPeptMPDB_ID_3064,pampa,-6.4600,2020_Townsend
CycPeptMPDB_ID_3065,pampa,-5.6200,2020_Townsend
CycPeptMPDB_ID_3066,pampa,-5.1800,2020_Townsend
CycPeptMPDB_ID_3067,pampa,-5.1100,2020_Townsend
CycPeptMPDB_ID_3068,pampa,-5.4100,2020_Townsend
CycPeptMPDB_ID_3069,pampa,-5.4600,2020_Townsend
CycPeptMPDB_ID_3070,pampa,-4.8900,2020_Townsend
CycPeptMPDB_ID_3071,pampa,-6.6900,2020_Townsend
CycPeptMPDB_ID_3072,pampa,-6.3200,2020_Townsend
CycPeptMPDB_ID_3073,pampa,-6.3400,2020_Townsend
CycPeptMPDB_ID_3074,pampa,-5.5600,2020_Townsend
CycPeptMPDB_ID_3075,pampa,-5.0700,2020_Townsend
CycPeptMPDB_ID_3076,pampa,-5.1700,2020_Townsend
CycPeptMPDB_ID_3077,pampa,-6.5400,2020_Townsend
CycPeptMPDB_ID_3078,pampa,-6.0400,2020_Townsend
CycPeptMPDB_ID_3079,pampa,-5.8800,2020_Townsend
CycPeptMPDB_ID_3080,pampa,-5.8400,2020_Townsend
CycPeptMPDB_ID_3081,pampa,-5.0300,2020_Townsend
CycPeptMPDB_ID_3082,pampa,-6.2600,2020_Townsend
CycPeptMPDB_ID_3083,pampa,-6.2300,2020_Townsend
CycPeptMPDB_ID_3084,pampa,-5.0400,2020_Townsend
CycPeptMPDB_ID_3085,pampa,-5.4900,2020_Townsend
CycPeptMPDB_ID_3086,pampa,-5.0000,2020_Townsend
CycPeptMPDB_ID_3087,pampa,-5.4900,2020_Townsend
CycPeptMPDB_ID_3088,pampa,-6.1000,2020_Townsend
CycPeptMPDB_ID_3090,pampa,-5.7600,2020_Townsend
CycPeptMPDB_ID_3091,pampa,-5.7700,2020_Townsend
CycPeptMPDB_ID_3092,pampa,-5.4500,2020_Townsend
CycPeptMPDB_ID_3093,pampa,-5.0900,2020_Townsend
CycPeptMPDB_ID_3095,pampa,-6.4600,2020_Townsend
CycPeptMPDB_ID_3096,pampa,-5.8100,2020_Townsend
CycPeptMPDB_ID_3097,pampa,-5.7400,2020_Townsend
CycPeptMPDB_ID_3098,pampa,-6.2900,2020_Townsend
CycPeptMPDB_ID_3099,pampa,-6.2700,2020_Townsend
CycPeptMPDB_ID_3100,pampa,-5.1000,2020_Townsend
CycPeptMPDB_ID_3102,pampa,-6.3100,2020_Townsend
CycPeptMPDB_ID_3103,pampa,-5.9900,2020_Townsend
CycPeptMPDB_ID_3104,pampa,-6.2200,2020_Townsend
CycPeptMPDB_ID_3105,pampa,-5.7300,2020_Townsend
CycPeptMPDB_ID_3106,pampa,-5.0800,2020_Townsend
CycPeptMPDB_ID_3107,pampa,-5.2800,2020_Townsend
CycPeptMPDB_ID_3108,pampa,-6.0100,2020_Townsend
CycPeptMPDB_ID_3110,pampa,-6.2000,2020_Townsend
CycPeptMPDB_ID_3111,pampa,-6.0000,2020_Townsend
CycPeptMPDB_ID_3112,pampa,-5.1900,2020_Townsend
CycPeptMPDB_ID_3113,pampa,-6.0300,2020_Townsend
CycPeptMPDB_ID_3114,pampa,-6.3400,2020_Townsend
CycPeptMPDB_ID_3116,pampa,-5.6700,2020_Townsend
CycPeptMPDB_ID_3117,pampa,-5.9900,2020_Townsend
CycPeptMPDB_ID_3118,pampa,-6.7900,2020_Townsend
CycPeptMPDB_ID_3119,pampa,-6.4300,2020_Townsend
CycPeptMPDB_ID_3121,pampa,-6.3400,2020_Townsend
CycPeptMPDB_ID_3122,pampa,-6.8000,2020_Townsend
CycPeptMPDB_ID_3123,pampa,-6.3400,2020_Townsend
CycPeptMPDB_ID_3124,pampa,-6.6100,2020_Townsend
CycPeptMPDB_ID_3125,pampa,-6.7500,2020_Townsend
CycPeptMPDB_ID_3126,pampa,-6.1000,2020_Townsend
CycPeptMPDB_ID_3127,pampa,-6.2000,2020_Townsend
CycPeptMPDB_ID_3129,pampa,-6.9900,2020_Townsend
CycPeptMPDB_ID_3131,pampa,-5.8500,2020_Townsend
CycPeptMPDB_ID_3132,pampa,-5.9300,2020_Townsend
CycPeptMPDB_ID_3133,pampa,-5.3800,2020_Townsend
CycPeptMPDB_ID_3134,pampa,-5.4900,2020_Townsend
CycPeptMPDB_ID_3135,pampa,-5.2400,2020_Townsend
CycPeptMPDB_ID_3136,pampa,-6.6100,2020_Townsend
CycPeptMPDB_ID_3137,pampa,-6.1500,2020_Townsend
CycPeptMPDB_ID_3138,pampa,-5.1900,2020_Townsend
CycPeptMPDB_ID_3139,pampa,-5.2000,2020_Townsend
CycPeptMPDB_ID_3140,pampa,-5.4200,2020_Townsend
CycPeptMPDB_ID_3141,pampa,-5.9900,2020_Townsend
CycPeptMPDB_ID_3142,pampa,-5.6400,2020_Townsend
CycPeptMPDB_ID_3143,pampa,-5.1600,2020_Townsend
CycPeptMPDB_ID_3144,pampa,-5.4300,2020_Townsend
CycPeptMPDB_ID_3145,pampa,-6.2500,2020_Townsend
CycPeptMPDB_ID_3146,pampa,-5.4700,2020_Townsend
CycPeptMPDB_ID_3147,pampa,-6.2700,2020_Townsend
CycPeptMPDB_ID_3148,pampa,-5.6600,2020_Townsend
CycPeptMPDB_ID_3149,pampa,-5.3000,2020_Townsend
CycPeptMPDB_ID_3150,pampa,-5.0700,2020_Townsend
CycPeptMPDB_ID_3151,pampa,-4.8900,2020_Townsend
CycPeptMPDB_ID_3152,pampa,-6.7200,2020_Townsend
CycPeptMPDB_ID_3153,pampa,-6.4200,2020_Townsend
CycPeptMPDB_ID_3154,pampa,-5.7300,2020_Townsend
CycPeptMPDB_ID_3155,pampa,-5.8200,2020_Townsend
CycPeptMPDB_ID_3156,pampa,-5.2300,2020_Townsend
CycPeptMPDB_ID_3157,pampa,-5.9400,2020_Townsend
CycPeptMPDB_ID_3158,pampa,-5.4700,2020_Townsend
CycPeptMPDB_ID_3159,pampa,-5.5000,2020_Townsend
CycPeptMPDB_ID_3160,pampa,-4.8800,2020_Townsend
CycPeptMPDB_ID_3162,pampa,-4.9100,2020_Townsend
CycPeptMPDB_ID_3163,pampa,-6.7500,2020_Townsend
CycPeptMPDB_ID_3164,pampa,-5.8900,2020_Townsend
CycPeptMPDB_ID_3165,pampa,-5.9900,2020_Townsend
CycPeptMPDB_ID_3166,pampa,-5.4800,2020_Townsend
CycPeptMPDB_ID_3167,pampa,-5.5700,2020_Townsend
CycPeptMPDB_ID_3168,pampa,-4.8100,2020_Townsend
CycPeptMPDB_ID_3169,pampa,-4.8700,2020_Townsend
CycPeptMPDB_ID_3170,pampa,-6.0600,2020_Townsend
CycPeptMPDB_ID_3171,pampa,-5.8200,2020_Townsend
CycPeptMPDB_ID_3172,pampa,-5.6800,2020_Townsend
CycPeptMPDB_ID_3173,pampa,-5.6800,2020_Townsend
CycPeptMPDB_ID_3174,pampa,-5.0700,2020_Townsend
CycPeptMPDB_ID_3175,pampa,-6.3700,2020_Townsend
CycPeptMPDB_ID_3176,pampa,-6.0100,2020_Townsend
CycPeptMPDB_ID_3177,pampa,-6.0900,2020_Townsend
CycPeptMPDB_ID_3178,pampa,-5.6600,2020_Townsend
CycPeptMPDB_ID_3179,pampa,-5.2000,2020_Townsend
CycPeptMPDB_ID_3180,pampa,-5.0200,2020_Townsend
CycPeptMPDB_ID_3181,pampa,-4.9900,2020_Townsend
CycPeptMPDB_ID_3182,pampa,-5.0100,2020_Townsend
CycPeptMPDB_ID_3184,pampa,-6.1000,2020_Townsend
CycPeptMPDB_ID_3185,pampa,-5.9000,2020_Townsend
CycPeptMPDB_ID_3186,pampa,-5.4800,2020_Townsend
CycPeptMPDB_ID_3187,pampa,-5.8900,2020_Townsend
CycPeptMPDB_ID_3188,pampa,-5.0600,2020_Townsend
CycPeptMPDB_ID_3189,pampa,-5.1800,2020_Townsend
CycPeptMPDB_ID_3190,pampa,-5.0000,2020_Townsend
CycPeptMPDB_ID_3192,pampa,-6.4900,2020_Townsend
CycPeptMPDB_ID_3193,pampa,-5.0400,2020_Townsend
CycPeptMPDB_ID_3194,pampa,-5.4400,2020_Townsend
CycPeptMPDB_ID_3195,pampa,-5.2000,2020_Townsend
CycPeptMPDB_ID_3196,pampa,-5.8100,2020_Townsend
CycPeptMPDB_ID_3197,pampa,-5.4800,2020_Townsend
CycPeptMPDB_ID_3198,pampa,-5.6900,2020_Townsend
CycPeptMPDB_ID_3199,pampa,-5.5400,2020_Townsend
CycPeptMPDB_ID_3200,pampa,-5.5700,2020_Townsend
CycPeptMPDB_ID_3201,pampa,-5.2500,2020_Townsend
CycPeptMPDB_ID_3202,pampa,-5.0000,2020_Townsend
CycPeptMPDB_ID_3203,pampa,-5.2600,2020_Townsend
CycPeptMPDB_ID_3204,pampa,-6.1500,2020_Townsend
CycPeptMPDB_ID_3205,pampa,-5.3400,2020_Townsend
CycPeptMPDB_ID_3206,pampa,-5.2700,2020_Townsend
CycPeptMPDB_ID_3207,pampa,-5.3700,2020_Townsend
CycPeptMPDB_ID_3208,pampa,-5.7400,2020_Townsend
CycPeptMPDB_ID_3209,pampa,-5.3000,2020_Townsend
CycPeptMPDB_ID_3210,pampa,-5.5400,2020_Townsend
CycPeptMPDB_ID_3211,pampa,-5.2900,2020_Townsend
CycPeptMPDB_ID_3212,pampa,-5.8000,2020_Townsend
CycPeptMPDB_ID_3213,pampa,-5.5700,2020_Townsend
CycPeptMPDB_ID_3214,pampa,-5.6300,2020_Townsend
CycPeptMPDB_ID_3215,pampa,-6.1700,2020_Townsend
CycPeptMPDB_ID_3216,pampa,-5.2900,2020_Townsend
CycPeptMPDB_ID_3217,pampa,-5.8000,2020_Townsend
CycPeptMPDB_ID_3219,pampa,-5.6100,2020_Townsend
CycPeptMPDB_ID_3220,pampa,-6.3300,2020_Townsend
CycPeptMPDB_ID_3221,pampa,-6.0500,2020_Townsend
CycPeptMPDB_ID_3222,pampa,-5.4200,2020_Townsend
CycPeptMPDB_ID_3223,pampa,-5.0800,2020_Townsend
CycPeptMPDB_ID_3224,pampa,-5.1900,2020_Townsend
CycPeptMPDB_ID_3225,pampa,-4.6800,2020_Townsend
CycPeptMPDB_ID_3226,pampa,-5.7300,2020_Townsend
CycPeptMPDB_ID_3227,pampa,-6.0100,2020_Townsend
CycPeptMPDB_ID_3228,pampa,-5.1200,2020_Townsend
CycPeptMPDB_ID_3229,pampa,-5.0700,2020_Townsend
CycPeptMPDB_ID_3230,pampa,-5.1300,2020_Townsend
CycPeptMPDB_ID_3231,pampa,-4.9000,2020_Townsend
CycPeptMPDB_ID_3232,pampa,-4.8300,2020_Townsend
CycPeptMPDB_ID_3233,pampa,-4.8800,2020_Townsend
CycPeptMPDB_ID_3234,pampa,-6.0000,2020_Townsend
CycPeptMPDB_ID_3235,pampa,-5.7800,2020_Townsend
CycPeptMPDB_ID_3236,pampa,-5.7300,2020_Townsend
CycPeptMPDB_ID_3237,pampa,-5.7600,2020_Townsend
CycPeptMPDB_ID_3238,pampa,-5.0900,2020_Townsend
CycPeptMPDB_ID_3239,pampa,-5.0000,2020_Townsend
CycPeptMPDB_ID_3240,pampa,-5.1100,2020_Townsend
CycPeptMPDB_ID_3241,pampa,-4.9400,2020_Townsend
CycPeptMPDB_ID_3242,pampa,-5.8600,2020_Townsend
CycPeptMPDB_ID_3243,pampa,-5.9700,2020_Townsend
CycPeptMPDB_ID_3244,pampa,-4.7900,2020_Townsend
CycPeptMPDB_ID_3245,pampa,-4.8600,2020_Townsend
CycPeptMPDB_ID_3246,pampa,-4.8500,2020_Townsend
CycPeptMPDB_ID_3247,pampa,-6.0700,2020_Townsend
CycPeptMPDB_ID_3248,pampa,-4.7400,2020_Townsend
CycPeptMPDB_ID_3249,pampa,-4.7200,2020_Townsend
CycPeptMPDB_ID_3250,pampa,-4.6200,2020_Townsend
CycPeptMPDB_ID_3251,pampa,-4.9800,2020_Townsend
CycPeptMPDB_ID_3252,pampa,-4.0000,2020_Townsend
CycPeptMPDB_ID_3253,pampa,-4.0000,2020_Townsend
CycPeptMPDB_ID_3254,pampa,-4.0000,2020_Townsend
CycPeptMPDB_ID_3255,pampa,-5.0000,2020_Townsend
CycPeptMPDB_ID_3256,pampa,-5.1100,2020_Townsend
CycPeptMPDB_ID_3257,pampa,-5.0800,2020_Townsend
CycPeptMPDB_ID_3258,pampa,-4.5000,2020_Townsend
CycPeptMPDB_ID_3259,pampa,-4.0000,2020_Townsend
CycPeptMPDB_ID_3260,pampa,-4.6700,2020_Townsend
CycPeptMPDB_ID_3261,pampa,-4.6900,2020_Townsend
CycPeptMPDB_ID_3262,pampa,-5.4400,2020_Townsend
CycPeptMPDB_ID_3263,pampa,-5.8300,2020_Townsend
CycPeptMPDB_ID_3264,pampa,-5.7300,2020_Townsend
CycPeptMPDB_ID_3265,pampa,-5.3500,2020_Townsend
CycPeptMPDB_ID_3266,pampa,-4.0000,2020_Townsend
CycPeptMPDB_ID_3268,pampa,-5.8800,2020_Townsend
CycPeptMPDB_ID_3269,pampa,-5.3600,2020_Townsend
CycPeptMPDB_ID_3270,pampa,-4.0000,2020_Townsend
CycPeptMPDB_ID_3271,pampa,-4.4000,2020_Townsend
CycPeptMPDB_ID_3272,pampa,-4.0000,2020_Townsend
CycPeptMPDB_ID_3273,pampa,-4.0000,2020_Townsend
CycPeptMPDB_ID_3274,pampa,-5.8400,2020_Townsend
CycPeptMPDB_ID_3275,pampa,-5.1600,2020_Townsend
CycPeptMPDB_ID_3276,pampa,-5.1700,2020_Townsend
CycPeptMPDB_ID_3277,pampa,-4.8400,2020_Townsend
CycPeptMPDB_ID_3278,pampa,-4.0000,2020_Townsend
CycPeptMPDB_ID_3279,pampa,-4.7200,2020_Townsend
CycPeptMPDB_ID_3280,pampa,-5.8000,2020_Townsend
CycPeptMPDB_ID_3283,pampa,-5.2700,2020_Townsend
CycPeptMPDB_ID_3284,pampa,-4.8800,2020_Townsend
CycPeptMPDB_ID_3285,pampa,-4.9000,2020_Townsend
CycPeptMPDB_ID_3286,pampa,-4.9900,2020_Townsend
CycPeptMPDB_ID_3287,pampa,-4.9400,2020_Townsend
CycPeptMPDB_ID_3288,pampa,-4.9800,2020_Townsend
CycPeptMPDB_ID_3289,pampa,-6.0800,2020_Townsend
CycPeptMPDB_ID_3290,pampa,-5.1500,2020_Townsend
CycPeptMPDB_ID_3291,pampa,-4.7700,2020_Townsend
CycPeptMPDB_ID_3292,pampa,-5.9300,2020_Townsend
CycPeptMPDB_ID_3293,pampa,-5.8600,2020_Townsend
CycPeptMPDB_ID_3294,pampa,-4.6700,2020_Townsend
CycPeptMPDB_ID_3295,pampa,-4.6700,2020_Townsend
CycPeptMPDB_ID_3296,pampa,-6.1800,2020_Townsend
CycPeptMPDB_ID_3297,pampa,-5.6900,2020_Townsend
CycPeptMPDB_ID_3298,pampa,-5.5600,2020_Townsend
CycPeptMPDB_ID_3299,pampa,-4.0000,2020_Townsend
CycPeptMPDB_ID_3300,pampa,-4.8200,2020_Townsend
CycPeptMPDB_ID_3301,pampa,-4.7600,2020_Townsend
CycPeptMPDB_ID_3302,pampa,-5.4800,2020_Townsend
CycPeptMPDB_ID_3303,pampa,-5.7500,2020_Townsend
CycPeptMPDB_ID_3304,pampa,-4.8100,2020_Townsend
CycPeptMPDB_ID_3305,pampa,-5.4800,2020_Townsend
CycPeptMPDB_ID_3306,pampa,-5.3800,2020_Townsend
CycPeptMPDB_ID_3307,pampa,-4.8900,2020_Townsend
CycPeptMPDB_ID_3308,pampa,-4.7500,2020_Townsend
CycPeptMPDB_ID_3309,pampa,-6.1700,2020_Townsend
CycPeptMPDB_ID_3310,pampa,-6.0700,2020_Townsend
CycPeptMPDB_ID_3311,pampa,-5.0300,2020_Townsend
CycPeptMPDB_ID_3312,pampa,-4.5400,2020_Townsend
CycPeptMPDB_ID_3313,pampa,-6.1100,2020_Townsend
CycPeptMPDB_ID_3314,pampa,-5.7500,2020_Townsend
CycPeptMPDB_ID_3315,pampa,-5.1400,2020_Townsend
CycPeptMPDB_ID_3316,pampa,-4.9000,2020_Townsend
CycPeptMPDB_ID_3317,pampa,-5.2800,2020_Townsend
CycPeptMPDB_ID_3318,pampa,-5.7100,2020_Townsend
CycPeptMPDB_ID_3320,pampa,-5.4000,2020_Townsend
CycPeptMPDB_ID_3321,pampa,-6.1200,2020_Townsend
CycPeptMPDB_ID_3322,pampa,-5.4900,2020_Townsend
CycPeptMPDB_ID_3324,pampa,-6.3600,2020_Townsend
CycPeptMPDB_ID_3325,pampa,-5.0800,2020_Townsend
CycPeptMPDB_ID_3326,pampa,-6.2600,2020_Townsend
CycPeptMPDB_ID_3327,pampa,-5.8000,2020_Townsend
CycPeptMPDB_ID_3328,pampa,-5.2500,2020_Townsend
CycPeptMPDB_ID_3329,pampa,-4.9400,2020_Townsend
CycPeptMPDB_ID_3330,pampa,-5.5500,2020_Townsend
CycPeptMPDB_ID_3331,pampa,-5.1900,2020_Townsend
CycPeptMPDB_ID_3332,pampa,-5.1400,2020_Townsend
CycPeptMPDB_ID_3333,pampa,-5.1600,2020_Townsend
CycPeptMPDB_ID_3334,pampa,-5.0500,2020_Townsend
CycPeptMPDB_ID_3335,pampa,-4.9700,2020_Townsend
CycPeptMPDB_ID_3336,pampa,-5.3800,2020_Townsend
CycPeptMPDB_ID_3337,pampa,-5.2800,2020_Townsend
CycPeptMPDB_ID_3338,pampa,-5.3700,2020_Townsend
CycPeptMPDB_ID_3339,pampa,-5.0200,2020_Townsend
CycPeptMPDB_ID_3340,pampa,-5.1300,2020_Townsend
CycPeptMPDB_ID_3341,pampa,-5.0200,2020_Townsend
CycPeptMPDB_ID_3342,pampa,-5.1600,2020_Townsend
CycPeptMPDB_ID_3343,pampa,-5.4000,2020_Townsend
CycPeptMPDB_ID_3344,pampa,-5.7900,2020_Townsend
CycPeptMPDB_ID_3345,pampa,-4.7900,2020_Townsend
CycPeptMPDB_ID_3346,pampa,-4.8200,2020_Townsend
CycPeptMPDB_ID_3347,pampa,-5.7000,2020_Townsend
CycPeptMPDB_ID_3348,pampa,-4.9600,2020_Townsend
CycPeptMPDB_ID_3349,pampa,-4.8600,2020_Townsend
CycPeptMPDB_ID_3350,pampa,-4.7800,2020_Townsend
CycPeptMPDB_ID_3351,pampa,-5.2100,2020_Townsend
CycPeptMPDB_ID_3352,pampa,-4.8500,2020_Townsend
CycPeptMPDB_ID_3353,pampa,-5.7700,2020_Townsend
CycPeptMPDB_ID_3354,pampa,-5.0700,2020_Townsend
CycPeptMPDB_ID_3355,pampa,-4.8600,2020_Townsend
CycPeptMPDB_ID_3356,pampa,-4.7500,2020_Townsend
CycPeptMPDB_ID_3357,pampa,-4.8500,2020_Townsend
CycPeptMPDB_ID_3358,pampa,-4.8100,2020_Townsend
CycPeptMPDB_ID_3359,pampa,-4.8000,2020_Townsend
CycPeptMPDB_ID_3360,pampa,-4.7300,2020_Townsend
CycPeptMPDB_ID_3361,pampa,-4.8100,2020_Townsend
CycPeptMPDB_ID_3363,pampa,-5.9700,2020_Townsend
CycPeptMPDB_ID_3364,pampa,-5.6900,2020_Townsend
CycPeptMPDB_ID_3365,pampa,-4.7700,2020_Townsend
CycPeptMPDB_ID_3366,pampa,-5.7800,2020_Townsend
CycPeptMPDB_ID_3367,pampa,-5.7700,2020_Townsend
CycPeptMPDB_ID_3368,pampa,-5.2200,2020_Townsend
CycPeptMPDB_ID_3369,pampa,-4.8000,2020_Townsend
CycPeptMPDB_ID_3370,pampa,-4.7600,2020_Townsend
CycPeptMPDB_ID_3371,pampa,-6.2200,2020_Townsend
CycPeptMPDB_ID_3372,pampa,-5.1300,2020_Townsend
CycPeptMPDB_ID_3373,pampa,-5.3000,2020_Townsend
CycPeptMPDB_ID_3374,pampa,-5.2600,2020_Townsend
CycPeptMPDB_ID_3375,pampa,-4.9400,2020_Townsend
CycPeptMPDB_ID_3376,pampa,-4.7700,2020_Townsend
CycPeptMPDB_ID_3377,pampa,-4.8500,2020_Townsend
CycPeptMPDB_ID_3378,pampa,-5.8900,2020_Townsend
CycPeptMPDB_ID_3379,pampa,-5.2600,2020_Townsend
CycPeptMPDB_ID_3380,pampa,-5.0900,2020_Townsend
CycPeptMPDB_ID_3381,pampa,-5.1400,2020_Townsend
CycPeptMPDB_ID_3382,pampa,-4.7300,2020_Townsend
CycPeptMPDB_ID_3383,pampa,-4.7700,2020_Townsend
CycPeptMPDB_ID_3384,pampa,-5.9600,2020_Townsend
CycPeptMPDB_ID_3385,pampa,-5.0700,2020_Townsend
CycPeptMPDB_ID_3386,pampa,-5.0700,2020_Townsend
CycPeptMPDB_ID_3387,pampa,-4.9300,2020_Townsend
CycPeptMPDB_ID_3388,pampa,-5.6600,2020_Townsend
CycPeptMPDB_ID_3389,pampa,-5.2900,2020_Townsend
CycPeptMPDB_ID_3390,pampa,-4.9700,2020_Townsend
CycPeptMPDB_ID_3391,pampa,-5.0100,2020_Townsend
CycPeptMPDB_ID_3392,pampa,-5.5100,2020_Townsend
CycPeptMPDB_ID_3393,pampa,-5.3000,2020_Townsend
CycPeptMPDB_ID_3394,pampa,-5.4200,2020_Townsend
CycPeptMPDB_ID_3395,pampa,-4.9400,2020_Townsend
CycPeptMPDB_ID_3396,pampa,-5.4300,2020_Townsend
CycPeptMPDB_ID_3397,pampa,-4.8500,2020_Townsend
CycPeptMPDB_ID_3398,pampa,-4.8500,2020_Townsend
CycPeptMPDB_ID_3399,pampa,-4.9400,2020_Townsend
CycPeptMPDB_ID_3400,pampa,-5.4900,2020_Townsend
CycPeptMPDB_ID_3401,pampa,-5.2200,2020_Townsend
CycPeptMPDB_ID_3402,pampa,-5.9000,2020_Townsend
CycPeptMPDB_ID_3403,pampa,-5.4200,2020_Townsend
CycPeptMPDB_ID_3404,pampa,-5.1000,2020_Townsend
CycPeptMPDB_ID_3405,pampa,-6.0100,2020_Townsend
CycPeptMPDB_ID_3406,pampa,-5.8900,2020_Townsend
CycPeptMPDB_ID_3407,pampa,-5.3000,2020_Townsend
CycPeptMPDB_ID_3408,pampa,-5.5400,2020_Townsend
CycPeptMPDB_ID_3409,pampa,-5.3600,2020_Townsend
CycPeptMPDB_ID_3410,pampa,-6.1100,2020_Townsend
CycPeptMPDB_ID_3411,pampa,-5.0600,2020_Townsend
CycPeptMPDB_ID_3412,pampa,-6.1100,2020_Townsend
CycPeptMPDB_ID_3414,pampa,-5.1500,2020_Townsend
CycPeptMPDB_ID_3415,pampa,-6.0600,2020_Townsend
CycPeptMPDB_ID_3416,pampa,-6.0100,2020_Townsend
CycPeptMPDB_ID_3417,pampa,-6.6800,2020_Townsend
CycPeptMPDB_ID_3419,pampa,-5.7000,2020_Townsend
CycPeptMPDB_ID_3420,pampa,-4.9900,2020_Townsend
CycPeptMPDB_ID_3421,pampa,-5.7100,2020_Townsend
CycPeptMPDB_ID_3422,pampa,-5.5900,2020_Townsend
CycPeptMPDB_ID_3423,pampa,-6.1800,2020_Townsend
CycPeptMPDB_ID_3424,pampa,-5.5100,2020_Townsend
CycPeptMPDB_ID_3425,pampa,-5.0600,2020_Townsend
CycPeptMPDB_ID_3426,pampa,-5.0500,2020_Townsend
CycPeptMPDB_ID_3427,pampa,-5.8800,2020_Townsend
CycPeptMPDB_ID_3428,pampa,-6.1900,2020_Townsend
CycPeptMPDB_ID_3429,pampa,-5.3400,2020_Townsend
CycPeptMPDB_ID_3430,pampa,-5.4900,2020_Townsend
CycPeptMPDB_ID_3431,pampa,-5.4300,2020_Townsend
CycPeptMPDB_ID_3432,pampa,-4.8900,2020_Townsend
CycPeptMPDB_ID_3433,pampa,-5.2900,2020_Townsend
CycPeptMPDB_ID_3434,pampa,-5.4300,2020_Townsend
CycPeptMPDB_ID_3435,pampa,-5.0400,2020_Townsend
CycPeptMPDB_ID_3436,pampa,-5.1900,2020_Townsend
CycPeptMPDB_ID_3437,pampa,-5.1500,2020_Townsend
CycPeptMPDB_ID_3438,pampa,-5.3700,2020_Townsend
CycPeptMPDB_ID_3439,pampa,-4.8600,2020_Townsend
CycPeptMPDB_ID_3440,pampa,-6.0200,2020_Townsend
CycPeptMPDB_ID_3441,pampa,-5.2000,2020_Townsend
CycPeptMPDB_ID_3442,pampa,-5.0800,2020_Townsend
CycPeptMPDB_ID_3443,pampa,-5.2600,2020_Townsend
CycPeptMPDB_ID_3444,pampa,-4.9200,2020_Townsend
CycPeptMPDB_ID_3445,pampa,-4.9600,2020_Townsend
CycPeptMPDB_ID_3446,pampa,-4.8700,2020_Townsend
CycPeptMPDB_ID_3447,pampa,-6.0800,2020_Townsend
CycPeptMPDB_ID_3448,pampa,-5.7900,2020_Townsend
CycPeptMPDB_ID_3449,pampa,-4.9200,2020_Townsend
CycPeptMPDB_ID_3451,pampa,-5.2200,2020_Townsend
CycPeptMPDB_ID_3452,pampa,-4.8400,2020_Townsend
CycPeptMPDB_ID_3453,pampa,-4.8400,2020_Townsend
CycPeptMPDB_ID_3454,pampa,-5.0200,2020_Townsend
CycPeptMPDB_ID_3455,pampa,-5.2000,2020_Townsend
CycPeptMPDB_ID_3456,pampa,-5.3500,2020_Townsend
CycPeptMPDB_ID_3457,pampa,-4.9100,2020_Townsend
CycPeptMPDB_ID_3458,pampa,-6.1200,2020_Townsend
CycPeptMPDB_ID_3459,pampa,-5.9500,2020_Townsend
CycPeptMPDB_ID_3460,pampa,-5.7000,2020_Townsend
CycPeptMPDB_ID_3461,pampa,-5.6800,2020_Townsend
CycPeptMPDB_ID_3462,pampa,-5.6100,2020_Townsend
CycPeptMPDB_ID_3463,pampa,-5.1100,2020_Townsend
CycPeptMPDB_ID_3464,pampa,-5.1900,2020_Townsend
CycPeptMPDB_ID_3466,pampa,-5.3100,2020_Townsend
CycPeptMPDB_ID_3467,pampa,-5.5600,2020_Townsend
CycPeptMPDB_ID_3468,pampa,-5.2300,2020_Townsend
CycPeptMPDB_ID_3469,pampa,-5.7500,2020_Townsend
CycPeptMPDB_ID_3470,pampa,-5.5300,2020_Townsend
CycPeptMPDB_ID_3471,pampa,-5.1800,2020_Townsend
CycPeptMPDB_ID_3473,pampa,-5.6000,2020_Townsend
CycPeptMPDB_ID_3474,pampa,-5.4400,2020_Townsend
CycPeptMPDB_ID_3475,pampa,-5.1700,2020_Townsend
CycPeptMPDB_ID_3476,pampa,-4.9900,2020_Townsend
CycPeptMPDB_ID_3477,pampa,-5.2200,2020_Townsend
CycPeptMPDB_ID_3478,pampa,-5.7200,2020_Townsend
CycPeptMPDB_ID_3479,pampa,-5.1000,2020_Townsend
CycPeptMPDB_ID_3481,pampa,-5.1900,2020_Townsend
CycPeptMPDB_ID_3482,pampa,-5.8900,2020_Townsend
CycPeptMPDB_ID_3483,pampa,-5.9000,2020_Townsend
CycPeptMPDB_ID_3484,pampa,-5.6400,2020_Townsend
CycPeptMPDB_ID_3485,pampa,-5.2200,2020_Townsend
CycPeptMPDB_ID_3487,pampa,-5.8100,2020_Townsend
CycPeptMPDB_ID_3488,pampa,-5.4300,2020_Townsend
CycPeptMPDB_ID_3489,pampa,-5.4500,2020_Townsend
CycPeptMPDB_ID_3490,pampa,-6.2200,2020_Townsend
CycPeptMPDB_ID_3491,pampa,-5.2300,2020_Townsend
CycPeptMPDB_ID_3492,pampa,-6.5500,2020_Townsend
CycPeptMPDB_ID_3493,pampa,-6.1300,2020_Townsend
CycPeptMPDB_ID_3494,pampa,-5.2600,2020_Townsend
CycPeptMPDB_ID_3495,pampa,-6.3900,2020_Townsend
CycPeptMPDB_ID_3496,pampa,-6.1200,2020_Townsend
CycPeptMPDB_ID_3497,pampa,-6.4100,2020_Townsend
CycPeptMPDB_ID_3498,pampa,-7.2000,2020_Townsend
CycPeptMPDB_ID_3499,pampa,-5.9700,2020_Townsend
CycPeptMPDB_ID_3500,pampa,-5.8600,2020_Townsend
CycPeptMPDB_ID_3501,pampa,-5.5200,2020_Townsend
CycPeptMPDB_ID_3502,pampa,-5.7600,2020_Townsend
CycPeptMPDB_ID_3503,pampa,-5.2500,2020_Townsend
CycPeptMPDB_ID_3504,pampa,-5.1800,2020_Townsend
CycPeptMPDB_ID_3505,pampa,-5.5100,2020_Townsend
CycPeptMPDB_ID_3506,pampa,-5.1800,2020_Townsend
CycPeptMPDB_ID_3507,pampa,-5.2000,2020_Townsend
CycPeptMPDB_ID_3508,pampa,-5.7200,2020_Townsend
CycPeptMPDB_ID_3509,pampa,-5.5300,2020_Townsend
CycPeptMPDB_ID_3510,pampa,-5.4100,2020_Townsend
CycPeptMPDB_ID_3511,pampa,-5.4600,2020_Townsend
CycPeptMPDB_ID_3512,pampa,-4.9600,2020_Townsend
CycPeptMPDB_ID_3513,pampa,-5.1000,2020_Townsend
CycPeptMPDB_ID_3514,pampa,-5.2900,2020_Townsend
CycPeptMPDB_ID_3515,pampa,-5.4000,2020_Townsend
CycPeptMPDB_ID_3516,pampa,-5.4100,2020_Townsend
CycPeptMPDB_ID_3517,pampa,-4.8300,2020_Townsend
CycPeptMPDB_ID_3518,pampa,-5.2500,2020_Townsend
CycPeptMPDB_ID_3519,pampa,-4.9500,2020_Townsend
CycPeptMPDB_ID_3520,pampa,-5.0500,2020_Townsend
CycPeptMPDB_ID_3521,pampa,-5.0900,2020_Townsend
CycPeptMPDB_ID_3522,pampa,-5.0400,2020_Townsend
CycPeptMPDB_ID_3523,pampa,-5.0600,2020_Townsend
CycPeptMPDB_ID_3524,pampa,-6.0400,2020_Townsend
CycPeptMPDB_ID_3525,pampa,-5.6300,2020_Townsend
CycPeptMPDB_ID_3526,pampa,-5.5500,2020_Townsend
CycPeptMPDB_ID_3527,pampa,-4.9600,2020_Townsend
CycPeptMPDB_ID_3528,pampa,-4.8400,2020_Townsend
CycPeptMPDB_ID_3529,pampa,-4.9100,2020_Townsend
CycPeptMPDB_ID_3530,pampa,-4.8200,2020_Townsend
CycPeptMPDB_ID_3531,pampa,-4.8900,2020_Townsend
CycPeptMPDB_ID_3532,pampa,-5.0400,2020_Townsend
CycPeptMPDB_ID_3534,pampa,-5.2800,2020_Townsend
CycPeptMPDB_ID_3535,pampa,-5.6900,2020_Townsend
CycPeptMPDB_ID_3536,pampa,-5.4700,2020_Townsend
CycPeptMPDB_ID_3537,pampa,-4.8700,2020_Townsend
CycPeptMPDB_ID_3538,pampa,-4.8500,2020_Townsend
CycPeptMPDB_ID_3539,pampa,-6.4600,2020_Townsend
CycPeptMPDB_ID_3540,pampa,-5.8300,2020_Townsend
CycPeptMPDB_ID_3541,pampa,-4.9000,2020_Townsend
CycPeptMPDB_ID_3542,pampa,-5.0600,2020_Townsend
CycPeptMPDB_ID_3543,pampa,-5.0900,2020_Townsend
CycPeptMPDB_ID_3544,pampa,-5.2600,2020_Townsend
CycPeptMPDB_ID_3545,pampa,-4.8700,2020_Townsend
CycPeptMPDB_ID_3546,pampa,-4.9700,2020_Townsend
CycPeptMPDB_ID_3548,pampa,-6.3300,2020_Townsend
CycPeptMPDB_ID_3549,pampa,-5.9500,2020_Townsend
CycPeptMPDB_ID_3550,pampa,-5.3000,2020_Townsend
CycPeptMPDB_ID_3551,pampa,-5.2100,2020_Townsend
CycPeptMPDB_ID_3552,pampa,-5.2100,2020_Townsend
CycPeptMPDB_ID_3553,pampa,-5.2500,2020_Townsend
CycPeptMPDB_ID_3554,pampa,-5.5200,2020_Townsend
CycPeptMPDB_ID_3555,pampa,-5.5500,2020_Townsend
CycPeptMPDB_ID_3556,pampa,-4.8100,2020_Townsend
CycPeptMPDB_ID_3557,pampa,-6.1700,2020_Townsend
CycPeptMPDB_ID_3558,pampa,-5.1400,2020_Townsend
CycPeptMPDB_ID_3559,pampa,-4.9000,2020_Townsend
CycPeptMPDB_ID_3560,pampa,-5.2200,2020_Townsend
CycPeptMPDB_ID_3561,pampa,-5.6600,2020_Townsend
CycPeptMPDB_ID_3562,pampa,-5.4900,2020_Townsend
CycPeptMPDB_ID_3563,pampa,-5.0900,2020_Townsend
CycPeptMPDB_ID_3564,pampa,-5.4300,2020_Townsend
CycPeptMPDB_ID_3565,pampa,-6.2200,2020_Townsend
CycPeptMPDB_ID_3566,pampa,-5.7200,2020_Townsend
CycPeptMPDB_ID_3567,pampa,-5.5800,2020_Townsend
CycPeptMPDB_ID_3568,pampa,-5.4000,2020_Townsend
CycPeptMPDB_ID_3569,pampa,-5.5900,2020_Townsend
CycPeptMPDB_ID_3570,pampa,-5.9900,2020_Townsend
CycPeptMPDB_ID_3571,pampa,-5.3100,2020_Townsend
CycPeptMPDB_ID_3572,pampa,-5.1900,2020_Townsend
CycPeptMPDB_ID_3573,pampa,-5.4500,2020_Townsend
CycPeptMPDB_ID_3576,pampa,-6.2800,2020_Townsend
CycPeptMPDB_ID_3577,pampa,-6.5600,2020_Townsend
CycPeptMPDB_ID_3578,pampa,-6.2600,2020_Townsend
CycPeptMPDB_ID_3579,pampa,-6.2100,2020_Townsend
CycPeptMPDB_ID_3580,pampa,-6.0500,2020_Townsend
CycPeptMPDB_ID_3581,pampa,-6.0900,2020_Townsend
CycPeptMPDB_ID_3582,pampa,-5.8200,2020_Townsend
CycPeptMPDB_ID_3584,pampa,-6.4100,2020_Townsend
CycPeptMPDB_ID_3585,pampa,-5.9700,2020_Townsend
CycPeptMPDB_ID_3586,pampa,-5.6700,2020_Townsend
CycPeptMPDB_ID_3587,pampa,-5.6300,2020_Townsend
CycPeptMPDB_ID_3588,pampa,-5.4300,2020_Townsend
CycPeptMPDB_ID_3589,pampa,-6.6900,2020_Townsend
CycPeptMPDB_ID_3590,pampa,-6.1500,2020_Townsend
CycPeptMPDB_ID_3591,pampa,-5.5600,2020_Townsend
CycPeptMPDB_ID_3592,pampa,-5.2000,2020_Townsend
CycPeptMPDB_ID_3593,pampa,-5.4600,2020_Townsend
CycPeptMPDB_ID_3594,pampa,-5.6800,2020_Townsend
CycPeptMPDB_ID_3595,pampa,-5.3300,2020_Townsend
CycPeptMPDB_ID_3596,pampa,-5.8100,2020_Townsend
CycPeptMPDB_ID_3597,pampa,-4.9900,2020_Townsend
CycPeptMPDB_ID_3598,pampa,-5.1900,2020_Townsend
CycPeptMPDB_ID_3599,pampa,-5.2000,2020_Townsend
CycPeptMPDB_ID_3600,pampa,-5.0700,2020_Townsend
CycPeptMPDB_ID_3601,pampa,-5.2500,2020_Townsend
CycPeptMPDB_ID_3602,pampa,-5.9700,2020_Townsend
CycPeptMPDB_ID_3603,pampa,-5.9800,2020_Townsend
CycPeptMPDB_ID_3604,pampa,-5.9600,2020_Townsend
CycPeptMPDB_ID_3605,pampa,-5.1200,2020_Townsend
CycPeptMPDB_ID_3606,pampa,-4.9800,2020_Townsend
CycPeptMPDB_ID_3607,pampa,-5.1700,2020_Townsend
CycPeptMPDB_ID_3609,pampa,-6.1400,2020_Townsend
CycPeptMPDB_ID_3610,pampa,-5.7900,2020_Townsend
CycPeptMPDB_ID_3611,pampa,-5.6900,2020_Townsend
CycPeptMPDB_ID_3612,pampa,-5.0200,2020_Townsend
CycPeptMPDB_ID_3613,pampa,-6.2200,2020_Townsend
CycPeptMPDB_ID_3614,pampa,-5.7700,2020_Townsend
CycPeptMPDB_ID_3615,pampa,-5.1100,2020_Townsend
CycPeptMPDB_ID_3616,pampa,-4.7800,2020_Townsend
CycPeptMPDB_ID_3617,pampa,-4.9400,2020_Townsend
CycPeptMPDB_ID_3619,pampa,-5.6000,2020_Townsend
CycPeptMPDB_ID_3620,pampa,-4.9600,2020_Townsend
CycPeptMPDB_ID_3621,pampa,-6.3600,2020_Townsend
CycPeptMPDB_ID_3622,pampa,-5.3600,2020_Townsend
CycPeptMPDB_ID_3623,pampa,-5.5100,2020_Townsend
CycPeptMPDB_ID_3624,pampa,-4.9600,2020_Townsend
CycPeptMPDB_ID_3625,pampa,-5.6400,2020_Townsend
CycPeptMPDB_ID_3627,pampa,-5.1800,2020_Townsend
CycPeptMPDB_ID_3628,pampa,-5.2000,2020_Townsend
CycPeptMPDB_ID_3629,pampa,-5.3300,2020_Townsend
CycPeptMPDB_ID_3630,pampa,-5.9000,2020_Townsend
CycPeptMPDB_ID_3631,pampa,-5.5700,2020_Townsend
CycPeptMPDB_ID_3632,pampa,-5.9400,2020_Townsend
CycPeptMPDB_ID_3633,pampa,-5.3100,2020_Townsend
CycPeptMPDB_ID_3634,pampa,-5.2700,2020_Townsend
CycPeptMPDB_ID_3635,pampa,-5.0900,2020_Townsend
CycPeptMPDB_ID_3636,pampa,-5.4400,2020_Townsend
CycPeptMPDB_ID_3637,pampa,-5.8400,2020_Townsend
CycPeptMPDB_ID_3638,pampa,-5.6100,2020_Townsend
CycPeptMPDB_ID_3639,pampa,-5.1300,2020_Townsend
CycPeptMPDB_ID_3640,pampa,-5.2600,2020_Townsend
CycPeptMPDB_ID_3641,pampa,-6.3400,2020_Townsend
CycPeptMPDB_ID_3642,pampa,-5.6200,2020_Townsend
CycPeptMPDB_ID_3643,pampa,-5.6000,2020_Townsend
CycPeptMPDB_ID_3644,pampa,-5.7700,2020_Townsend
CycPeptMPDB_ID_3645,pampa,-6.1200,2020_Townsend
CycPeptMPDB_ID_3646,pampa,-6.2200,2020_Townsend
CycPeptMPDB_ID_3647,pampa,-5.1200,2020_Townsend
CycPeptMPDB_ID_3649,pampa,-5.9100,2020_Townsend
CycPeptMPDB_ID_3651,pampa,-6.2800,2020_Townsend
CycPeptMPDB_ID_3652,pampa,-6.4600,2020_Townsend
CycPeptMPDB_ID_3658,pampa,-6.2600,2020_Townsend
CycPeptMPDB_ID_3659,pampa,-6.4500,2020_Townsend
CycPeptMPDB_ID_3660,pampa,-6.2800,2020_Townsend
CycPeptMPDB_ID_3661,pampa,-6.0600,2020_Townsend
CycPeptMPDB_ID_3662,pampa,-5.6300,2020_Townsend
CycPeptMPDB_ID_3663,pampa,-5.7800,2020_Townsend
CycPeptMPDB_ID_3664,pampa,-6.4400,2020_Townsend
CycPeptMPDB_ID_3665,pampa,-6.2900,2020_Townsend
CycPeptMPDB_ID_3666,pampa,-6.0800,2020_Townsend
CycPeptMPDB_ID_3667,pampa,-5.9200,2020_Townsend
CycPeptMPDB_ID_3668,pampa,-6.2800,2020_Townsend
CycPeptMPDB_ID_3669,pampa,-6.3400,2020_Townsend
CycPeptMPDB_ID_3670,pampa,-6.1200,2020_Townsend
CycPeptMPDB_ID_3671,pampa,-6.1100,2020_Townsend
CycPeptMPDB_ID_3672,pampa,-6.1000,2020_Townsend
CycPeptMPDB_ID_3673,pampa,-6.5600,2020_Townsend
CycPeptMPDB_ID_3674,pampa,-6.2100,2020_Townsend
CycPeptMPDB_ID_3675,pampa,-6.2200,2020_Townsend
CycPeptMPDB_ID_3676,pampa,-5.7400,2020_Townsend
CycPeptMPDB_ID_3677,pampa,-5.6600,2020_Townsend
CycPeptMPDB_ID_3678,pampa,-5.4000,2020_Townsend
CycPeptMPDB_ID_3679,pampa,-6.1000,2020_Townsend
CycPeptMPDB_ID_3680,pampa,-6.2700,2020_Townsend
CycPeptMPDB_ID_3681,pampa,-6.3400,2020_Townsend
CycPeptMPDB_ID_3682,pampa,-6.1700,2020_Townsend
CycPeptMPDB_ID_3683,pampa,-5.7300,2020_Townsend
CycPeptMPDB_ID_3684,pampa,-5.9000,2020_Townsend
CycPeptMPDB_ID_3685,pampa,-5.3600,2020_Townsend
CycPeptMPDB_ID_3686,pampa,-5.2200,2020_Townsend
CycPeptMPDB_ID_3687,pampa,-6.5000,2020_Townsend
CycPeptMPDB_ID_3688,pampa,-6.6800,2020_Townsend
CycPeptMPDB_ID_3689,pampa,-6.3900,2020_Townsend
CycPeptMPDB_ID_3690,pampa,-6.1700,2020_Townsend
CycPeptMPDB_ID_3691,pampa,-5.5800,2020_Townsend
CycPeptMPDB_ID_3692,pampa,-5.2300,2020_Townsend
CycPeptMPDB_ID_3693,pampa,-5.1700,2020_Townsend
CycPeptMPDB_ID_3694,pampa,-5.9100,2020_Townsend
CycPeptMPDB_ID_3695,pampa,-5.7500,2020_Townsend
CycPeptMPDB_ID_3696,pampa,-5.2500,2020_Townsend
CycPeptMPDB_ID_3697,pampa,-6.0600,2020_Townsend
CycPeptMPDB_ID_3698,pampa,-6.0300,2020_Townsend
CycPeptMPDB_ID_3699,pampa,-5.1900,2020_Townsend
CycPeptMPDB_ID_3700,pampa,-6.8900,2020_Townsend
CycPeptMPDB_ID_3701,pampa,-6.3100,2020_Townsend
CycPeptMPDB_ID_3702,pampa,-6.0400,2020_Townsend
CycPeptMPDB_ID_3703,pampa,-6.0200,2020_Townsend
CycPeptMPDB_ID_3704,pampa,-5.6000,2020_Townsend
CycPeptMPDB_ID_3705,pampa,-5.7900,2020_Townsend
CycPeptMPDB_ID_3706,pampa,-5.9400,2020_Townsend
CycPeptMPDB_ID_3707,pampa,-5.9300,2020_Townsend
CycPeptMPDB_ID_3708,pampa,-6.3400,2020_Townsend
CycPeptMPDB_ID_3709,pampa,-5.8100,2020_Townsend
CycPeptMPDB_ID_3710,pampa,-6.0300,2020_Townsend
CycPeptMPDB_ID_3711,pampa,-5.5600,2020_Townsend
CycPeptMPDB_ID_3712,pampa,-5.6600,2020_Townsend
CycPeptMPDB_ID_3713,pampa,-5.6500,2020_Townsend
CycPeptMPDB_ID_3714,pampa,-5.8100,2020_Townsend
CycPeptMPDB_ID_3715,pampa,-5.8200,2020_Townsend
CycPeptMPDB_ID_3716,pampa,-6.3700,2020_Townsend
CycPeptMPDB_ID_3717,pampa,-5.3700,2020_Townsend
CycPeptMPDB_ID_3718,pampa,-5.6500,2020_Townsend
CycPeptMPDB_ID_3719,pampa,-5.9400,2020_Townsend
CycPeptMPDB_ID_3720,pampa,-6.2300,2020_Townsend
CycPeptMPDB_ID_3721,pampa,-6.9700,2020_Townsend
CycPeptMPDB_ID_3722,pampa,-6.3000,2020_Townsend
CycPeptMPDB_ID_3723,pampa,-6.0500,2020_Townsend
CycPeptMPDB_ID_3724,pampa,-5.8900,2020_Townsend
CycPeptMPDB_ID_3725,pampa,-5.9600,2020_Townsend
CycPeptMPDB_ID_3726,pampa,-5.6300,2020_Townsend
CycPeptMPDB_ID_3727,pampa,-6.0300,2020_Townsend
CycPeptMPDB_ID_3729,pampa,-6.6100,2020_Townsend
CycPeptMPDB_ID_3730,pampa,-6.5100,2020_Townsend
CycPeptMPDB_ID_3733,pampa,-5.9000,2020_Townsend
CycPeptMPDB_ID_3735,pampa,-6.2800,2020_Townsend
CycPeptMPDB_ID_3736,pampa,-6.4100,2020_Townsend
CycPeptMPDB_ID_3737,pampa,-6.4300,2020_Townsend
CycPeptMPDB_ID_3738,pampa,-6.5400,2020_Townsend
CycPeptMPDB_ID_3739,pampa,-5.9800,2020_Townsend
CycPeptMPDB_ID_3740,pampa,-6.3800,2020_Townsend
CycPeptMPDB_ID_3742,pampa,-5.6600,2020_Townsend
CycPeptMPDB_ID_3743,pampa,-6.5400,2020_Townsend
CycPeptMPDB_ID_3744,pampa,-6.3800,2020_Townsend
CycPeptMPDB_ID_3745,pampa,-5.9000,2020_Townsend
CycPeptMPDB_ID_3746,pampa,-6.3100,2020_Townsend
CycPeptMPDB_ID_3747,pampa,-6.1100,2020_Townsend
CycPeptMPDB_ID_3748,pampa,-5.2400,2020_Townsend
CycPeptMPDB_ID_3749,pampa,-6.1200,2020_Townsend
CycPeptMPDB_ID_3750,pampa,-6.4500,2020_Townsend
CycPeptMPDB_ID_3751,pampa,-6.2000,2020_Townsend
CycPeptMPDB_ID_3752,pampa,-5.9600,2020_Townsend
CycPeptMPDB_ID_3753,pampa,-5.1800,2020_Townsend
CycPeptMPDB_ID_3755,pampa,-5.1100,2020_Townsend
CycPeptMPDB_ID_3756,pampa,-7.3500,2020_Townsend
CycPeptMPDB_ID_3757,pampa,-6.3000,2020_Townsend
CycPeptMPDB_ID_3759,pampa,-5.8700,2020_Townsend
CycPeptMPDB_ID_3760,pampa,-5.7800,2020_Townsend
CycPeptMPDB_ID_3761,pampa,-5.5800,2020_Townsend
CycPeptMPDB_ID_3762,pampa,-5.9100,2020_Townsend
CycPeptMPDB_ID_3763,pampa,-5.3800,2020_Townsend
CycPeptMPDB_ID_3764,pampa,-5.6100,2020_Townsend
CycPeptMPDB_ID_3766,pampa,-6.6900,2020_Townsend
CycPeptMPDB_ID_3767,pampa,-6.6100,2020_Townsend
CycPeptMPDB_ID_3768,pampa,-6.2500,2020_Townsend
CycPeptMPDB_ID_3769,pampa,-5.6100,2020_Townsend
CycPeptMPDB_ID_3770,pampa,-5.5800,2020_Townsend
CycPeptMPDB_ID_3771,pampa,-5.7200,2020_Townsend
CycPeptMPDB_ID_3772,pampa,-6.4000,2020_Townsend
CycPeptMPDB_ID_3773,pampa,-5.1300,2020_Townsend
CycPeptMPDB_ID_3774,pampa,-5.1400,2020_Townsend
CycPeptMPDB_ID_3775,pampa,-6.4200,2020_Townsend
CycPeptMPDB_ID_3776,pampa,-6.2100,2020_Townsend
CycPeptMPDB_ID_3777,pampa,-5.4900,2020_Townsend
CycPeptMPDB_ID_3778,pampa,-5.3000,2020_Townsend
CycPeptMPDB_ID_3779,pampa,-5.5000,2020_Townsend
CycPeptMPDB_ID_3780,pampa,-5.2300,2020_Townsend
CycPeptMPDB_ID_3781,pampa,-6.9900,2020_Townsend
CycPeptMPDB_ID_3783,pampa,-6.1800,2020_Townsend
CycPeptMPDB_ID_3784,pampa,-6.0500,2020_Townsend
CycPeptMPDB_ID_3785,pampa,-6.0200,2020_Townsend
CycPeptMPDB_ID_3786,pampa,-5.8500,2020_Townsend
CycPeptMPDB_ID_3787,pampa,-5.7500,2020_Townsend
CycPeptMPDB_ID_3788,pampa,-5.7200,2020_Townsend
CycPeptMPDB_ID_3789,pampa,-5.2600,2020_Townsend
CycPeptMPDB_ID_3790,pampa,-6.1600,2020_Townsend
CycPeptMPDB_ID_3791,pampa,-6.2300,2020_Townsend
CycPeptMPDB_ID_3792,pampa,-5.9000,2020_Townsend
CycPeptMPDB_ID_3793,pampa,-6.3600,2020_Townsend
CycPeptMPDB_ID_3794,pampa,-5.4500,2020_Townsend
CycPeptMPDB_ID_3795,pampa,-6.2500,2020_Townsend
CycPeptMPDB_ID_3796,pampa,-5.8200,2020_Townsend
CycPeptMPDB_ID_3797,pampa,-5.7900,2020_Townsend
CycPeptMPDB_ID_3798,pampa,-5.9100,2020_Townsend
CycPeptMPDB_ID_3800,pampa,-6.3800,2020_Townsend
CycPeptMPDB_ID_3801,pampa,-6.5400,2020_Townsend
CycPeptMPDB_ID_3802,pampa,-6.0400,2020_Townsend
CycPeptMPDB_ID_3803,pampa,-6.7300,2020_Townsend
CycPeptMPDB_ID_3804,pampa,-6.2400,2020_Townsend
CycPeptMPDB_ID_3805,pampa,-5.4900,2020_Townsend
CycPeptMPDB_ID_3806,pampa,-5.6400,2020_Townsend
CycPeptMPDB_ID_3807,pampa,-5.5500,2020_Townsend
CycPeptMPDB_ID_3808,pampa,-5.0400,2020_Townsend
CycPeptMPDB_ID_3809,pampa,-6.2300,2020_Townsend
CycPeptMPDB_ID_3810,pampa,-5.0400,2020_Townsend
CycPeptMPDB_ID_3812,pampa,-5.1000,2020_Townsend
CycPeptMPDB_ID_3813,pampa,-6.1900,2020_Townsend
CycPeptMPDB_ID_3814,pampa,-6.7600,2020_Townsend
CycPeptMPDB_ID_3815,pampa,-6.7600,2020_Townsend
CycPeptMPDB_ID_3816,pampa,-6.3700,2020_Townsend
CycPeptMPDB_ID_3819,pampa,-5.9200,2020_Townsend
CycPeptMPDB_ID_3820,pampa,-6.5700,2020_Townsend
CycPeptMPDB_ID_3822,pampa,-6.5100,2020_Townsend
CycPeptMPDB_ID_3823,pampa,-5.9300,2020_Townsend
CycPeptMPDB_ID_3824,pampa,-6.1300,2020_Townsend
CycPeptMPDB_ID_3825,pampa,-6.6000,2020_Townsend
CycPeptMPDB_ID_3826,pampa,-6.5400,2020_Townsend
CycPeptMPDB_ID_3827,pampa,-5.8900,2020_Townsend
CycPeptMPDB_ID_3828,pampa,-6.9500,2020_Townsend
CycPeptMPDB_ID_3829,pampa,-5.6900,2020_Townsend
CycPeptMPDB_ID_3830,pampa,-5.9800,2020_Townsend
CycPeptMPDB_ID_3831,pampa,-6.0600,2020_Townsend
CycPeptMPDB_ID_3832,pampa,-6.6800,2020_Townsend
CycPeptMPDB_ID_3833,pampa,-5.9600,2020_Townsend
CycPeptMPDB_ID_3834,pampa,-6.2500,2020_Townsend
CycPeptMPDB_ID_3835,pampa,-6.6000,2020_Townsend
CycPeptMPDB_ID_3836,pampa,-5.8300,2020_Townsend
CycPeptMPDB_ID_3837,pampa,-6.1800,2020_Townsend
CycPeptMPDB_ID_3838,pampa,-5.3100,2020_Townsend
CycPeptMPDB_ID_3839,pampa,-5.7500,2020_Townsend
CycPeptMPDB_ID_3840,pampa,-6.1900,2020_Townsend
CycPeptMPDB_ID_3841,pampa,-5.5500,2020_Townsend
CycPeptMPDB_ID_3842,pampa,-5.7300,2020_Townsend
CycPeptMPDB_ID_3843,pampa,-5.9800,2020_Townsend
CycPeptMPDB_ID_3844,pampa,-5.6100,2020_Townsend
CycPeptMPDB_ID_3845,pampa,-4.9200,2020_Townsend
CycPeptMPDB_ID_3846,pampa,-6.6700,2020_Townsend
CycPeptMPDB_ID_3847,pampa,-6.1700,2020_Townsend
CycPeptMPDB_ID_3848,pampa,-6.2400,2020_Townsend
CycPeptMPDB_ID_3849,pampa,-5.7300,2020_Townsend
CycPeptMPDB_ID_3850,pampa,-6.0700,2020_Townsend
CycPeptMPDB_ID_3852,pampa,-6.9000,2020_Townsend
CycPeptMPDB_ID_3853,pampa,-6.8100,2020_Townsend
CycPeptMPDB_ID_3854,pampa,-5.5700,2020_Townsend
CycPeptMPDB_ID_3856,pampa,-6.2200,2020_Townsend
CycPeptMPDB_ID_3857,pampa,-5.7600,2020_Townsend
CycPeptMPDB_ID_3858,pampa,-6.0700,2020_Townsend
CycPeptMPDB_ID_3859,pampa,-4.7900,2020_Townsend
CycPeptMPDB_ID_3860,pampa,-5.0100,2020_Townsend
CycPeptMPDB_ID_3861,pampa,-6.1600,2020_Townsend
CycPeptMPDB_ID_3862,pampa,-5.6200,2020_Townsend
CycPeptMPDB_ID_3863,pampa,-5.8600,2020_Townsend
CycPeptMPDB_ID_3864,pampa,-4.9300,2020_Townsend
CycPeptMPDB_ID_3867,pampa,-6.1500,2020_Townsend
CycPeptMPDB_ID_3868,pampa,-6.1800,2020_Townsend
CycPeptMPDB_ID_3869,pampa,-5.5100,2020_Townsend
CycPeptMPDB_ID_3871,pampa,-6.1200,2020_Townsend
CycPeptMPDB_ID_3872,pampa,-5.8700,2020_Townsend
CycPeptMPDB_ID_3873,pampa,-6.4300,2020_Townsend
CycPeptMPDB_ID_3874,pampa,-5.3400,2020_Townsend
CycPeptMPDB_ID_3875,pampa,-5.7900,2020_Townsend
CycPeptMPDB_ID_3876,pampa,-5.9500,2020_Townsend
CycPeptMPDB_ID_3877,pampa,-5.6000,2020_Townsend
CycPeptMPDB_ID_3878,pampa,-5.0700,2020_Townsend
CycPeptMPDB_ID_3879,pampa,-6.7600,2020_Townsend
CycPeptMPDB_ID_3880,pampa,-6.2200,2020_Townsend
CycPeptMPDB_ID_3881,pampa,-5.5200,2020_Townsend
CycPeptMPDB_ID_3882,pampa,-5.7900,2020_Townsend
CycPeptMPDB_ID_3884,pampa,-5.9600,2020_Townsend
CycPeptMPDB_ID_3885,pampa,-5.8500,2020_Townsend
CycPeptMPDB_ID_3887,pampa,-6.7900,2020_Townsend
CycPeptMPDB_ID_3888,pampa,-6.9600,2020_Townsend
CycPeptMPDB_ID_3889,pampa,-6.0100,2020_Townsend
CycPeptMPDB_ID_3890,pampa,-6.0700,2020_Townsend
CycPeptMPDB_ID_3891,pampa,-7.8500,2020_Townsend
CycPeptMPDB_ID_3893,pampa,-5.3400,2020_Townsend
CycPeptMPDB_ID_3894,pampa,-5.9200,2020_Townsend
CycPeptMPDB_ID_3895,pampa,-6.6200,2020_Townsend
CycPeptMPDB_ID_3896,pampa,-6.2600,2020_Townsend
CycPeptMPDB_ID_3897,pampa,-5.8300,2020_Townsend
CycPeptMPDB_ID_3900,pampa,-5.8700,2020_Townsend
CycPeptMPDB_ID_3901,pampa,-5.7900,2020_Townsend
CycPeptMPDB_ID_3902,pampa,-5.3000,2020_Townsend
CycPeptMPDB_ID_3903,pampa,-4.0000,2020_Townsend
CycPeptMPDB_ID_3905,pampa,-7.1100,2020_Townsend
CycPeptMPDB_ID_3906,pampa,-4.0000,2020_Townsend
CycPeptMPDB_ID_3907,pampa,-5.8500,2020_Townsend
CycPeptMPDB_ID_3908,pampa,-5.6800,2020_Townsend
CycPeptMPDB_ID_3909,pampa,-6.0000,2020_Townsend
CycPeptMPDB_ID_3910,pampa,-5.9800,2020_Townsend
CycPeptMPDB_ID_3911,pampa,-5.3000,2020_Townsend
CycPeptMPDB_ID_3912,pampa,-6.6600,2020_Townsend
CycPeptMPDB_ID_3913,pampa,-5.7100,2020_Townsend
CycPeptMPDB_ID_3915,pampa,-6.8500,2020_Townsend
CycPeptMPDB_ID_3916,pampa,-6.1100,2020_Townsend
CycPeptMPDB_ID_3917,pampa,-5.8200,2020_Townsend
CycPeptMPDB_ID_3918,pampa,-5.9800,2020_Townsend
CycPeptMPDB_ID_3919,pampa,-6.4800,2020_Townsend
CycPeptMPDB_ID_3920,pampa,-6.0800,2020_Townsend
CycPeptMPDB_ID_3922,pampa,-5.7500,2020_Townsend
CycPeptMPDB_ID_3923,pampa,-5.3800,2020_Townsend
CycPeptMPDB_ID_3924,pampa,-5.8600,2020_Townsend
CycPeptMPDB_ID_3925,pampa,-5.7900,2020_Townsend
CycPeptMPDB_ID_3926,pampa,-5.7600,2020_Townsend
CycPeptMPDB_ID_3927,pampa,-4.8800,2020_Townsend
CycPeptMPDB_ID_3929,pampa,-6.7200,2020_Townsend
CycPeptMPDB_ID_3931,pampa,-6.0400,2020_Townsend
CycPeptMPDB_ID_3932,pampa,-5.4800,2020_Townsend
CycPeptMPDB_ID_3933,pampa,-5.7200,2020_Townsend
CycPeptMPDB_ID_3934,pampa,-6.1400,2020_Townsend
CycPeptMPDB_ID_3935,pampa,-5.5300,2020_Townsend
CycPeptMPDB_ID_3936,pampa,-6.1200,2020_Townsend
CycPeptMPDB_ID_3937,pampa,-5.0100,2020_Townsend
CycPeptMPDB_ID_3938,pampa,-5.6000,2020_Townsend
CycPeptMPDB_ID_3939,pampa,-6.2800,2020_Townsend
CycPeptMPDB_ID_3940,pampa,-5.8600,2020_Townsend
CycPeptMPDB_ID_3941,pampa,-6.0200,2020_Townsend
CycPeptMPDB_ID_3942,pampa,-5.5000,2020_Townsend
CycPeptMPDB_ID_3943,pampa,-5.7400,2020_Townsend
CycPeptMPDB_ID_3944,pampa,-6.8700,2020_Townsend
CycPeptMPDB_ID_3946,pampa,-6.2700,2020_Townsend
CycPeptMPDB_ID_3947,pampa,-5.7800,2020_Townsend
CycPeptMPDB_ID_3948,pampa,-5.3300,2020_Townsend
CycPeptMPDB_ID_3949,pampa,-5.3400,2020_Townsend
CycPeptMPDB_ID_3951,pampa,-6.7700,2020_Townsend
CycPeptMPDB_ID_3953,pampa,-6.1200,2020_Townsend
CycPeptMPDB_ID_3954,pampa,-5.5300,2020_Townsend
CycPeptMPDB_ID_3955,pampa,-6.1500,2020_Townsend
CycPeptMPDB_ID_3956,pampa,-6.0700,2020_Townsend
CycPeptMPDB_ID_3957,pampa,-6.0500,2020_Townsend
CycPeptMPDB_ID_3958,pampa,-5.2700,2020_Townsend
CycPeptMPDB_ID_3959,pampa,-5.7800,2020_Townsend
CycPeptMPDB_ID_3960,pampa,-5.7600,2020_Townsend
CycPeptMPDB_ID_3961,pampa,-5.6600,2020_Townsend
CycPeptMPDB_ID_3963,pampa,-5.6400,2020_Townsend
CycPeptMPDB_ID_3964,pampa,-5.9600,2020_Townsend
CycPeptMPDB_ID_3965,pampa,-5.7900,2020_Townsend
CycPeptMPDB_ID_3966,pampa,-6.3800,2020_Townsend
CycPeptMPDB_ID_3967,pampa,-6.3200,2020_Townsend
CycPeptMPDB_ID_3969,pampa,-6.2500,2020_Townsend
CycPeptMPDB_ID_3971,pampa,-6.0200,2020_Townsend
CycPeptMPDB_ID_3972,pampa,-5.9100,2020_Townsend
CycPeptMPDB_ID_3973,pampa,-5.1800,2020_Townsend
CycPeptMPDB_ID_3974,pampa,-6.4400,2020_Townsend
CycPeptMPDB_ID_3975,pampa,-6.0100,2020_Townsend
CycPeptMPDB_ID_3976,pampa,-5.9000,2020_Townsend
CycPeptMPDB_ID_3977,pampa,-6.0500,2020_Townsend
CycPeptMPDB_ID_3978,pampa,-7.2400,2020_Townsend
CycPeptMPDB_ID_3979,pampa,-6.9400,2020_Townsend
CycPeptMPDB_ID_3981,pampa,-5.8300,2020_Townsend
CycPeptMPDB_ID_3982,pampa,-6.0900,2020_Townsend
CycPeptMPDB_ID_3984,pampa,-6.4000,2020_Townsend
CycPeptMPDB_ID_3986,pampa,-5.8100,2020_Townsend
CycPeptMPDB_ID_3987,pampa,-6.6300,2020_Townsend
CycPeptMPDB_ID_3988,pampa,-6.5400,2020_Townsend
CycPeptMPDB_ID_3989,pampa,-5.9900,2020_Townsend
CycPeptMPDB_ID_3991,pampa,-6.4500,2020_Townsend
CycPeptMPDB_ID_3992,pampa,-5.8500,2020_Townsend
CycPeptMPDB_ID_3993,pampa,-5.6700,2020_Townsend
CycPeptMPDB_ID_3994,pampa,-5.5000,2020_Townsend
CycPeptMPDB_ID_3995,pampa,-5.7100,2020_Townsend
CycPeptMPDB_ID_3996,pampa,-5.3500,2020_Townsend
CycPeptMPDB_ID_3997,pampa,-5.9100,2020_Townsend
CycPeptMPDB_ID_3998,pampa,-5.6300,2020_Townsend
CycPeptMPDB_ID_3999,pampa,-5.7800,2020_Townsend
CycPeptMPDB_ID_4000,pampa,-5.5000,2020_Townsend
CycPeptMPDB_ID_4001,pampa,-5.6900,2020_Townsend
CycPeptMPDB_ID_4002,pampa,-5.3200,2020_Townsend
CycPeptMPDB_ID_4003,pampa,-6.2600,2020_Townsend
CycPeptMPDB_ID_4004,pampa,-5.8600,2020_Townsend
CycPeptMPDB_ID_4005,pampa,-5.3300,2020_Townsend
CycPeptMPDB_ID_4006,pampa,-5.8100,2020_Townsend
CycPeptMPDB_ID_4007,pampa,-5.6600,2020_Townsend
CycPeptMPDB_ID_4008,pampa,-5.0600,2020_Townsend
CycPeptMPDB_ID_4009,pampa,-5.7300,2020_Townsend
CycPeptMPDB_ID_4010,pampa,-5.2700,2020_Townsend
CycPeptMPDB_ID_4011,pampa,-5.3300,2020_Townsend
CycPeptMPDB_ID_4012,pampa,-5.0700,2020_Townsend
CycPeptMPDB_ID_4013,pampa,-4.8300,2020_Townsend
CycPeptMPDB_ID_4014,pampa,-5.0400,2020_Townsend
CycPeptMPDB_ID_4015,pampa,-5.1100,2020_Townsend
CycPeptMPDB_ID_4016,pampa,-6.1800,2020_Townsend
CycPeptMPDB_ID_4017,pampa,-5.9700,2020_Townsend
CycPeptMPDB_ID_4018,pampa,-5.7300,2020_Townsend
CycPeptMPDB_ID_4019,pampa,-5.1700,2020_Townsend
CycPeptMPDB_ID_4020,pampa,-5.1900,2020_Townsend
CycPeptMPDB_ID_4021,pampa,-5.3900,2020_Townsend
CycPeptMPDB_ID_4022,pampa,-5.0300,2020_Townsend
CycPeptMPDB_ID_4024,pampa,-5.1900,2020_Townsend
CycPeptMPDB_ID_4025,pampa,-6.3600,2020_Townsend
CycPeptMPDB_ID_4026,pampa,-5.5000,2020_Townsend
CycPeptMPDB_ID_4027,pampa,-4.9500,2020_Townsend
CycPeptMPDB_ID_4028,pampa,-5.0100,2020_Townsend
CycPeptMPDB_ID_4029,pampa,-6.0900,2020_Townsend
CycPeptMPDB_ID_4030,pampa,-5.7700,2020_Townsend
CycPeptMPDB_ID_4031,pampa,-5.3900,2020_Townsend
CycPeptMPDB_ID_4032,pampa,-5.8500,2020_Townsend
CycPeptMPDB_ID_4033,pampa,-4.9500,2020_Townsend
CycPeptMPDB_ID_4034,pampa,-4.9500,2020_Townsend
CycPeptMPDB_ID_4035,pampa,-6.6100,2020_Townsend
CycPeptMPDB_ID_4037,pampa,-5.6800,2020_Townsend
CycPeptMPDB_ID_4038,pampa,-5.5200,2020_Townsend
CycPeptMPDB_ID_4039,pampa,-5.4400,2020_Townsend
CycPeptMPDB_ID_4040,pampa,-5.1900,2020_Townsend
CycPeptMPDB_ID_4041,pampa,-5.0400,2020_Townsend
CycPeptMPDB_ID_4042,pampa,-4.8900,2020_Townsend
CycPeptMPDB_ID_4045,pampa,-5.9700,2020_Townsend
CycPeptMPDB_ID_4046,pampa,-6.2500,2020_Townsend
CycPeptMPDB_ID_4047,pampa,-6.0600,2020_Townsend
CycPeptMPDB_ID_4048,pampa,-5.5600,2020_Townsend
CycPeptMPDB_ID_4049,pampa,-5.6200,2020_Townsend
CycPeptMPDB_ID_4050,pampa,-5.5200,2020_Townsend
CycPeptMPDB_ID_4051,pampa,-5.2900,2020_Townsend
CycPeptMPDB_ID_4052,pampa,-5.4800,2020_Townsend
CycPeptMPDB_ID_4053,pampa,-4.9000,2020_Townsend
CycPeptMPDB_ID_4054,pampa,-6.0800,2020_Townsend
CycPeptMPDB_ID_4055,pampa,-5.5800,2020_Townsend
CycPeptMPDB_ID_4056,pampa,-5.1900,2020_Townsend
CycPeptMPDB_ID_4057,pampa,-5.0800,2020_Townsend
CycPeptMPDB_ID_4058,pampa,-4.9700,2020_Townsend
CycPeptMPDB_ID_4059,pampa,-5.9100,2020_Townsend
CycPeptMPDB_ID_4060,pampa,-5.9500,2020_Townsend
CycPeptMPDB_ID_4061,pampa,-5.8100,2020_Townsend
CycPeptMPDB_ID_4062,pampa,-5.1500,2020_Townsend
CycPeptMPDB_ID_4063,pampa,-6.4500,2020_Townsend
CycPeptMPDB_ID_4064,pampa,-6.1900,2020_Townsend
CycPeptMPDB_ID_4065,pampa,-5.6400,2020_Townsend
CycPeptMPDB_ID_4066,pampa,-5.8500,2020_Townsend
CycPeptMPDB_ID_4067,pampa,-5.2000,2020_Townsend
CycPeptMPDB_ID_4068,pampa,-5.2800,2020_Townsend
CycPeptMPDB_ID_4069,pampa,-5.6100,2020_Townsend
CycPeptMPDB_ID_4070,pampa,-5.2700,2020_Townsend
CycPeptMPDB_ID_4071,pampa,-6.0100,2020_Townsend
CycPeptMPDB_ID_4072,pampa,-5.8700,2020_Townsend
CycPeptMPDB_ID_4074,pampa,-5.0300,2020_Townsend
CycPeptMPDB_ID_4075,pampa,-5.1800,2020_Townsend
CycPeptMPDB_ID_4076,pampa,-5.2700,2020_Townsend
CycPeptMPDB_ID_4077,pampa,-5.0400,2020_Townsend
CycPeptMPDB_ID_4079,pampa,-5.8200,2020_Townsend
CycPeptMPDB_ID_4080,pampa,-5.2900,2020_Townsend
CycPeptMPDB_ID_4081,pampa,-6.3300,2020_Townsend
CycPeptMPDB_ID_4082,pampa,-5.7700,2020_Townsend
CycPeptMPDB_ID_4083,pampa,-5.4600,2020_Townsend
CycPeptMPDB_ID_4084,pampa,-5.1200,2020_Townsend
CycPeptMPDB_ID_4085,pampa,-6.2000,2020_Townsend
CycPeptMPDB_ID_4086,pampa,-5.9500,2020_Townsend
CycPeptMPDB_ID_4087,pampa,-5.1900,2020_Townsend
CycPeptMPDB_ID_4088,pampa,-5.7300,2020_Townsend
CycPeptMPDB_ID_4089,pampa,-5.7600,2020_Townsend
CycPeptMPDB_ID_4090,pampa,-5.5800,2020_Townsend
CycPeptMPDB_ID_4091,pampa,-6.0700,2020_Townsend
CycPeptMPDB_ID_4092,pampa,-6.3500,2020_Townsend
CycPeptMPDB_ID_4093,pampa,-6.1500,2020_Townsend
CycPeptMPDB_ID_4094,pampa,-5.8300,2020_Townsend
CycPeptMPDB_ID_4095,pampa,-5.8000,2020_Townsend
CycPeptMPDB_ID_4096,pampa,-5.7800,2020_Townsend
CycPeptMPDB_ID_4097,pampa,-6.2500,2020_Townsend
CycPeptMPDB_ID_4098,pampa,-5.7500,2020_Townsend
CycPeptMPDB_ID_4099,pampa,-5.5800,2020_Townsend
CycPeptMPDB_ID_4100,pampa,-5.6400,2020_Townsend
CycPeptMPDB_ID_4101,pampa,-5.5100,2020_Townsend
CycPeptMPDB_ID_4102,pampa,-6.2500,2020_Townsend
CycPeptMPDB_ID_4103,pampa,-6.0600,2020_Townsend
CycPeptMPDB_ID_4104,pampa,-6.3300,2020_Townsend
CycPeptMPDB_ID_4105,pampa,-6.3600,2020_Townsend
CycPeptMPDB_ID_4106,pampa,-5.3200,2020_Townsend
CycPeptMPDB_ID_4107,pampa,-5.3800,2020_Townsend
CycPeptMPDB_ID_4108,pampa,-5.5600,2020_Townsend
CycPeptMPDB_ID_4109,pampa,-5.2900,2020_Townsend
CycPeptMPDB_ID_4110,pampa,-6.7300,2020_Townsend
CycPeptMPDB_ID_4111,pampa,-5.3800,2020_Townsend
CycPeptMPDB_ID_4112,pampa,-5.4500,2020_Townsend
CycPeptMPDB_ID_4113,pampa,-5.0500,2020_Townsend
CycPeptMPDB_ID_4114,pampa,-4.9600,2020_Townsend
CycPeptMPDB_ID_4115,pampa,-6.4900,2020_Townsend
CycPeptMPDB_ID_4116,pampa,-5.7900,2020_Townsend
CycPeptMPDB_ID_4117,pampa,-4.9300,2020_Townsend
CycPeptMPDB_ID_4118,pampa,-5.2300,2020_Townsend
CycPeptMPDB_ID_4119,pampa,-5.2000,2020_Townsend
CycPeptMPDB_ID_4120,pampa,-4.9000,2020_Townsend
CycPeptMPDB_ID_4121,pampa,-5.1200,2020_Townsend
CycPeptMPDB_ID_4122,pampa,-5.2300,2020_Townsend
CycPeptMPDB_ID_4123,pampa,-6.4600,2020_Townsend
CycPeptMPDB_ID_4124,pampa,-5.9800,2020_Townsend
CycPeptMPDB_ID_4125,pampa,-7.3100,2020_Townsend
CycPeptMPDB_ID_4126,pampa,-6.0800,2020_Townsend
CycPeptMPDB_ID_4127,pampa,-5.1400,2020_Townsend
CycPeptMPDB_ID_4128,pampa,-5.2600,2020_Townsend
CycPeptMPDB_ID_4129,pampa,-5.1700,2020_Townsend
CycPeptMPDB_ID_4130,pampa,-6.7000,2020_Townsend
CycPeptMPDB_ID_4131,pampa,-5.6700,2020_Townsend
CycPeptMPDB_ID_4132,pampa,-5.6100,2020_Townsend
CycPeptMPDB_ID_4133,pampa,-5.3400,2020_Townsend
CycPeptMPDB_ID_4134,pampa,-5.2100,2020_Townsend
CycPeptMPDB_ID_4135,pampa,-5.9800,2020_Townsend
CycPeptMPDB_ID_4136,pampa,-5.4100,2020_Townsend
CycPeptMPDB_ID_4137,pampa,-5.9400,2020_Townsend
CycPeptMPDB_ID_4138,pampa,-6.2100,2020_Townsend
CycPeptMPDB_ID_4139,pampa,-5.4300,2020_Townsend
CycPeptMPDB_ID_4140,pampa,-5.4400,2020_Townsend
CycPeptMPDB_ID_4141,pampa,-6.5500,2020_Townsend
CycPeptMPDB_ID_4142,pampa,-6.2200,2020_Townsend
CycPeptMPDB_ID_4143,pampa,-5.9000,2020_Townsend
CycPeptMPDB_ID_4144,pampa,-5.1800,2020_Townsend
CycPeptMPDB_ID_4145,pampa,-5.1600,2020_Townsend
CycPeptMPDB_ID_4146,pampa,-5.1800,2020_Townsend
CycPeptMPDB_ID_4147,pampa,-5.1700,2020_Townsend
CycPeptMPDB_ID_4150,pampa,-5.5700,2020_Townsend
CycPeptMPDB_ID_4151,pampa,-5.1700,2020_Townsend
CycPeptMPDB_ID_4152,pampa,-5.3700,2020_Townsend
CycPeptMPDB_ID_4154,pampa,-5.2700,2020_Townsend
CycPeptMPDB_ID_4155,pampa,-6.0400,2020_Townsend
CycPeptMPDB_ID_4156,pampa,-5.9500,2020_Townsend
CycPeptMPDB_ID_4157,pampa,-5.7100,2020_Townsend
CycPeptMPDB_ID_4158,pampa,-5.4000,2020_Townsend
CycPeptMPDB_ID_4159,pampa,-5.7900,2020_Townsend
CycPeptMPDB_ID_4160,pampa,-5.7500,2020_Townsend
CycPeptMPDB_ID_4161,pampa,-5.6600,2020_Townsend
CycPeptMPDB_ID_4162,pampa,-5.5500,2020_Townsend
CycPeptMPDB_ID_4163,pampa,-5.9200,2020_Townsend
CycPeptMPDB_ID_4164,pampa,-5.4200,2020_Townsend
CycPeptMPDB_ID_4165,pampa,-5.5700,2020_Townsend
CycPeptMPDB_ID_4166,pampa,-5.4200,2020_Townsend
CycPeptMPDB_ID_4167,pampa,-5.3000,2020_Townsend
CycPeptMPDB_ID_4168,pampa,-6.1100,2020_Townsend
CycPeptMPDB_ID_4169,pampa,-5.2900,2020_Townsend
CycPeptMPDB_ID_4170,pampa,-5.5800,2020_Townsend
CycPeptMPDB_ID_4171,pampa,-5.6300,2020_Townsend
CycPeptMPDB_ID_4172,pampa,-5.3100,2020_Townsend
CycPeptMPDB_ID_4173,pampa,-6.2300,2020_Townsend
CycPeptMPDB_ID_4174,pampa,-5.8400,2020_Townsend
CycPeptMPDB_ID_4175,pampa,-5.4700,2020_Townsend
CycPeptMPDB_ID_4176,pampa,-5.3300,2020_Townsend
CycPeptMPDB_ID_4178,pampa,-5.6800,2020_Townsend
CycPeptMPDB_ID_4179,pampa,-5.6300,2020_Townsend
CycPeptMPDB_ID_4180,pampa,-5.8000,2020_Townsend
CycPeptMPDB_ID_4181,pampa,-6.2600,2020_Townsend
CycPeptMPDB_ID_4182,pampa,-5.4700,2020_Townsend
CycPeptMPDB_ID_4183,pampa,-6.7800,2020_Townsend
CycPeptMPDB_ID_4184,pampa,-6.3500,2020_Townsend
CycPeptMPDB_ID_4185,pampa,-6.1400,2020_Townsend
CycPeptMPDB_ID_4186,pampa,-6.3100,2020_Townsend
CycPeptMPDB_ID_4187,pampa,-5.3000,2020_Townsend
CycPeptMPDB_ID_4188,pampa,-5.6600,2020_Townsend
CycPeptMPDB_ID_4189,pampa,-6.4900,2020_Townsend
CycPeptMPDB_ID_4190,pampa,-5.9600,2020_Townsend
CycPeptMPDB_ID_4191,pampa,-5.5800,2020_Townsend
CycPeptMPDB_ID_4192,pampa,-5.4700,2020_Townsend
CycPeptMPDB_ID_4193,pampa,-5.1800,2020_Townsend
CycPeptMPDB_ID_4194,pampa,-6.9400,2020_Townsend
CycPeptMPDB_ID_4195,pampa,-5.4300,2020_Townsend
CycPeptMPDB_ID_4196,pampa,-5.7800,2020_Townsend
CycPeptMPDB_ID_4197,pampa,-6.0900,2020_Townsend
CycPeptMPDB_ID_4198,pampa,-5.7200,2020_Townsend
CycPeptMPDB_ID_4199,pampa,-5.3500,2020_Townsend
CycPeptMPDB_ID_4200,pampa,-5.6400,2020_Townsend
CycPeptMPDB_ID_4201,pampa,-5.0000,2020_Townsend
CycPeptMPDB_ID_4202,pampa,-5.4800,2020_Townsend
CycPeptMPDB_ID_4203,pampa,-5.7300,2020_Townsend
CycPeptMPDB_ID_4204,pampa,-5.5900,2020_Townsend
CycPeptMPDB_ID_4205,pampa,-5.7100,2020_Townsend
CycPeptMPDB_ID_4206,pampa,-5.5500,2020_Townsend
CycPeptMPDB_ID_4207,pampa,-4.9700,2020_Townsend
CycPeptMPDB_ID_4208,pampa,-5.0700,2020_Townsend
CycPeptMPDB_ID_4209,pampa,-5.5200,2020_Townsend
CycPeptMPDB_ID_4210,pampa,-6.4000,2020_Townsend
CycPeptMPDB_ID_4211,pampa,-5.4000,2020_Townsend
CycPeptMPDB_ID_4212,pampa,-5.0400,2020_Townsend
CycPeptMPDB_ID_4213,pampa,-6.1800,2020_Townsend
CycPeptMPDB_ID_4214,pampa,-5.8600,2020_Townsend
CycPeptMPDB_ID_4216,pampa,-5.8100,2020_Townsend
CycPeptMPDB_ID_4217,pampa,-5.3000,2020_Townsend
CycPeptMPDB_ID_4218,pampa,-5.5900,2020_Townsend
CycPeptMPDB_ID_4219,pampa,-5.0500,2020_Townsend
CycPeptMPDB_ID_4220,pampa,-5.6700,2020_Townsend
CycPeptMPDB_ID_4221,pampa,-5.2700,2020_Townsend
CycPeptMPDB_ID_4222,pampa,-4.9700,2020_Townsend
CycPeptMPDB_ID_4224,pampa,-6.3500,2020_Townsend
CycPeptMPDB_ID_4225,pampa,-5.6800,2020_Townsend
CycPeptMPDB_ID_4226,pampa,-5.4600,2020_Townsend
CycPeptMPDB_ID_4227,pampa,-5.7000,2020_Townsend
CycPeptMPDB_ID_4228,pampa,-4.9500,2020_Townsend
CycPeptMPDB_ID_4229,pampa,-4.9800,2020_Townsend
CycPeptMPDB_ID_4230,pampa,-6.4100,2020_Townsend
CycPeptMPDB_ID_4231,pampa,-6.0300,2020_Townsend
CycPeptMPDB_ID_4233,pampa,-4.8700,2020_Townsend
CycPeptMPDB_ID_4234,pampa,-5.1600,2020_Townsend
CycPeptMPDB_ID_4235,pampa,-6.3300,2020_Townsend
CycPeptMPDB_ID_4236,pampa,-5.3500,2020_Townsend
CycPeptMPDB_ID_4237,pampa,-5.3600,2020_Townsend
CycPeptMPDB_ID_4238,pampa,-5.7200,2020_Townsend
CycPeptMPDB_ID_4239,pampa,-5.3900,2020_Townsend
CycPeptMPDB_ID_4240,pampa,-5.7000,2020_Townsend
CycPeptMPDB_ID_4241,pampa,-4.9300,2020_Townsend
CycPeptMPDB_ID_4242,pampa,-4.9600,2020_Townsend
CycPeptMPDB_ID_4243,pampa,-6.1700,2020_Townsend
CycPeptMPDB_ID_4245,pampa,-6.2600,2020_Townsend
CycPeptMPDB_ID_4246,pampa,-5.7400,2020_Townsend
CycPeptMPDB_ID_4247,pampa,-5.4800,2020_Townsend
CycPeptMPDB_ID_4248,pampa,-5.5100,2020_Townsend
CycPeptMPDB_ID_4249,pampa,-5.6700,2020_Townsend
CycPeptMPDB_ID_4250,pampa,-5.2600,2020_Townsend
CycPeptMPDB_ID_4251,pampa,-5.2000,2020_Townsend
CycPeptMPDB_ID_4252,pampa,-5.3700,2020_Townsend
CycPeptMPDB_ID_4253,pampa,-5.5100,2020_Townsend
CycPeptMPDB_ID_4254,pampa,-4.9500,2020_Townsend
CycPeptMPDB_ID_4255,pampa,-5.0100,2020_Townsend
CycPeptMPDB_ID_4256,pampa,-5.8900,2020_Townsend
CycPeptMPDB_ID_4257,pampa,-5.2700,2020_Townsend
CycPeptMPDB_ID_4258,pampa,-5.3900,2020_Townsend
CycPeptMPDB_ID_4259,pampa,-5.3300,2020_Townsend
CycPeptMPDB_ID_4261,pampa,-5.9300,2020_Townsend
CycPeptMPDB_ID_4262,pampa,-5.4000,2020_Townsend
CycPeptMPDB_ID_4263,pampa,-6.1600,2020_Townsend
CycPeptMPDB_ID_4266,pampa,-5.4800,2020_Townsend
CycPeptMPDB_ID_4267,pampa,-6.0300,2020_Townsend
CycPeptMPDB_ID_4268,pampa,-5.2400,2020_Townsend
CycPeptMPDB_ID_4269,pampa,-5.5100,2020_Townsend
CycPeptMPDB_ID_4270,pampa,-5.8000,2020_Townsend
CycPeptMPDB_ID_4271,pampa,-6.0200,2020_Townsend
CycPeptMPDB_ID_4272,pampa,-5.6200,2020_Townsend
CycPeptMPDB_ID_4273,pampa,-5.1500,2020_Townsend
CycPeptMPDB_ID_4275,pampa,-5.4300,2020_Townsend
CycPeptMPDB_ID_4276,pampa,-6.0500,2020_Townsend
CycPeptMPDB_ID_4278,pampa,-6.2400,2020_Townsend
CycPeptMPDB_ID_4279,pampa,-5.3100,2020_Townsend
CycPeptMPDB_ID_4281,pampa,-5.9400,2020_Townsend
CycPeptMPDB_ID_4282,pampa,-5.8900,2020_Townsend
CycPeptMPDB_ID_4283,pampa,-5.8400,2020_Townsend
CycPeptMPDB_ID_4284,pampa,-5.8000,2020_Townsend
CycPeptMPDB_ID_4285,pampa,-5.6900,2020_Townsend
CycPeptMPDB_ID_4286,pampa,-6.3100,2020_Townsend
CycPeptMPDB_ID_4287,pampa,-6.6000,2020_Townsend
CycPeptMPDB_ID_4289,pampa,-6.7000,2020_Townsend
CycPeptMPDB_ID_4290,pampa,-6.6100,2020_Townsend
CycPeptMPDB_ID_4291,pampa,-5.6300,2020_Townsend
CycPeptMPDB_ID_4292,pampa,-6.1500,2020_Townsend
CycPeptMPDB_ID_4293,pampa,-6.2200,2020_Townsend
CycPeptMPDB_ID_4294,pampa,-7.4600,2020_Townsend
CycPeptMPDB_ID_4295,pampa,-6.6300,2020_Townsend
CycPeptMPDB_ID_4296,pampa,-5.8200,2020_Townsend
CycPeptMPDB_ID_4297,pampa,-5.9200,2020_Townsend
CycPeptMPDB_ID_4298,pampa,-5.8800,2020_Townsend
CycPeptMPDB_ID_4299,pampa,-5.3000,2020_Townsend
CycPeptMPDB_ID_4301,pampa,-6.3700,2020_Townsend
CycPeptMPDB_ID_4302,pampa,-6.1100,2020_Townsend
CycPeptMPDB_ID_4303,pampa,-6.2100,2020_Townsend
CycPeptMPDB_ID_4304,pampa,-5.5900,2020_Townsend
CycPeptMPDB_ID_4306,pampa,-5.9400,2020_Townsend
CycPeptMPDB_ID_4307,pampa,-5.2300,2020_Townsend
CycPeptMPDB_ID_4308,pampa,-5.9700,2020_Townsend
CycPeptMPDB_ID_4309,pampa,-5.9600,2020_Townsend
CycPeptMPDB_ID_4310,pampa,-5.7800,2020_Townsend
CycPeptMPDB_ID_4311,pampa,-5.3600,2020_Townsend
CycPeptMPDB_ID_4312,pampa,-5.9500,2020_Townsend
CycPeptMPDB_ID_4313,pampa,-5.2100,2020_Townsend
CycPeptMPDB_ID_4314,pampa,-5.3000,2020_Townsend
CycPeptMPDB_ID_4315,pampa,-5.9200,2020_Townsend
CycPeptMPDB_ID_4316,pampa,-6.3200,2020_Townsend
CycPeptMPDB_ID_4317,pampa,-6.7800,2020_Townsend
CycPeptMPDB_ID_4318,pampa,-6.1700,2020_Townsend
CycPeptMPDB_ID_4319,pampa,-5.4600,2020_Townsend
CycPeptMPDB_ID_4320,pampa,-5.1600,2020_Townsend
CycPeptMPDB_ID_4321,pampa,-5.8300,2020_Townsend
CycPeptMPDB_ID_4322,pampa,-5.7800,2020_Townsend
CycPeptMPDB_ID_4323,pampa,-6.0200,2020_Townsend
CycPeptMPDB_ID_4324,pampa,-6.1500,2020_Townsend
CycPeptMPDB_ID_4325,pampa,-6.0500,2020_Townsend
CycPeptMPDB_ID_4327,pampa,-5.1000,2020_Townsend
CycPeptMPDB_ID_4328,pampa,-5.1000,2020_Townsend
CycPeptMPDB_ID_4329,pampa,-6.2900,2020_Townsend
CycPeptMPDB_ID_4330,pampa,-6.3000,2020_Townsend
CycPeptMPDB_ID_4331,pampa,-5.7200,2020_Townsend
CycPeptMPDB_ID_4332,pampa,-6.1900,2020_Townsend
CycPeptMPDB_ID_4333,pampa,-5.5700,2020_Townsend
CycPeptMPDB_ID_4334,pampa,-6.2600,2020_Townsend
CycPeptMPDB_ID_4335,pampa,-6.0100,2020_Townsend
CycPeptMPDB_ID_4336,pampa,-5.6300,2020_Townsend
CycPeptMPDB_ID_4337,pampa,-5.6000,2020_Townsend
CycPeptMPDB_ID_4338,pampa,-5.5900,2020_Townsend
CycPeptMPDB_ID_4340,pampa,-6.1500,2020_Townsend
CycPeptMPDB_ID_4341,pampa,-6.0300,2020_Townsend
CycPeptMPDB_ID_4344,pampa,-5.7700,2020_Townsend
CycPeptMPDB_ID_4345,pampa,-6.1200,2020_Townsend
CycPeptMPDB_ID_4346,pampa,-5.2400,2020_Townsend
CycPeptMPDB_ID_4347,pampa,-5.6900,2020_Townsend
CycPeptMPDB_ID_4349,pampa,-5.7700,2020_Townsend
CycPeptMPDB_ID_4350,pampa,-6.3500,2020_Townsend
CycPeptMPDB_ID_4351,pampa,-5.4100,2020_Townsend
CycPeptMPDB_ID_4352,pampa,-6.2500,2020_Townsend
CycPeptMPDB_ID_4353,pampa,-5.7400,2020_Townsend
CycPeptMPDB_ID_4354,pampa,-5.7200,2020_Townsend
CycPeptMPDB_ID_4355,pampa,-5.6200,2020_Townsend
CycPeptMPDB_ID_4356,pampa,-5.9700,2020_Townsend
CycPeptMPDB_ID_4357,pampa,-6.2600,2020_Townsend
CycPeptMPDB_ID_4358,pampa,-6.1800,2020_Townsend
CycPeptMPDB_ID_4359,pampa,-6.3000,2020_Townsend
CycPeptMPDB_ID_4360,pampa,-6.2000,2020_Townsend
CycPeptMPDB_ID_4361,pampa,-6.4400,2020_Townsend
CycPeptMPDB_ID_4362,pampa,-6.2800,2020_Townsend
CycPeptMPDB_ID_4363,pampa,-5.7500,2020_Townsend
CycPeptMPDB_ID_4364,pampa,-6.2500,2020_Townsend
CycPeptMPDB_ID_4365,pampa,-6.7600,2020_Townsend
CycPeptMPDB_ID_4367,pampa,-5.4200,2020_Townsend
CycPeptMPDB_ID_4368,pampa,-5.5800,2020_Townsend
CycPeptMPDB_ID_4369,pampa,-5.7100,2020_Townsend
CycPeptMPDB_ID_4370,pampa,-5.7100,2020_Townsend
CycPeptMPDB_ID_4371,pampa,-6.5600,2020_Townsend
CycPeptMPDB_ID_4373,pampa,-5.7900,2020_Townsend
CycPeptMPDB_ID_4375,pampa,-6.8400,2020_Townsend
CycPeptMPDB_ID_4376,pampa,-5.9300,2020_Townsend
CycPeptMPDB_ID_4377,pampa,-6.4100,2020_Townsend
CycPeptMPDB_ID_4378,pampa,-5.8700,2020_Townsend
CycPeptMPDB_ID_4380,pampa,-5.7300,2020_Townsend
CycPeptMPDB_ID_4381,pampa,-7.1800,2020_Townsend
CycPeptMPDB_ID_4382,pampa,-6.4000,2020_Townsend
CycPeptMPDB_ID_4383,pampa,-7.7900,2020_Townsend
CycPeptMPDB_ID_4384,pampa,-6.7700,2020_Townsend
CycPeptMPDB_ID_4385,pampa,-6.9500,2020_Townsend
CycPeptMPDB_ID_4386,pampa,-6.4800,2020_Townsend
CycPeptMPDB_ID_4387,pampa,-5.9100,2020_Townsend
CycPeptMPDB_ID_4388,pampa,-6.5500,2020_Townsend
CycPeptMPDB_ID_4389,pampa,-6.2600,2020_Townsend
CycPeptMPDB_ID_4390,pampa,-5.3100,2020_Townsend
CycPeptMPDB_ID_4391,pampa,-5.8100,2020_Townsend
CycPeptMPDB_ID_4392,pampa,-6.0700,2020_Townsend
CycPeptMPDB_ID_4393,pampa,-6.4200,2020_Townsend
CycPeptMPDB_ID_4394,pampa,-5.6000,2020_Townsend
CycPeptMPDB_ID_4395,pampa,-5.3700,2020_Townsend
CycPeptMPDB_ID_4396,pampa,-5.7300,2020_Townsend
CycPeptMPDB_ID_4397,pampa,-6.7700,2020_Townsend
CycPeptMPDB_ID_4398,pampa,-5.9000,2020_Townsend
CycPeptMPDB_ID_4399,pampa,-5.9900,2020_Townsend
CycPeptMPDB_ID_4400,pampa,-5.6100,2020_Townsend
CycPeptMPDB_ID_4401,pampa,-5.2100,2020_Townsend
CycPeptMPDB_ID_4402,pampa,-5.0700,2020_Townsend
CycPeptMPDB_ID_4403,pampa,-5.8200,2020_Townsend
CycPeptMPDB_ID_4404,pampa,-5.7000,2020_Townsend
CycPeptMPDB_ID_4405,pampa,-5.8800,2020_Townsend
CycPeptMPDB_ID_4406,pampa,-5.2200,2020_Townsend
CycPeptMPDB_ID_4407,pampa,-6.0100,2020_Townsend
CycPeptMPDB_ID_4408,pampa,-5.2900,2020_Townsend
CycPeptMPDB_ID_4409,pampa,-5.2000,2020_Townsend
CycPeptMPDB_ID_4410,pampa,-5.3600,2020_Townsend
CycPeptMPDB_ID_4411,pampa,-5.0000,2020_Townsend
CycPeptMPDB_ID_4412,pampa,-5.5700,2020_Townsend
CycPeptMPDB_ID_4413,pampa,-5.8800,2020_Townsend
CycPeptMPDB_ID_4414,pampa,-5.5700,2020_Townsend
CycPeptMPDB_ID_4415,pampa,-5.3400,2020_Townsend
CycPeptMPDB_ID_4416,pampa,-5.7300,2020_Townsend
CycPeptMPDB_ID_4417,pampa,-5.1600,2020_Townsend
CycPeptMPDB_ID_4418,pampa,-5.2000,2020_Townsend
CycPeptMPDB_ID_4419,pampa,-4.9700,2020_Townsend
CycPeptMPDB_ID_4420,pampa,-5.0700,2020_Townsend
CycPeptMPDB_ID_4423,pampa,-6.6500,2020_Townsend
CycPeptMPDB_ID_4424,pampa,-5.6900,2020_Townsend
CycPeptMPDB_ID_4425,pampa,-5.5300,2020_Townsend
CycPeptMPDB_ID_4426,pampa,-5.0900,2020_Townsend
CycPeptMPDB_ID_4427,pampa,-6.2100,2020_Townsend
CycPeptMPDB_ID_4429,pampa,-5.5200,2020_Townsend
CycPeptMPDB_ID_4430,pampa,-4.9600,2020_Townsend
CycPeptMPDB_ID_4431,pampa,-5.1300,2020_Townsend
CycPeptMPDB_ID_4432,pampa,-5.2900,2020_Townsend
CycPeptMPDB_ID_4433,pampa,-5.7400,2020_Townsend
CycPeptMPDB_ID_4434,pampa,-5.8800,2020_Townsend
CycPeptMPDB_ID_4435,pampa,-6.2700,2020_Townsend
CycPeptMPDB_ID_4436,pampa,-5.6400,2020_Townsend
CycPeptMPDB_ID_4437,pampa,-5.2100,2020_Townsend
CycPeptMPDB_ID_4438,pampa,-4.9700,2020_Townsend
CycPeptMPDB_ID_4439,pampa,-4.9600,2020_Townsend
CycPeptMPDB_ID_4440,pampa,-5.1600,2020_Townsend
CycPeptMPDB_ID_4441,pampa,-7.2800,2020_Townsend
CycPeptMPDB_ID_4442,pampa,-7.0500,2020_Townsend
CycPeptMPDB_ID_4443,pampa,-6.5000,2020_Townsend
CycPeptMPDB_ID_4445,pampa,-6.1200,2020_Townsend
CycPeptMPDB_ID_4446,pampa,-5.9300,2020_Townsend
CycPeptMPDB_ID_4447,pampa,-5.7100,2020_Townsend
CycPeptMPDB_ID_4448,pampa,-5.2200,2020_Townsend
CycPeptMPDB_ID_4449,pampa,-5.8000,2020_Townsend
CycPeptMPDB_ID_4450,pampa,-5.2900,2020_Townsend
CycPeptMPDB_ID_4451,pampa,-6.8100,2020_Townsend
CycPeptMPDB_ID_4452,pampa,-6.4600,2020_Townsend
CycPeptMPDB_ID_4453,pampa,-5.5000,2020_Townsend
CycPeptMPDB_ID_4454,pampa,-5.5600,2020_Townsend
CycPeptMPDB_ID_4455,pampa,-5.2600,2020_Townsend
CycPeptMPDB_ID_4456,pampa,-6.1200,2020_Townsend
CycPeptMPDB_ID_4457,pampa,-5.8300,2020_Townsend
CycPeptMPDB_ID_4459,pampa,-6.7300,2020_Townsend
CycPeptMPDB_ID_4460,pampa,-6.6900,2020_Townsend
CycPeptMPDB_ID_4461,pampa,-6.0000,2020_Townsend
CycPeptMPDB_ID_4462,pampa,-5.4000,2020_Townsend
CycPeptMPDB_ID_4463,pampa,-5.7400,2020_Townsend
CycPeptMPDB_ID_4464,pampa,-5.3400,2020_Townsend
CycPeptMPDB_ID_4465,pampa,-5.3800,2020_Townsend
CycPeptMPDB_ID_4466,pampa,-6.4200,2020_Townsend
CycPeptMPDB_ID_4467,pampa,-5.6400,2020_Townsend
CycPeptMPDB_ID_4468,pampa,-5.2100,2020_Townsend
CycPeptMPDB_ID_4469,pampa,-5.7000,2020_Townsend
CycPeptMPDB_ID_4470,pampa,-5.2500,2020_Townsend
CycPeptMPDB_ID_4471,pampa,-6.2100,2020_Townsend
CycPeptMPDB_ID_4472,pampa,-5.6300,2020_Townsend
CycPeptMPDB_ID_4473,pampa,-6.4400,2020_Townsend
CycPeptMPDB_ID_4475,pampa,-6.5900,2020_Townsend
CycPeptMPDB_ID_4477,pampa,-6.6900,2020_Townsend
CycPeptMPDB_ID_4478,pampa,-6.6500,2020_Townsend
CycPeptMPDB_ID_4479,pampa,-5.8400,2020_Townsend
CycPeptMPDB_ID_4482,pampa,-6.3300,2020_Townsend
CycPeptMPDB_ID_4483,pampa,-7.0300,2020_Townsend
CycPeptMPDB_ID_4484,pampa,-6.2800,2020_Townsend
CycPeptMPDB_ID_4485,pampa,-5.7700,2020_Townsend
CycPeptMPDB_ID_4487,pampa,-6.5100,2020_Townsend
CycPeptMPDB_ID_4488,pampa,-6.3300,2020_Townsend
CycPeptMPDB_ID_4489,pampa,-6.4300,2020_Townsend
CycPeptMPDB_ID_4490,pampa,-5.9000,2020_Townsend
CycPeptMPDB_ID_4491,pampa,-5.9300,2020_Townsend
CycPeptMPDB_ID_4492,pampa,-6.0800,2020_Townsend
CycPeptMPDB_ID_4494,pampa,-6.1600,2020_Townsend
CycPeptMPDB_ID_4495,pampa,-4.0000,2020_Townsend
CycPeptMPDB_ID_4496,pampa,-6.3400,2020_Townsend
CycPeptMPDB_ID_4497,pampa,-6.4100,2020_Townsend
CycPeptMPDB_ID_4498,pampa,-6.4400,2020_Townsend
CycPeptMPDB_ID_4499,pampa,-6.8600,2020_Townsend
CycPeptMPDB_ID_4500,pampa,-5.8200,2020_Townsend
CycPeptMPDB_ID_4501,pampa,-6.0900,2020_Townsend
CycPeptMPDB_ID_4502,pampa,-5.6800,2020_Townsend
CycPeptMPDB_ID_4503,pampa,-5.5000,2020_Townsend
CycPeptMPDB_ID_4504,pampa,-5.6800,2020_Townsend
CycPeptMPDB_ID_4505,pampa,-6.4400,2020_Townsend
CycPeptMPDB_ID_4506,pampa,-5.9900,2020_Townsend
CycPeptMPDB_ID_4507,pampa,-5.9500,2020_Townsend
CycPeptMPDB_ID_4508,pampa,-5.6200,2020_Townsend
CycPeptMPDB_ID_4509,pampa,-5.8200,2020_Townsend
CycPeptMPDB_ID_4510,pampa,-5.6300,2020_Townsend
CycPeptMPDB_ID_4511,pampa,-5.8600,2020_Townsend
CycPeptMPDB_ID_4512,pampa,-5.6100,2020_Townsend
CycPeptMPDB_ID_4514,pampa,-6.4800,2020_Townsend
CycPeptMPDB_ID_4515,pampa,-6.1200,2020_Townsend
CycPeptMPDB_ID_4516,pampa,-7.3000,2020_Townsend
CycPeptMPDB_ID_4517,pampa,-5.8300,2020_Townsend
CycPeptMPDB_ID_4518,pampa,-5.6000,2020_Townsend
CycPeptMPDB_ID_4519,pampa,-5.6500,2020_Townsend
CycPeptMPDB_ID_4520,pampa,-5.6800,2020_Townsend
CycPeptMPDB_ID_4521,pampa,-6.5300,2020_Townsend
CycPeptMPDB_ID_4522,pampa,-6.6300,2020_Townsend
CycPeptMPDB_ID_4523,pampa,-6.6000,2020_Townsend
CycPeptMPDB_ID_4524,pampa,-5.6100,2020_Townsend
CycPeptMPDB_ID_4525,pampa,-5.7500,2020_Townsend
CycPeptMPDB_ID_4526,pampa,-5.5000,2020_Townsend
CycPeptMPDB_ID_4527,pampa,-5.2000,2020_Townsend
CycPeptMPDB_ID_4528,pampa,-6.3200,2020_Townsend
CycPeptMPDB_ID_4529,pampa,-6.0700,2020_Townsend
CycPeptMPDB_ID_4530,pampa,-5.5600,2020_Townsend
CycPeptMPDB_ID_4531,pampa,-5.2800,2020_Townsend
CycPeptMPDB_ID_4532,pampa,-6.7000,2020_Townsend
CycPeptMPDB_ID_4533,pampa,-6.0600,2020_Townsend
CycPeptMPDB_ID_4534,pampa,-5.7500,2020_Townsend
CycPeptMPDB_ID_4535,pampa,-5.8700,2020_Townsend
CycPeptMPDB_ID_4536,pampa,-6.0300,2020_Townsend
CycPeptMPDB_ID_4537,pampa,-5.7300,2020_Townsend
CycPeptMPDB_ID_4540,pampa,-5.9000,2020_Townsend
CycPeptMPDB_ID_4541,pampa,-5.8900,2020_Townsend
CycPeptMPDB_ID_4542,pampa,-5.2400,2020_Townsend
CycPeptMPDB_ID_4543,pampa,-5.3600,2020_Townsend
CycPeptMPDB_ID_4544,pampa,-6.1600,2020_Townsend
CycPeptMPDB_ID_4545,pampa,-6.1500,2020_Townsend
CycPeptMPDB_ID_4546,pampa,-5.4000,2020_Townsend
CycPeptMPDB_ID_4548,pampa,-6.4800,2020_Townsend
CycPeptMPDB_ID_4549,pampa,-5.9900,2020_Townsend
CycPeptMPDB_ID_4550,pampa,-5.8800,2020_Townsend
CycPeptMPDB_ID_4551,pampa,-5.6900,2020_Townsend
CycPeptMPDB_ID_4552,pampa,-5.4100,2020_Townsend
CycPeptMPDB_ID_4553,pampa,-6.4500,2020_Townsend
CycPeptMPDB_ID_4554,pampa,-6.1200,2020_Townsend
CycPeptMPDB_ID_4555,pampa,-5.4900,2020_Townsend
CycPeptMPDB_ID_4556,pampa,-6.1800,2020_Townsend
CycPeptMPDB_ID_4557,pampa,-6.0900,2020_Townsend
CycPeptMPDB_ID_4558,pampa,-5.3200,2020_Townsend
CycPeptMPDB_ID_4560,pampa,-6.6900,2020_Townsend
CycPeptMPDB_ID_4561,pampa,-6.5900,2020_Townsend
CycPeptMPDB_ID_4565,pampa,-6.2600,2020_Townsend
CycPeptMPDB_ID_4567,pampa,-6.3600,2020_Townsend
CycPeptMPDB_ID_4568,pampa,-6.5400,2020_Townsend
CycPeptMPDB_ID_4569,pampa,-6.1200,2020_Townsend
CycPeptMPDB_ID_4570,pampa,-5.9200,2020_Townsend
CycPeptMPDB_ID_4571,pampa,-5.9200,2020_Townsend
CycPeptMPDB_ID_4572,pampa,-5.2400,2020_Townsend
CycPeptMPDB_ID_4573,pampa,-6.3100,2020_Townsend
CycPeptMPDB_ID_4574,pampa,-6.5900,2020_Townsend
CycPeptMPDB_ID_4575,pampa,-6.3400,2020_Townsend
CycPeptMPDB_ID_4576,pampa,-6.7300,2020_Townsend
CycPeptMPDB_ID_4577,pampa,-5.3100,2020_Townsend
CycPeptMPDB_ID_4578,pampa,-5.6900,2020_Townsend
CycPeptMPDB_ID_4581,pampa,-5.7200,2020_Townsend
CycPeptMPDB_ID_4582,pampa,-5.6000,2020_Townsend
CycPeptMPDB_ID_4583,pampa,-5.3700,2020_Townsend
CycPeptMPDB_ID_4584,pampa,-5.9000,2020_Townsend
CycPeptMPDB_ID_4585,pampa,-5.6900,2020_Townsend
CycPeptMPDB_ID_4587,pampa,-6.3000,2020_Townsend
CycPeptMPDB_ID_4588,pampa,-5.8400,2020_Townsend
CycPeptMPDB_ID_4589,pampa,-5.1800,2020_Townsend
CycPeptMPDB_ID_4590,pampa,-5.7800,2020_Townsend
CycPeptMPDB_ID_4591,pampa,-7.1200,2020_Townsend
CycPeptMPDB_ID_4592,pampa,-6.8700,2020_Townsend
CycPeptMPDB_ID_4593,pampa,-6.2300,2020_Townsend
CycPeptMPDB_ID_4594,pampa,-5.2800,2020_Townsend
CycPeptMPDB_ID_4595,pampa,-6.4100,2020_Townsend
CycPeptMPDB_ID_4597,pampa,-5.4600,2020_Townsend
CycPeptMPDB_ID_4598,pampa,-5.5900,2020_Townsend
CycPeptMPDB_ID_4599,pampa,-6.5600,2020_Townsend
CycPeptMPDB_ID_4600,pampa,-5.9500,2020_Townsend
CycPeptMPDB_ID_4601,pampa,-6.3200,2020_Townsend
CycPeptMPDB_ID_4602,pampa,-5.9600,2020_Townsend
CycPeptMPDB_ID_4603,pampa,-5.1100,2020_Townsend
CycPeptMPDB_ID_4606,pampa,-6.1300,2020_Townsend
CycPeptMPDB_ID_4607,pampa,-6.1100,2020_Townsend
CycPeptMPDB_ID_4608,pampa,-5.8800,2020_Townsend
CycPeptMPDB_ID_4609,pampa,-6.2000,2020_Townsend
CycPeptMPDB_ID_4612,pampa,-6.5700,2020_Townsend
CycPeptMPDB_ID_4613,pampa,-6.6400,2020_Townsend
CycPeptMPDB_ID_4615,pampa,-6.2500,2020_Townsend
CycPeptMPDB_ID_4616,pampa,-6.0800,2020_Townsend
CycPeptMPDB_ID_4617,pampa,-5.9400,2020_Townsend
CycPeptMPDB_ID_4622,pampa,-5.5700,2020_Townsend
CycPeptMPDB_ID_4623,pampa,-6.9400,2020_Townsend
CycPeptMPDB_ID_4624,pampa,-4.9600,2020_Townsend
CycPeptMPDB_ID_4625,pampa,-6.2300,2020_Townsend
CycPeptMPDB_ID_4626,pampa,-5.0700,2020_Townsend
CycPeptMPDB_ID_4627,pampa,-5.1500,2020_Townsend
CycPeptMPDB_ID_4628,pampa,-6.4600,2020_Townsend
CycPeptMPDB_ID_4629,pampa,-6.1700,2020_Townsend
CycPeptMPDB_ID_4630,pampa,-7.4900,2020_Townsend
CycPeptMPDB_ID_4631,pampa,-4.0000,2020_Townsend
CycPeptMPDB_ID_4632,pampa,-5.9600,2020_Townsend
CycPeptMPDB_ID_4633,pampa,-6.4300,2020_Townsend
CycPeptMPDB_ID_4634,pampa,-6.0000,2020_Townsend
CycPeptMPDB_ID_4635,pampa,-5.5500,2020_Townsend
CycPeptMPDB_ID_4636,pampa,-7.1300,2020_Townsend
CycPeptMPDB_ID_4637,pampa,-6.3800,2020_Townsend
CycPeptMPDB_ID_4638,pampa,-5.9600,2020_Townsend
CycPeptMPDB_ID_4639,pampa,-5.5600,2020_Townsend
CycPeptMPDB_ID_4640,pampa,-7.6600,2020_Townsend
CycPeptMPDB_ID_4641,pampa,-6.7700,2020_Townsend
CycPeptMPDB_ID_4642,pampa,-5.3300,2020_Townsend
CycPeptMPDB_ID_4643,pampa,-5.6800,2020_Townsend
CycPeptMPDB_ID_4644,pampa,-5.9100,2020_Townsend
CycPeptMPDB_ID_4645,pampa,-5.9100,2020_Townsend
CycPeptMPDB_ID_4646,pampa,-5.8600,2020_Townsend
CycPeptMPDB_ID_4647,pampa,-5.5400,2020_Townsend
CycPeptMPDB_ID_4648,pampa,-6.4900,2020_Townsend
CycPeptMPDB_ID_4649,pampa,-5.0500,2020_Townsend
CycPeptMPDB_ID_4651,pampa,-6.5100,2020_Townsend
CycPeptMPDB_ID_4652,pampa,-6.0000,2020_Townsend
CycPeptMPDB_ID_4653,pampa,-5.0600,2020_Townsend
CycPeptMPDB_ID_4654,pampa,-5.9900,2020_Townsend
CycPeptMPDB_ID_4655,pampa,-5.3200,2020_Townsend
CycPeptMPDB_ID_4656,pampa,-5.0300,2020_Townsend
CycPeptMPDB_ID_4657,pampa,-5.4700,2020_Townsend
CycPeptMPDB_ID_4658,pampa,-6.3800,2020_Townsend
CycPeptMPDB_ID_4659,pampa,-5.8000,2020_Townsend
CycPeptMPDB_ID_4660,pampa,-6.2200,2020_Townsend
CycPeptMPDB_ID_4661,pampa,-6.4100,2020_Townsend
CycPeptMPDB_ID_4662,pampa,-5.5900,2020_Townsend
CycPeptMPDB_ID_4663,pampa,-5.2800,2020_Townsend
CycPeptMPDB_ID_4664,pampa,-6.7900,2020_Townsend
CycPeptMPDB_ID_4665,pampa,-7.1300,2020_Townsend
CycPeptMPDB_ID_4666,pampa,-6.2900,2020_Townsend
CycPeptMPDB_ID_4667,pampa,-6.0400,2020_Townsend
CycPeptMPDB_ID_4668,pampa,-5.1600,2020_Townsend
CycPeptMPDB_ID_4669,pampa,-6.2800,2020_Townsend
CycPeptMPDB_ID_4670,pampa,-6.1700,2020_Townsend
CycPeptMPDB_ID_4671,pampa,-5.8000,2020_Townsend
CycPeptMPDB_ID_4672,pampa,-6.1400,2020_Townsend
CycPeptMPDB_ID_4673,pampa,-5.7300,2020_Townsend
CycPeptMPDB_ID_4674,pampa,-6.6500,2020_Townsend
CycPeptMPDB_ID_4675,pampa,-6.3600,2020_Townsend
CycPeptMPDB_ID_4676,pampa,-6.2500,2020_Townsend
CycPeptMPDB_ID_4677,pampa,-5.5200,2020_Townsend
CycPeptMPDB_ID_4678,pampa,-5.1700,2020_Townsend
CycPeptMPDB_ID_4679,pampa,-5.2200,2020_Townsend
CycPeptMPDB_ID_4680,pampa,-5.4000,2020_Townsend
CycPeptMPDB_ID_4681,pampa,-5.5500,2020_Townsend
CycPeptMPDB_ID_4684,pampa,-5.9000,2020_Townsend
CycPeptMPDB_ID_4685,pampa,-6.0900,2020_Townsend
CycPeptMPDB_ID_4686,pampa,-6.0400,2020_Townsend
CycPeptMPDB_ID_4687,pampa,-6.2000,2020_Townsend
CycPeptMPDB_ID_4688,pampa,-5.8800,2020_Townsend
CycPeptMPDB_ID_4689,pampa,-5.8100,2020_Townsend
CycPeptMPDB_ID_4690,pampa,-5.1700,2020_Townsend
CycPeptMPDB_ID_4691,pampa,-5.6400,2020_Townsend
CycPeptMPDB_ID_4692,pampa,-5.6600,2020_Townsend
CycPeptMPDB_ID_4693,pampa,-6.2200,2020_Townsend
CycPeptMPDB_ID_4694,pampa,-5.4800,2020_Townsend
CycPeptMPDB_ID_4695,pampa,-5.5900,2020_Townsend
CycPeptMPDB_ID_4696,pampa,-6.1100,2020_Townsend
CycPeptMPDB_ID_4697,pampa,-5.8500,2020_Townsend
CycPeptMPDB_ID_4698,pampa,-5.5800,2020_Townsend
CycPeptMPDB_ID_4699,pampa,-5.9800,2020_Townsend
CycPeptMPDB_ID_4700,pampa,-5.4800,2020_Townsend
CycPeptMPDB_ID_4701,pampa,-5.8100,2020_Townsend
CycPeptMPDB_ID_4702,pampa,-5.8700,2020_Townsend
CycPeptMPDB_ID_4703,pampa,-5.7400,2020_Townsend
CycPeptMPDB_ID_4704,pampa,-6.2800,2020_Townsend
CycPeptMPDB_ID_4705,pampa,-5.4200,2020_Townsend
CycPeptMPDB_ID_4706,pampa,-5.4800,2020_Townsend
CycPeptMPDB_ID_4707,pampa,-5.0500,2020_Townsend
CycPeptMPDB_ID_4708,pampa,-6.1300,2020_Townsend
CycPeptMPDB_ID_4709,pampa,-5.8100,2020_Townsend
CycPeptMPDB_ID_4710,pampa,-5.7400,2020_Townsend
CycPeptMPDB_ID_4711,pampa,-5.5000,2020_Townsend
CycPeptMPDB_ID_4712,pampa,-6.1700,2020_Townsend
CycPeptMPDB_ID_4713,pampa,-5.9200,2020_Townsend
CycPeptMPDB_ID_4714,pampa,-5.2300,2020_Townsend
CycPeptMPDB_ID_4715,pampa,-6.1000,2020_Townsend
CycPeptMPDB_ID_4716,pampa,-5.6900,2020_Townsend
CycPeptMPDB_ID_4717,pampa,-5.6300,2020_Townsend
CycPeptMPDB_ID_4718,pampa,-6.0100,2020_Townsend
CycPeptMPDB_ID_4720,pampa,-6.3400,2020_Townsend
CycPeptMPDB_ID_4721,pampa,-4.0000,2020_Townsend
CycPeptMPDB_ID_4722,pampa,-7.6400,2020_Townsend
CycPeptMPDB_ID_4723,pampa,-6.5200,2020_Townsend
CycPeptMPDB_ID_4724,pampa,-5.6700,2020_Townsend
CycPeptMPDB_ID_4725,pampa,-5.5200,2020_Townsend
CycPeptMPDB_ID_4726,pampa,-5.6700,2020_Townsend
CycPeptMPDB_ID_4727,pampa,-6.4300,2020_Townsend
CycPeptMPDB_ID_4728,pampa,-5.7900,2020_Townsend
CycPeptMPDB_ID_4729,pampa,-5.8600,2020_Townsend
CycPeptMPDB_ID_4730,pampa,-6.0700,2020_Townsend
CycPeptMPDB_ID_4731,pampa,-5.4300,2020_Townsend
CycPeptMPDB_ID_4732,pampa,-6.7800,2020_Townsend
CycPeptMPDB_ID_4733,pampa,-6.8600,2020_Townsend
CycPeptMPDB_ID_4734,pampa,-6.3200,2020_Townsend
CycPeptMPDB_ID_4735,pampa,-5.7000,2020_Townsend
CycPeptMPDB_ID_4736,pampa,-5.3200,2020_Townsend
CycPeptMPDB_ID_4737,pampa,-6.5400,2020_Townsend
CycPeptMPDB_ID_4738,pampa,-5.9800,2020_Townsend
CycPeptMPDB_ID_4739,pampa,-5.2600,2020_Townsend
CycPeptMPDB_ID_4740,pampa,-5.1000,2020_Townsend
CycPeptMPDB_ID_4741,pampa,-5.1300,2020_Townsend
CycPeptMPDB_ID_4742,pampa,-5.3300,2020_Townsend
CycPeptMPDB_ID_4743,pampa,-5.4200,2020_Townsend
CycPeptMPDB_ID_4744,pampa,-5.5900,2020_Townsend
CycPeptMPDB_ID_4745,pampa,-5.6700,2020_Townsend
CycPeptMPDB_ID_4746,pampa,-5.2700,2020_Townsend
CycPeptMPDB_ID_4747,pampa,-6.8200,2020_Townsend
CycPeptMPDB_ID_4748,pampa,-5.9400,2020_Townsend
CycPeptMPDB_ID_4749,pampa,-5.9800,2020_Townsend
CycPeptMPDB_ID_4750,pampa,-6.0200,2020_Townsend
CycPeptMPDB_ID_4751,pampa,-5.6800,2020_Townsend
CycPeptMPDB_ID_4752,pampa,-5.5400,2020_Townsend
CycPeptMPDB_ID_4753,pampa,-5.0600,2020_Townsend
CycPeptMPDB_ID_4754,pampa,-5.8800,2020_Townsend
CycPeptMPDB_ID_4755,pampa,-6.4400,2020_Townsend
CycPeptMPDB_ID_4756,pampa,-5.9500,2020_Townsend
CycPeptMPDB_ID_4757,pampa,-6.1600,2020_Townsend
CycPeptMPDB_ID_4758,pampa,-6.3800,2020_Townsend
CycPeptMPDB_ID_4759,pampa,-5.4200,2020_Townsend
CycPeptMPDB_ID_4760,pampa,-5.3800,2020_Townsend
CycPeptMPDB_ID_4761,pampa,-6.3200,2020_Townsend
CycPeptMPDB_ID_4762,pampa,-5.9200,2020_Townsend
CycPeptMPDB_ID_4763,pampa,-5.0800,2020_Townsend
CycPeptMPDB_ID_4764,pampa,-5.8300,2020_Townsend
CycPeptMPDB_ID_4765,pampa,-5.4600,2020_Townsend
CycPeptMPDB_ID_4766,pampa,-4.9900,2020_Townsend
CycPeptMPDB_ID_4767,pampa,-7.2100,2020_Townsend
CycPeptMPDB_ID_4768,pampa,-6.0200,2020_Townsend
CycPeptMPDB_ID_4769,pampa,-5.3600,2020_Townsend
CycPeptMPDB_ID_4770,pampa,-5.4000,2020_Townsend
CycPeptMPDB_ID_4771,pampa,-5.5500,2020_Townsend
CycPeptMPDB_ID_4772,pampa,-5.4500,2020_Townsend
CycPeptMPDB_ID_4773,pampa,-5.4100,2020_Townsend
CycPeptMPDB_ID_4774,pampa,-5.3600,2020_Townsend
CycPeptMPDB_ID_4775,pampa,-5.2500,2020_Townsend
CycPeptMPDB_ID_4776,pampa,-6.7100,2020_Townsend
CycPeptMPDB_ID_4777,pampa,-6.4600,2020_Townsend
CycPeptMPDB_ID_4778,pampa,-5.6100,2020_Townsend
CycPeptMPDB_ID_4779,pampa,-5.8000,2020_Townsend
CycPeptMPDB_ID_4780,pampa,-5.2000,2020_Townsend
CycPeptMPDB_ID_4781,pampa,-5.8900,2020_Townsend
CycPeptMPDB_ID_4782,pampa,-5.3400,2020_Townsend
CycPeptMPDB_ID_4783,pampa,-5.7700,2020_Townsend
CycPeptMPDB_ID_4784,pampa,-5.6600,2020_Townsend
CycPeptMPDB_ID_4785,pampa,-5.6700,2020_Townsend
CycPeptMPDB_ID_4787,pampa,-5.9400,2020_Townsend
CycPeptMPDB_ID_4788,pampa,-6.2700,2020_Townsend
CycPeptMPDB_ID_4789,pampa,-5.7800,2020_Townsend
CycPeptMPDB_ID_4790,pampa,-5.6300,2020_Townsend
CycPeptMPDB_ID_4791,pampa,-5.6800,2020_Townsend
CycPeptMPDB_ID_4792,pampa,-5.7000,2020_Townsend
CycPeptMPDB_ID_4793,pampa,-6.9000,2020_Townsend
CycPeptMPDB_ID_4794,pampa,-5.6800,2020_Townsend
CycPeptMPDB_ID_4795,pampa,-6.4000,2020_Townsend
CycPeptMPDB_ID_4796,pampa,-5.2200,2020_Townsend
CycPeptMPDB_ID_4797,pampa,-5.5500,2020_Townsend
CycPeptMPDB_ID_4798,pampa,-5.4500,2020_Townsend
CycPeptMPDB_ID_4799,pampa,-6.8000,2020_Townsend
CycPeptMPDB_ID_4800,pampa,-5.9200,2020_Townsend
CycPeptMPDB_ID_4801,pampa,-5.7100,2020_Townsend
CycPeptMPDB_ID_4802,pampa,-6.8100,2020_Townsend
CycPeptMPDB_ID_4805,pampa,-5.4400,2020_Townsend
CycPeptMPDB_ID_4807,pampa,-5.9100,2020_Townsend
CycPeptMPDB_ID_4808,pampa,-5.7600,2020_Townsend
CycPeptMPDB_ID_4809,pampa,-6.0400,2020_Townsend
CycPeptMPDB_ID_4810,pampa,-5.9000,2020_Townsend
CycPeptMPDB_ID_4811,pampa,-5.8200,2020_Townsend
CycPeptMPDB_ID_4812,pampa,-6.4200,2020_Townsend
CycPeptMPDB_ID_4813,pampa,-6.5300,2020_Townsend
CycPeptMPDB_ID_4814,pampa,-6.7500,2020_Townsend
CycPeptMPDB_ID_4815,pampa,-5.7100,2020_Townsend
CycPeptMPDB_ID_4816,pampa,-5.8800,2020_Townsend
CycPeptMPDB_ID_4817,pampa,-6.3100,2020_Townsend
CycPeptMPDB_ID_4818,pampa,-5.9000,2020_Townsend
CycPeptMPDB_ID_4819,pampa,-5.3100,2020_Townsend
CycPeptMPDB_ID_4820,pampa,-5.4200,2020_Townsend
CycPeptMPDB_ID_4821,pampa,-6.2300,2020_Townsend
CycPeptMPDB_ID_4822,pampa,-5.6800,2020_Townsend
CycPeptMPDB_ID_4823,pampa,-5.4900,2020_Townsend
CycPeptMPDB_ID_4824,pampa,-5.3500,2020_Townsend
CycPeptMPDB_ID_4825,pampa,-5.4100,2020_Townsend
CycPeptMPDB_ID_4826,pampa,-6.3000,2020_Townsend
CycPeptMPDB_ID_4827,pampa,-5.8600,2020_Townsend
CycPeptMPDB_ID_4828,pampa,-5.9100,2020_Townsend
CycPeptMPDB_ID_4829,pampa,-5.1700,2020_Townsend
CycPeptMPDB_ID_4830,pampa,-5.4600,2020_Townsend
CycPeptMPDB_ID_4831,pampa,-5.2400,2020_Townsend
CycPeptMPDB_ID_4832,pampa,-5.6400,2020_Townsend
CycPeptMPDB_ID_4833,pampa,-5.7300,2020_Townsend
CycPeptMPDB_ID_4834,pampa,-5.0300,2020_Townsend
CycPeptMPDB_ID_4835,pampa,-5.9800,2020_Townsend
CycPeptMPDB_ID_4836,pampa,-6.0100,2020_Townsend
CycPeptMPDB_ID_4837,pampa,-5.2100,2020_Townsend
CycPeptMPDB_ID_4838,pampa,-5.0700,2020_Townsend
CycPeptMPDB_ID_4839,pampa,-5.1800,2020_Townsend
CycPeptMPDB_ID_4840,pampa,-5.1100,2020_Townsend
CycPeptMPDB_ID_4841,pampa,-5.6500,2020_Townsend
CycPeptMPDB_ID_4842,pampa,-6.6700,2020_Townsend
CycPeptMPDB_ID_4843,pampa,-5.6200,2020_Townsend
CycPeptMPDB_ID_4844,pampa,-5.1400,2020_Townsend
CycPeptMPDB_ID_4845,pampa,-5.0500,2020_Townsend
CycPeptMPDB_ID_4846,pampa,-6.1700,2020_Townsend
CycPeptMPDB_ID_4847,pampa,-5.9900,2020_Townsend
CycPeptMPDB_ID_4848,pampa,-5.6600,2020_Townsend
CycPeptMPDB_ID_4849,pampa,-6.2100,2020_Townsend
CycPeptMPDB_ID_4850,pampa,-5.1300,2020_Townsend
CycPeptMPDB_ID_4851,pampa,-5.0400,2020_Townsend
CycPeptMPDB_ID_4852,pampa,-5.9500,2020_Townsend
CycPeptMPDB_ID_4853,pampa,-5.7300,2020_Townsend
CycPeptMPDB_ID_4854,pampa,-5.1400,2020_Townsend
CycPeptMPDB_ID_4855,pampa,-5.5000,2020_Townsend
CycPeptMPDB_ID_4856,pampa,-5.1200,2020_Townsend
CycPeptMPDB_ID_4857,pampa,-5.9400,2020_Townsend
CycPeptMPDB_ID_4858,pampa,-5.2400,2020_Townsend
CycPeptMPDB_ID_4859,pampa,-5.4100,2020_Townsend
CycPeptMPDB_ID_4860,pampa,-5.5400,2020_Townsend
CycPeptMPDB_ID_4861,pampa,-5.1600,2020_Townsend
CycPeptMPDB_ID_4862,pampa,-5.6300,2020_Townsend
CycPeptMPDB_ID_4863,pampa,-6.8600,2020_Townsend
CycPeptMPDB_ID_4864,pampa,-6.0500,2020_Townsend
CycPeptMPDB_ID_4865,pampa,-6.0400,2020_Townsend
CycPeptMPDB_ID_4866,pampa,-5.7600,2020_Townsend
CycPeptMPDB_ID_4867,pampa,-5.4200,2020_Townsend
CycPeptMPDB_ID_4868,pampa,-5.4000,2020_Townsend
CycPeptMPDB_ID_4869,pampa,-5.3200,2020_Townsend
CycPeptMPDB_ID_4870,pampa,-6.5300,2020_Townsend
CycPeptMPDB_ID_4871,pampa,-5.7300,2020_Townsend
CycPeptMPDB_ID_4872,pampa,-5.7000,2020_Townsend
CycPeptMPDB_ID_4873,pampa,-5.4000,2020_Townsend
CycPeptMPDB_ID_4874,pampa,-5.3500,2020_Townsend
CycPeptMPDB_ID_4875,pampa,-6.0400,2020_Townsend
CycPeptMPDB_ID_4876,pampa,-5.5600,2020_Townsend
CycPeptMPDB_ID_4877,pampa,-6.1800,2020_Townsend
CycPeptMPDB_ID_4878,pampa,-5.6100,2020_Townsend
CycPeptMPDB_ID_4879,pampa,-6.2600,2020_Townsend
CycPeptMPDB_ID_4880,pampa,-5.2200,2020_Townsend
CycPeptMPDB_ID_4881,pampa,-5.2500,2020_Townsend
CycPeptMPDB_ID_4882,pampa,-5.4300,2020_Townsend
CycPeptMPDB_ID_4883,pampa,-5.5700,2020_Townsend
CycPeptMPDB_ID_4884,pampa,-6.3600,2020_Townsend
CycPeptMPDB_ID_4885,pampa,-5.2700,2020_Townsend
CycPeptMPDB_ID_4886,pampa,-7.4600,2020_Townsend
CycPeptMPDB_ID_4887,pampa,-5.9100,2020_Townsend
CycPeptMPDB_ID_4888,pampa,-5.5600,2020_Townsend
CycPeptMPDB_ID_4889,pampa,-5.7600,2020_Townsend
CycPeptMPDB_ID_4890,pampa,-6.2600,2020_Townsend
CycPeptMPDB_ID_4891,pampa,-6.4500,2020_Townsend
CycPeptMPDB_ID_4892,pampa,-5.3100,2020_Townsend
CycPeptMPDB_ID_4893,pampa,-5.8100,2020_Townsend
CycPeptMPDB_ID_4894,pampa,-5.5000,2020_Townsend
CycPeptMPDB_ID_4895,pampa,-5.8300,2020_Townsend
CycPeptMPDB_ID_4896,pampa,-5.8500,2020_Townsend
CycPeptMPDB_ID_4897,pampa,-6.7300,2020_Townsend
CycPeptMPDB_ID_4898,pampa,-5.8500,2020_Townsend
CycPeptMPDB_ID_4899,pampa,-6.0300,2020_Townsend
CycPeptMPDB_ID_4900,pampa,-5.7900,2020_Townsend
CycPeptMPDB_ID_4901,pampa,-5.7700,2020_Townsend
CycPeptMPDB_ID_4902,pampa,-6.2300,2020_Townsend
CycPeptMPDB_ID_4903,pampa,-5.9400,2020_Townsend
CycPeptMPDB_ID_4904,pampa,-5.6200,2020_Townsend
CycPeptMPDB_ID_4905,pampa,-5.7100,2020_Townsend
CycPeptMPDB_ID_4906,pampa,-5.8200,2020_Townsend
CycPeptMPDB_ID_4907,pampa,-5.6000,2020_Townsend
CycPeptMPDB_ID_4908,pampa,-5.5000,2020_Townsend
CycPeptMPDB_ID_4909,pampa,-5.6400,2020_Townsend
CycPeptMPDB_ID_4910,pampa,-5.4800,2020_Townsend
CycPeptMPDB_ID_4911,pampa,-5.5200,2020_Townsend
CycPeptMPDB_ID_4912,pampa,-5.3100,2020_Townsend
CycPeptMPDB_ID_4913,pampa,-5.5100,2020_Townsend
CycPeptMPDB_ID_4914,pampa,-5.3600,2020_Townsend
CycPeptMPDB_ID_4915,pampa,-5.7100,2020_Townsend
CycPeptMPDB_ID_4916,pampa,-5.5400,2020_Townsend
CycPeptMPDB_ID_4917,pampa,-5.8500,2020_Townsend
CycPeptMPDB_ID_4918,pampa,-5.6500,2020_Townsend
CycPeptMPDB_ID_4919,pampa,-5.7900,2020_Townsend
CycPeptMPDB_ID_4920,pampa,-5.3600,2020_Townsend
CycPeptMPDB_ID_4921,pampa,-5.3300,2020_Townsend
CycPeptMPDB_ID_4922,pampa,-5.5100,2020_Townsend
CycPeptMPDB_ID_4923,pampa,-5.7400,2020_Townsend
CycPeptMPDB_ID_4924,pampa,-5.4500,2020_Townsend
CycPeptMPDB_ID_4925,pampa,-5.4500,2020_Townsend
CycPeptMPDB_ID_4926,pampa,-5.3200,2020_Townsend
CycPeptMPDB_ID_4927,pampa,-5.1100,2020_Townsend
CycPeptMPDB_ID_4928,pampa,-5.4400,2020_Townsend
CycPeptMPDB_ID_4929,pampa,-5.3100,2020_Townsend
CycPeptMPDB_ID_4930,pampa,-5.4200,2020_Townsend
CycPeptMPDB_ID_4931,pampa,-5.3200,2020_Townsend
CycPeptMPDB_ID_4932,pampa,-5.3100,2020_Townsend
CycPeptMPDB_ID_4933,pampa,-5.7500,2020_Townsend
CycPeptMPDB_ID_4934,pampa,-5.7600,2020_Townsend
CycPeptMPDB_ID_4935,pampa,-5.7300,2020_Townsend
CycPeptMPDB_ID_4936,pampa,-5.4200,2020_Townsend
CycPeptMPDB_ID_4937,pampa,-5.6400,2020_Townsend
CycPeptMPDB_ID_4938,pampa,-5.3100,2020_Townsend
CycPeptMPDB_ID_4939,pampa,-5.5200,2020_Townsend
CycPeptMPDB_ID_4940,pampa,-5.9300,2020_Townsend
CycPeptMPDB_ID_4941,pampa,-5.8500,2020_Townsend
CycPeptMPDB_ID_4942,pampa,-5.7900,2020_Townsend
CycPeptMPDB_ID_4943,pampa,-5.6800,2020_Townsend
CycPeptMPDB_ID_4944,pampa,-5.6700,2020_Townsend
CycPeptMPDB_ID_4945,pampa,-5.1700,2020_Townsend
CycPeptMPDB_ID_4946,pampa,-5.2500,2020_Townsend
CycPeptMPDB_ID_4947,pampa,-6.2700,2020_Townsend
CycPeptMPDB_ID_4948,pampa,-5.8500,2020_Townsend
CycPeptMPDB_ID_4949,pampa,-5.1700,2020_Townsend
CycPeptMPDB_ID_4950,pampa,-5.2300,2020_Townsend
CycPeptMPDB_ID_4951,pampa,-5.5200,2020_Townsend
CycPeptMPDB_ID_4952,pampa,-5.3800,2020_Townsend
CycPeptMPDB_ID_4953,pampa,-5.8300,2020_Townsend
CycPeptMPDB_ID_4954,pampa,-5.6800,2020_Townsend
CycPeptMPDB_ID_4955,pampa,-5.6800,2020_Townsend
CycPeptMPDB_ID_4956,pampa,-5.5800,2020_Townsend
CycPeptMPDB_ID_4957,pampa,-5.2000,2020_Townsend
CycPeptMPDB_ID_4958,pampa,-5.9000,2020_Townsend
CycPeptMPDB_ID_4959,pampa,-6.3000,2020_Townsend
CycPeptMPDB_ID_4960,pampa,-5.9000,2020_Townsend
CycPeptMPDB_ID_4961,pampa,-5.6900,2020_Townsend
CycPeptMPDB_ID_4962,pampa,-5.5500,2020_Townsend
CycPeptMPDB_ID_4963,pampa,-5.5300,2020_Townsend
CycPeptMPDB_ID_4964,pampa,-5.4200,2020_Townsend
CycPeptMPDB_ID_4965,pampa,-5.2500,2020_Townsend
CycPeptMPDB_ID_4966,pampa,-5.6600,2020_Townsend
CycPeptMPDB_ID_4967,pampa,-5.7900,2020_Townsend
CycPeptMPDB_ID_4968,pampa,-5.2800,2020_Townsend
CycPeptMPDB_ID_4969,pampa,-5.9100,2020_Townsend
CycPeptMPDB_ID_4970,pampa,-5.6100,2020_Townsend
CycPeptMPDB_ID_4971,pampa,-5.5800,2020_Townsend
CycPeptMPDB_ID_4972,pampa,-5.5100,2020_Townsend
CycPeptMPDB_ID_4973,pampa,-5.4800,2020_Townsend
CycPeptMPDB_ID_4974,pampa,-5.7400,2020_Townsend
CycPeptMPDB_ID_4975,pampa,-5.6300,2020_Townsend
CycPeptMPDB_ID_4976,pampa,-5.9400,2020_Townsend
CycPeptMPDB_ID_4977,pampa,-5.4300,2020_Townsend
CycPeptMPDB_ID_4978,pampa,-5.6400,2020_Townsend
CycPeptMPDB_ID_4979,pampa,-5.8500,2020_Townsend
CycPeptMPDB_ID_4980,pampa,-5.8100,2020_Townsend
CycPeptMPDB_ID_4981,pampa,-5.8300,2020_Townsend
CycPeptMPDB_ID_4982,pampa,-5.4300,2020_Townsend
CycPeptMPDB_ID_4983,pampa,-5.6600,2020_Townsend
CycPeptMPDB_ID_4984,pampa,-6.3100,2020_Townsend
CycPeptMPDB_ID_4985,pampa,-5.7600,2020_Townsend
CycPeptMPDB_ID_4986,pampa,-5.3400,2020_Townsend
CycPeptMPDB_ID_4987,pampa,-5.4500,2020_Townsend
CycPeptMPDB_ID_4988,pampa,-5.9900,2020_Townsend
CycPeptMPDB_ID_4989,pampa,-5.9200,2020_Townsend
CycPeptMPDB_ID_4990,pampa,-5.7400,2020_Townsend
CycPeptMPDB_ID_4991,pampa,-5.2300,2020_Townsend
CycPeptMPDB_ID_4992,pampa,-6.2900,2020_Townsend
CycPeptMPDB_ID_4993,pampa,-5.8100,2020_Townsend
CycPeptMPDB_ID_4994,pampa,-5.7600,2020_Townsend
CycPeptMPDB_ID_4995,pampa,-5.7700,2020_Townsend
CycPeptMPDB_ID_4996,pampa,-6.0900,2020_Townsend
CycPeptMPDB_ID_4997,pampa,-5.8500,2020_Townsend
CycPeptMPDB_ID_4998,pampa,-6.2700,2020_Townsend
CycPeptMPDB_ID_4999,pampa,-5.9600,2020_Townsend
CycPeptMPDB_ID_5000,pampa,-6.5500,2020_Townsend
CycPeptMPDB_ID_5001,pampa,-5.7700,2020_Townsend
CycPeptMPDB_ID_5002,pampa,-5.7400,2020_Townsend
CycPeptMPDB_ID_5003,pampa,-5.5800,2020_Townsend
CycPeptMPDB_ID_5004,pampa,-5.9000,2020_Townsend
CycPeptMPDB_ID_5005,pampa,-5.6700,2020_Townsend
CycPeptMPDB_ID_5006,pampa,-6.2400,2020_Townsend
CycPeptMPDB_ID_5007,pampa,-5.9900,2020_Townsend
CycPeptMPDB_ID_5008,pampa,-5.7500,2020_Townsend
CycPeptMPDB_ID_5009,pampa,-6.0100,2020_Townsend
CycPeptMPDB_ID_5010,pampa,-5.5400,2020_Townsend
CycPeptMPDB_ID_5011,pampa,-5.3300,2020_Townsend
CycPeptMPDB_ID_5012,pampa,-5.7800,2020_Townsend
CycPeptMPDB_ID_5013,pampa,-5.6900,2020_Townsend
CycPeptMPDB_ID_5014,pampa,-5.9500,2020_Townsend
CycPeptMPDB_ID_5015,pampa,-6.3100,2020_Townsend
CycPeptMPDB_ID_5016,pampa,-6.0000,2020_Townsend
CycPeptMPDB_ID_5017,pampa,-5.6900,2020_Townsend
CycPeptMPDB_ID_5018,pampa,-5.2600,2020_Townsend
CycPeptMPDB_ID_5019,pampa,-5.3700,2020_Townsend
CycPeptMPDB_ID_5020,pampa,-5.8600,2020_Townsend
CycPeptMPDB_ID_5021,pampa,-5.6000,2020_Townsend
CycPeptMPDB_ID_5022,pampa,-5.3100,2020_Townsend
CycPeptMPDB_ID_5023,pampa,-5.3300,2020_Townsend
CycPeptMPDB_ID_5024,pampa,-5.3200,2020_Townsend
CycPeptMPDB_ID_5025,pampa,-5.3700,2020_Townsend
CycPeptMPDB_ID_5026,pampa,-5.3900,2020_Townsend
CycPeptMPDB_ID_5027,pampa,-5.2600,2020_Townsend
CycPeptMPDB_ID_5028,pampa,-5.5300,2020_Townsend
CycPeptMPDB_ID_5029,pampa,-6.2500,2020_Townsend
CycPeptMPDB_ID_5030,pampa,-5.7800,2020_Townsend
CycPeptMPDB_ID_5031,pampa,-5.7800,2020_Townsend
CycPeptMPDB_ID_5032,pampa,-5.6000,2020_Townsend
CycPeptMPDB_ID_5033,pampa,-5.5100,2020_Townsend
CycPeptMPDB_ID_5034,pampa,-5.4600,2020_Townsend
CycPeptMPDB_ID_5035,pampa,-6.1700,2020_Townsend
CycPeptMPDB_ID_5036,pampa,-6.5100,2020_Townsend
CycPeptMPDB_ID_5037,pampa,-6.0700,2020_Townsend
CycPeptMPDB_ID_5038,pampa,-5.7500,2020_Townsend
CycPeptMPDB_ID_5039,pampa,-5.4000,2020_Townsend
CycPeptMPDB_ID_5040,pampa,-5.3700,2020_Townsend
CycPeptMPDB_ID_5041,pampa,-6.2700,2020_Townsend
CycPeptMPDB_ID_5042,pampa,-5.5800,2020_Townsend
CycPeptMPDB_ID_5043,pampa,-5.4700,2020_Townsend
CycPeptMPDB_ID_5044,pampa,-5.1600,2020_Townsend
CycPeptMPDB_ID_5045,pampa,-5.4600,2020_Townsend
CycPeptMPDB_ID_5046,pampa,-5.3800,2020_Townsend
CycPeptMPDB_ID_5047,pampa,-5.9100,2020_Townsend
CycPeptMPDB_ID_5048,pampa,-5.8700,2020_Townsend
CycPeptMPDB_ID_5049,pampa,-5.2400,2020_Townsend
CycPeptMPDB_ID_5050,pampa,-6.4500,2020_Townsend
CycPeptMPDB_ID_5051,pampa,-5.8800,2020_Townsend
CycPeptMPDB_ID_5052,pampa,-6.0400,2020_Townsend
CycPeptMPDB_ID_5053,pampa,-5.6200,2020_Townsend
CycPeptMPDB_ID_5054,pampa,-5.3800,2020_Townsend
CycPeptMPDB_ID_5055,pampa,-5.8500,2020_Townsend
CycPeptMPDB_ID_5056,pampa,-5.2600,2020_Townsend
CycPeptMPDB_ID_5057,pampa,-6.1400,2020_Townsend
CycPeptMPDB_ID_5058,pampa,-5.9100,2020_Townsend
CycPeptMPDB_ID_5059,pampa,-5.9200,2020_Townsend
CycPeptMPDB_ID_5060,pampa,-5.7500,2020_Townsend
CycPeptMPDB_ID_5061,pampa,-5.8600,2020_Townsend
CycPeptMPDB_ID_5062,pampa,-5.8600,2020_Townsend
CycPeptMPDB_ID_5063,pampa,-5.7200,2020_Townsend
CycPeptMPDB_ID_5064,pampa,-5.8800,2020_Townsend
CycPeptMPDB_ID_5065,pampa,-5.4300,2020_Townsend
CycPeptMPDB_ID_5066,pampa,-5.4400,2020_Townsend
CycPeptMPDB_ID_5067,pampa,-6.1500,2020_Townsend
CycPeptMPDB_ID_5068,pampa,-5.3700,2020_Townsend
CycPeptMPDB_ID_5069,pampa,-5.1400,2020_Townsend
CycPeptMPDB_ID_5070,pampa,-6.8000,2020_Townsend
CycPeptMPDB_ID_5071,pampa,-5.6000,2020_Townsend
CycPeptMPDB_ID_5072,pampa,-5.4200,2020_Townsend
CycPeptMPDB_ID_5073,pampa,-5.5500,2020_Townsend
CycPeptMPDB_ID_5074,pampa,-6.0900,2020_Townsend
CycPeptMPDB_ID_5075,pampa,-6.1000,2020_Townsend
CycPeptMPDB_ID_5076,pampa,-5.8800,2020_Townsend
CycPeptMPDB_ID_5077,pampa,-5.7900,2020_Townsend
CycPeptMPDB_ID_5078,pampa,-5.9200,2020_Townsend
CycPeptMPDB_ID_5079,pampa,-5.6900,2020_Townsend
CycPeptMPDB_ID_5080,pampa,-6.6600,2020_Townsend
CycPeptMPDB_ID_5081,pampa,-6.1300,2020_Townsend
CycPeptMPDB_ID_5082,pampa,-5.6400,2020_Townsend
CycPeptMPDB_ID_5083,pampa,-5.8200,2020_Townsend
CycPeptMPDB_ID_5084,pampa,-6.1100,2020_Townsend
CycPeptMPDB_ID_5085,pampa,-5.8300,2020_Townsend
CycPeptMPDB_ID_5086,pampa,-5.7400,2020_Townsend
CycPeptMPDB_ID_5087,pampa,-5.3400,2020_Townsend
CycPeptMPDB_ID_5088,pampa,-5.5600,2020_Townsend
CycPeptMPDB_ID_5089,pampa,-5.6500,2020_Townsend
CycPeptMPDB_ID_5090,pampa,-5.8800,2020_Townsend
CycPeptMPDB_ID_5091,pampa,-5.6500,2020_Townsend
CycPeptMPDB_ID_5092,pampa,-5.3300,2020_Townsend
CycPeptMPDB_ID_5093,pampa,-5.1700,2020_Townsend
CycPeptMPDB_ID_5094,pampa,-5.8500,2020_Townsend
CycPeptMPDB_ID_5095,pampa,-5.7900,2020_Townsend
CycPeptMPDB_ID_5096,pampa,-5.8200,2020_Townsend
CycPeptMPDB_ID_5097,pampa,-5.5100,2020_Townsend
CycPeptMPDB_ID_5098,pampa,-5.7300,2020_Townsend
CycPeptMPDB_ID_5099,pampa,-5.3400,2020_Townsend
CycPeptMPDB_ID_5100,pampa,-5.1800,2020_Townsend
CycPeptMPDB_ID_5101,pampa,-5.8100,2020_Townsend
CycPeptMPDB_ID_5102,pampa,-5.3200,2020_Townsend
CycPeptMPDB_ID_5103,pampa,-5.5200,2020_Townsend
CycPeptMPDB_ID_5104,pampa,-5.2600,2020_Townsend
CycPeptMPDB_ID_5105,pampa,-5.2400,2020_Townsend
CycPeptMPDB_ID_5106,pampa,-4.8900,2020_Townsend
CycPeptMPDB_ID_5107,pampa,-5.3200,2020_Townsend
CycPeptMPDB_ID_5108,pampa,-5.1100,2020_Townsend
CycPeptMPDB_ID_5109,pampa,-5.5600,2020_Townsend
CycPeptMPDB_ID_5110,pampa,-5.5000,2020_Townsend
CycPeptMPDB_ID_5111,pampa,-5.6000,2020_Townsend
CycPeptMPDB_ID_5112,pampa,-5.5000,2020_Townsend
CycPeptMPDB_ID_5113,pampa,-5.9000,2020_Townsend
CycPeptMPDB_ID_5114,pampa,-5.1600,2020_Townsend
CycPeptMPDB_ID_5115,pampa,-5.1900,2020_Townsend
CycPeptMPDB_ID_5116,pampa,-5.1800,2020_Townsend
CycPeptMPDB_ID_5117,pampa,-5.0000,2020_Townsend
CycPeptMPDB_ID_5118,pampa,-5.7200,2020_Townsend
CycPeptMPDB_ID_5119,pampa,-5.8200,2020_Townsend
CycPeptMPDB_ID_5120,pampa,-5.5500,2020_Townsend
CycPeptMPDB_ID_5121,pampa,-5.7500,2020_Townsend
CycPeptMPDB_ID_5122,pampa,-5.7400,2020_Townsend
CycPeptMPDB_ID_5123,pampa,-5.5800,2020_Townsend
CycPeptMPDB_ID_5124,pampa,-4.9300,2020_Townsend
CycPeptMPDB_ID_5125,pampa,-4.9600,2020_Townsend
CycPeptMPDB_ID_5126,pampa,-5.7500,2020_Townsend
CycPeptMPDB_ID_5127,pampa,-5.3800,2020_Townsend
CycPeptMPDB_ID_5128,pampa,-5.2900,2020_Townsend
CycPeptMPDB_ID_5129,pampa,-4.8400,2020_Townsend
CycPeptMPDB_ID_5130,pampa,-4.9100,2020_Townsend
CycPeptMPDB_ID_5131,pampa,-5.7600,2020_Townsend
CycPeptMPDB_ID_5132,pampa,-5.6600,2020_Townsend
CycPeptMPDB_ID_5133,pampa,-5.1900,2020_Townsend
CycPeptMPDB_ID_5134,pampa,-5.3900,2020_Townsend
CycPeptMPDB_ID_5135,pampa,-5.4100,2020_Townsend
CycPeptMPDB_ID_5136,pampa,-5.4300,2020_Townsend
CycPeptMPDB_ID_5137,pampa,-5.1100,2020_Townsend
CycPeptMPDB_ID_5138,pampa,-4.8500,2020_Townsend
CycPeptMPDB_ID_5139,pampa,-6.5900,2020_Townsend
CycPeptMPDB_ID_5140,pampa,-5.6800,2020_Townsend
CycPeptMPDB_ID_5141,pampa,-5.4400,2020_Townsend
CycPeptMPDB_ID_5142,pampa,-5.2300,2020_Townsend
CycPeptMPDB_ID_5143,pampa,-5.5200,2020_Townsend
CycPeptMPDB_ID_5144,pampa,-4.8700,2020_Townsend
CycPeptMPDB_ID_5145,pampa,-6.2400,2020_Townsend
CycPeptMPDB_ID_5146,pampa,-5.8100,2020_Townsend
CycPeptMPDB_ID_5147,pampa,-5.2700,2020_Townsend
CycPeptMPDB_ID_5148,pampa,-5.1400,2020_Townsend
CycPeptMPDB_ID_5149,pampa,-5.0200,2020_Townsend
CycPeptMPDB_ID_5150,pampa,-5.4100,2020_Townsend
CycPeptMPDB_ID_5151,pampa,-5.9100,2020_Townsend
CycPeptMPDB_ID_5152,pampa,-5.8000,2020_Townsend
CycPeptMPDB_ID_5153,pampa,-5.4800,2020_Townsend
CycPeptMPDB_ID_5154,pampa,-5.5800,2020_Townsend
CycPeptMPDB_ID_5155,pampa,-5.0300,2020_Townsend
CycPeptMPDB_ID_5156,pampa,-5.7300,2020_Townsend
CycPeptMPDB_ID_5157,pampa,-5.6300,2020_Townsend
CycPeptMPDB_ID_5158,pampa,-5.6700,2020_Townsend
CycPeptMPDB_ID_5159,pampa,-5.3100,2020_Townsend
CycPeptMPDB_ID_5160,pampa,-5.1000,2020_Townsend
CycPeptMPDB_ID_5161,pampa,-5.8700,2020_Townsend
CycPeptMPDB_ID_5162,pampa,-5.8500,2020_Townsend
CycPeptMPDB_ID_5163,pampa,-5.9600,2020_Townsend
CycPeptMPDB_ID_5164,pampa,-6.3200,2020_Townsend
CycPeptMPDB_ID_5165,pampa,-5.1700,2020_Townsend
CycPeptMPDB_ID_5166,pampa,-5.6400,2020_Townsend
CycPeptMPDB_ID_5167,pampa,-5.5900,2020_Townsend
CycPeptMPDB_ID_5168,pampa,-5.2900,2020_Townsend
CycPeptMPDB_ID_5169,pampa,-5.1700,2020_Townsend
CycPeptMPDB_ID_5170,pampa,-5.8700,2020_Townsend
CycPeptMPDB_ID_5171,pampa,-6.5800,2020_Townsend
CycPeptMPDB_ID_5172,pampa,-5.5000,2020_Townsend
CycPeptMPDB_ID_5173,pampa,-5.9900,2020_Townsend
CycPeptMPDB_ID_5174,pampa,-5.7400,2020_Townsend
CycPeptMPDB_ID_5175,pampa,-5.7800,2020_Townsend
CycPeptMPDB_ID_5176,pampa,-5.7500,2020_Townsend
CycPeptMPDB_ID_5177,pampa,-5.8100,2020_Townsend
CycPeptMPDB_ID_5178,pampa,-5.1700,2020_Townsend
CycPeptMPDB_ID_5179,pampa,-5.6100,2020_Townsend
CycPeptMPDB_ID_5180,pampa,-6.2900,2020_Townsend
CycPeptMPDB_ID_5181,pampa,-5.6800,2020_Townsend
CycPeptMPDB_ID_5182,pampa,-5.5400,2020_Townsend
CycPeptMPDB_ID_5183,pampa,-5.4900,2020_Townsend
CycPeptMPDB_ID_5184,pampa,-5.9100,2020_Townsend
CycPeptMPDB_ID_5185,pampa,-5.6200,2020_Townsend
CycPeptMPDB_ID_5186,pampa,-5.7400,2020_Townsend
CycPeptMPDB_ID_5187,pampa,-5.5300,2020_Townsend
CycPeptMPDB_ID_5188,pampa,-5.6500,2020_Townsend
CycPeptMPDB_ID_5189,pampa,-5.8700,2020_Townsend
CycPeptMPDB_ID_5190,pampa,-5.3900,2020_Townsend
CycPeptMPDB_ID_5191,pampa,-5.5100,2020_Townsend
CycPeptMPDB_ID_5192,pampa,-5.6500,2020_Townsend
CycPeptMPDB_ID_5193,pampa,-5.3900,2020_Townsend
CycPeptMPDB_ID_5194,pampa,-5.6500,2020_Townsend
CycPeptMPDB_ID_5195,pampa,-5.3300,2020_Townsend
CycPeptMPDB_ID_5196,pampa,-5.8000,2020_Townsend
CycPeptMPDB_ID_5197,pampa,-6.3000,2020_Townsend
CycPeptMPDB_ID_5198,pampa,-5.5700,2020_Townsend
CycPeptMPDB_ID_5199,pampa,-5.4900,2020_Townsend
CycPeptMPDB_ID_5200,pampa,-5.3100,2020_Townsend
CycPeptMPDB_ID_5201,pampa,-5.3000,2020_Townsend
CycPeptMPDB_ID_5202,pampa,-5.5600,2020_Townsend
CycPeptMPDB_ID_5203,pampa,-5.5300,2020_Townsend
CycPeptMPDB_ID_5204,pampa,-5.5000,2020_Townsend
CycPeptMPDB_ID_5205,pampa,-5.4500,2020_Townsend
CycPeptMPDB_ID_5206,pampa,-5.8200,2020_Townsend
CycPeptMPDB_ID_5207,pampa,-5.8900,2020_Townsend
CycPeptMPDB_ID_5208,pampa,-6.1000,2020_Townsend
CycPeptMPDB_ID_5209,pampa,-5.3700,2020_Townsend
CycPeptMPDB_ID_5210,pampa,-5.1700,2020_Townsend
CycPeptMPDB_ID_5211,pampa,-5.7000,2020_Townsend
CycPeptMPDB_ID_5212,pampa,-5.8400,2020_Townsend
CycPeptMPDB_ID_5213,pampa,-6.0200,2020_Townsend
CycPeptMPDB_ID_5214,pampa,-5.6800,2020_Townsend
CycPeptMPDB_ID_5216,pampa,-5.9800,2020_Townsend
CycPeptMPDB_ID_5217,pampa,-5.7300,2020_Townsend
CycPeptMPDB_ID_5218,pampa,-5.2800,2020_Townsend
CycPeptMPDB_ID_5219,pampa,-5.7400,2020_Townsend
CycPeptMPDB_ID_5221,pampa,-5.7700,2020_Townsend
CycPeptMPDB_ID_5222,pampa,-5.2500,2020_Townsend
CycPeptMPDB_ID_5223,pampa,-5.7500,2020_Townsend
CycPeptMPDB_ID_5224,pampa,-5.8100,2020_Townsend
CycPeptMPDB_ID_5225,pampa,-6.1800,2020_Townsend
CycPeptMPDB_ID_5226,pampa,-6.0500,2020_Townsend
CycPeptMPDB_ID_5227,pampa,-5.5600,2020_Townsend
CycPeptMPDB_ID_5228,pampa,-5.9000,2020_Townsend
CycPeptMPDB_ID_5229,pampa,-5.7700,2020_Townsend
CycPeptMPDB_ID_5230,pampa,-5.8500,2020_Townsend
CycPeptMPDB_ID_5231,pampa,-5.6500,2020_Townsend
CycPeptMPDB_ID_5232,pampa,-5.2500,2020_Townsend
CycPeptMPDB_ID_5233,pampa,-6.0000,2020_Townsend
CycPeptMPDB_ID_5234,pampa,-5.9700,2020_Townsend
CycPeptMPDB_ID_5235,pampa,-5.4200,2020_Townsend
CycPeptMPDB_ID_5236,pampa,-5.8200,2020_Townsend
CycPeptMPDB_ID_5237,pampa,-5.7300,2020_Townsend
CycPeptMPDB_ID_5238,pampa,-5.6400,2020_Townsend
CycPeptMPDB_ID_5239,pampa,-5.9300,2020_Townsend
CycPeptMPDB_ID_5240,pampa,-5.7600,2020_Townsend
CycPeptMPDB_ID_5241,pampa,-5.6800,2020_Townsend
CycPeptMPDB_ID_5242,pampa,-6.5300,2020_Townsend
CycPeptMPDB_ID_5243,pampa,-5.7500,2020_Townsend
CycPeptMPDB_ID_5244,pampa,-5.3700,2020_Townsend
CycPeptMPDB_ID_5245,pampa,-5.6100,2020_Townsend
CycPeptMPDB_ID_5246,pampa,-5.6900,2020_Townsend
CycPeptMPDB_ID_5247,pampa,-5.6900,2020_Townsend
CycPeptMPDB_ID_5248,pampa,-5.5200,2020_Townsend
CycPeptMPDB_ID_5249,pampa,-5.5000,2020_Townsend
CycPeptMPDB_ID_5250,pampa,-5.9800,2020_Townsend
CycPeptMPDB_ID_5251,pampa,-5.9700,2020_Townsend
CycPeptMPDB_ID_5252,pampa,-6.0100,2020_Townsend
CycPeptMPDB_ID_5253,pampa,-6.2200,2020_Townsend
CycPeptMPDB_ID_5254,pampa,-5.5800,2020_Townsend
CycPeptMPDB_ID_5255,pampa,-6.2000,2020_Townsend
CycPeptMPDB_ID_5257,pampa,-6.1800,2020_Townsend
CycPeptMPDB_ID_5258,pampa,-6.0100,2020_Townsend
CycPeptMPDB_ID_5260,pampa,-5.8800,2020_Townsend
CycPeptMPDB_ID_5262,pampa,-5.8900,2020_Townsend
CycPeptMPDB_ID_5263,pampa,-6.4000,2020_Townsend
CycPeptMPDB_ID_5264,pampa,-5.9900,2020_Townsend
CycPeptMPDB_ID_5265,pampa,-5.8400,2020_Townsend
CycPeptMPDB_ID_5266,pampa,-5.5100,2020_Townsend
CycPeptMPDB_ID_5267,pampa,-5.8900,2020_Townsend
CycPeptMPDB_ID_5268,pampa,-5.5800,2020_Townsend
CycPeptMPDB_ID_5269,pampa,-5.7900,2020_Townsend
CycPeptMPDB_ID_5270,pampa,-5.3200,2020_Townsend
CycPeptMPDB_ID_5271,pampa,-6.1400,2020_Townsend
CycPeptMPDB_ID_5272,pampa,-6.0700,2020_Townsend
CycPeptMPDB_ID_5273,pampa,-6.0500,2020_Townsend
CycPeptMPDB_ID_5274,pampa,-5.5200,2020_Townsend
CycPeptMPDB_ID_5275,pampa,-5.6200,2020_Townsend
CycPeptMPDB_ID_5276,pampa,-5.8800,2020_Townsend
CycPeptMPDB_ID_5277,pampa,-5.2400,2020_Townsend
CycPeptMPDB_ID_5278,pampa,-5.7700,2020_Townsend
CycPeptMPDB_ID_5279,pampa,-5.7200,2020_Townsend
CycPeptMPDB_ID_5280,pampa,-5.7800,2020_Townsend
CycPeptMPDB_ID_5281,pampa,-5.2300,2020_Townsend
CycPeptMPDB_ID_5282,pampa,-5.5900,2020_Townsend
CycPeptMPDB_ID_5283,pampa,-5.0400,2020_Townsend
CycPeptMPDB_ID_5284,pampa,-6.1100,2020_Townsend
CycPeptMPDB_ID_5286,pampa,-4.9800,2020_Townsend
CycPeptMPDB_ID_5287,pampa,-5.5300,2020_Townsend
CycPeptMPDB_ID_5288,pampa,-4.9600,2020_Townsend
CycPeptMPDB_ID_5289,pampa,-5.3000,2020_Townsend
CycPeptMPDB_ID_5290,pampa,-4.9100,2020_Townsend
CycPeptMPDB_ID_5291,pampa,-6.2900,2020_Townsend
CycPeptMPDB_ID_5292,pampa,-5.7600,2020_Townsend
CycPeptMPDB_ID_5293,pampa,-5.7400,2020_Townsend
CycPeptMPDB_ID_5294,pampa,-6.2200,2020_Townsend
CycPeptMPDB_ID_5295,pampa,-5.6900,2020_Townsend
CycPeptMPDB_ID_5296,pampa,-5.2000,2020_Townsend
CycPeptMPDB_ID_5297,pampa,-5.1400,2020_Townsend
CycPeptMPDB_ID_5298,pampa,-5.1700,2020_Townsend
CycPeptMPDB_ID_5300,pampa,-6.0100,2020_Townsend
CycPeptMPDB_ID_5301,pampa,-5.9500,2020_Townsend
CycPeptMPDB_ID_5302,pampa,-5.8500,2020_Townsend
CycPeptMPDB_ID_5303,pampa,-5.1000,2020_Townsend
CycPeptMPDB_ID_5304,pampa,-5.6500,2020_Townsend
CycPeptMPDB_ID_5305,pampa,-5.4200,2020_Townsend
CycPeptMPDB_ID_5306,pampa,-5.4100,2020_Townsend
CycPeptMPDB_ID_5307,pampa,-4.8900,2020_Townsend
CycPeptMPDB_ID_5308,pampa,-6.1000,2020_Townsend
CycPeptMPDB_ID_5309,pampa,-5.8700,2020_Townsend
CycPeptMPDB_ID_5310,pampa,-5.2100,2020_Townsend
CycPeptMPDB_ID_5311,pampa,-5.0800,2020_Townsend
CycPeptMPDB_ID_5312,pampa,-5.0400,2020_Townsend
CycPeptMPDB_ID_5313,pampa,-6.2200,2020_Townsend
CycPeptMPDB_ID_5314,pampa,-5.9900,2020_Townsend
CycPeptMPDB_ID_5315,pampa,-5.9000,2020_Townsend
CycPeptMPDB_ID_5316,pampa,-5.4000,2020_Townsend
CycPeptMPDB_ID_5317,pampa,-5.4100,2020_Townsend
CycPeptMPDB_ID_5318,pampa,-5.3000,2020_Townsend
CycPeptMPDB_ID_5319,pampa,-5.4900,2020_Townsend
CycPeptMPDB_ID_5320,pampa,-5.8300,2020_Townsend
CycPeptMPDB_ID_5321,pampa,-5.6900,2020_Townsend
CycPeptMPDB_ID_5322,pampa,-5.4200,2020_Townsend
CycPeptMPDB_ID_5323,pampa,-5.3700,2020_Townsend
CycPeptMPDB_ID_5324,pampa,-5.4000,2020_Townsend
CycPeptMPDB_ID_5325,pampa,-5.7700,2020_Townsend
CycPeptMPDB_ID_5326,pampa,-5.6100,2020_Townsend
CycPeptMPDB_ID_5327,pampa,-5.7300,2020_Townsend
CycPeptMPDB_ID_5328,pampa,-5.5000,2020_Townsend
CycPeptMPDB_ID_5329,pampa,-5.3000,2020_Townsend
CycPeptMPDB_ID_5330,pampa,-5.3900,2020_Townsend
CycPeptMPDB_ID_5331,pampa,-6.1500,2020_Townsend
CycPeptMPDB_ID_5332,pampa,-5.8100,2020_Townsend
CycPeptMPDB_ID_5333,pampa,-5.7100,2020_Townsend
CycPeptMPDB_ID_5334,pampa,-5.3100,2020_Townsend
CycPeptMPDB_ID_5335,pampa,-5.2100,2020_Townsend
CycPeptMPDB_ID_5336,pampa,-5.7600,2020_Townsend
CycPeptMPDB_ID_5337,pampa,-5.3900,2020_Townsend
CycPeptMPDB_ID_5338,pampa,-5.6100,2020_Townsend
CycPeptMPDB_ID_5339,pampa,-5.6700,2020_Townsend
CycPeptMPDB_ID_5340,pampa,-5.3300,2020_Townsend
CycPeptMPDB_ID_5341,pampa,-5.9400,2020_Townsend
CycPeptMPDB_ID_5342,pampa,-6.1600,2020_Townsend
CycPeptMPDB_ID_5343,pampa,-5.2000,2020_Townsend
CycPeptMPDB_ID_5344,pampa,-6.2800,2020_Townsend
CycPeptMPDB_ID_5345,pampa,-5.9700,2020_Townsend
CycPeptMPDB_ID_5346,pampa,-5.9700,2020_Townsend
CycPeptMPDB_ID_5347,pampa,-5.7500,2020_Townsend
CycPeptMPDB_ID_5348,pampa,-5.6700,2020_Townsend
CycPeptMPDB_ID_5349,pampa,-5.6400,2020_Townsend
CycPeptMPDB_ID_5350,pampa,-5.7800,2020_Townsend
CycPeptMPDB_ID_5351,pampa,-5.7200,2020_Townsend
CycPeptMPDB_ID_5352,pampa,-5.7600,2020_Townsend
CycPeptMPDB_ID_5353,pampa,-5.5000,2020_Townsend
CycPeptMPDB_ID_5354,pampa,-5.3300,2020_Townsend
CycPeptMPDB_ID_5355,pampa,-5.4700,2020_Townsend
CycPeptMPDB_ID_5356,pampa,-5.4800,2020_Townsend
CycPeptMPDB_ID_5357,pampa,-5.4300,2020_Townsend
CycPeptMPDB_ID_5358,pampa,-5.4900,2020_Townsend
CycPeptMPDB_ID_5359,pampa,-5.1200,2020_Townsend
CycPeptMPDB_ID_5360,pampa,-5.5700,2020_Townsend
CycPeptMPDB_ID_5361,pampa,-5.5800,2020_Townsend
CycPeptMPDB_ID_5362,pampa,-5.5700,2020_Townsend
CycPeptMPDB_ID_5363,pampa,-5.3900,2020_Townsend
CycPeptMPDB_ID_5364,pampa,-5.5600,2020_Townsend
CycPeptMPDB_ID_5365,pampa,-5.3900,2020_Townsend
CycPeptMPDB_ID_5366,pampa,-5.4600,2020_Townsend
CycPeptMPDB_ID_5367,pampa,-5.3300,2020_Townsend
CycPeptMPDB_ID_5368,pampa,-5.3300,2020_Townsend
CycPeptMPDB_ID_5369,pampa,-5.3200,2020_Townsend
CycPeptMPDB_ID_5370,pampa,-5.4700,2020_Townsend
CycPeptMPDB_ID_5371,pampa,-5.3100,2020_Townsend
CycPeptMPDB_ID_5372,pampa,-5.4100,2020_Townsend
CycPeptMPDB_ID_5373,pampa,-5.6500,2020_Townsend
CycPeptMPDB_ID_5374,pampa,-5.7500,2020_Townsend
CycPeptMPDB_ID_5375,pampa,-5.4500,2020_Townsend
CycPeptMPDB_ID_5376,pampa,-5.8600,2020_Townsend
CycPeptMPDB_ID_5377,pampa,-5.4200,2020_Townsend
CycPeptMPDB_ID_5378,pampa,-5.5600,2020_Townsend
CycPeptMPDB_ID_5379,pampa,-5.2000,2020_Townsend
CycPeptMPDB_ID_5380,pampa,-5.3700,2020_Townsend
CycPeptMPDB_ID_5382,pampa,-5.8500,2020_Townsend
CycPeptMPDB_ID_5383,pampa,-5.7800,2020_Townsend
CycPeptMPDB_ID_5384,pampa,-5.3300,2020_Townsend
CycPeptMPDB_ID_5385,pampa,-5.3700,2020_Townsend
CycPeptMPDB_ID_5386,pampa,-5.6300,2020_Townsend
CycPeptMPDB_ID_5387,pampa,-5.2600,2020_Townsend
CycPeptMPDB_ID_5388,pampa,-5.4800,2020_Townsend
CycPeptMPDB_ID_5389,pampa,-5.6200,2020_Townsend
CycPeptMPDB_ID_5390,pampa,-5.7100,2020_Townsend
CycPeptMPDB_ID_5391,pampa,-5.4500,2020_Townsend
CycPeptMPDB_ID_5392,pampa,-5.8200,2020_Townsend
CycPeptMPDB_ID_5393,pampa,-6.8400,2020_Townsend
CycPeptMPDB_ID_5394,pampa,-5.8300,2020_Townsend
CycPeptMPDB_ID_5395,pampa,-5.2100,2020_Townsend
CycPeptMPDB_ID_5396,pampa,-5.6300,2020_Townsend
CycPeptMPDB_ID_5397,pampa,-5.5700,2020_Townsend
CycPeptMPDB_ID_5398,pampa,-5.6300,2020_Townsend
CycPeptMPDB_ID_5399,pampa,-5.4600,2020_Townsend
CycPeptMPDB_ID_5400,pampa,-5.8400,2020_Townsend
CycPeptMPDB_ID_5401,pampa,-5.6000,2020_Townsend
CycPeptMPDB_ID_5402,pampa,-5.8800,2020_Townsend
CycPeptMPDB_ID_5403,pampa,-5.7600,2020_Townsend
CycPeptMPDB_ID_5405,pampa,-5.5000,2020_Townsend
CycPeptMPDB_ID_5406,pampa,-5.6000,2020_Townsend
CycPeptMPDB_ID_5407,pampa,-5.3300,2020_Townsend
CycPeptMPDB_ID_5408,pampa,-5.6900,2020_Townsend
CycPeptMPDB_ID_5409,pampa,-5.6100,2020_Townsend
CycPeptMPDB_ID_5410,pampa,-5.7100,2020_Townsend
CycPeptMPDB_ID_5411,pampa,-5.6500,2020_Townsend
CycPeptMPDB_ID_5412,pampa,-5.5800,2020_Townsend
CycPeptMPDB_ID_5413,pampa,-6.3600,2020_Townsend
CycPeptMPDB_ID_5414,pampa,-6.0700,2020_Townsend
CycPeptMPDB_ID_5415,pampa,-5.4900,2020_Townsend
CycPeptMPDB_ID_5416,pampa,-5.7500,2020_Townsend
CycPeptMPDB_ID_5417,pampa,-6.0300,2020_Townsend
CycPeptMPDB_ID_5418,pampa,-5.8700,2020_Townsend
CycPeptMPDB_ID_5419,pampa,-5.6900,2020_Townsend
CycPeptMPDB_ID_5420,pampa,-5.7300,2020_Townsend
CycPeptMPDB_ID_5421,pampa,-5.9300,2020_Townsend
CycPeptMPDB_ID_5422,pampa,-5.5600,2020_Townsend
CycPeptMPDB_ID_5424,pampa,-7.1400,2020_Townsend
CycPeptMPDB_ID_5425,pampa,-5.7300,2020_Townsend
CycPeptMPDB_ID_5427,pampa,-7.0800,2020_Townsend
CycPeptMPDB_ID_5429,pampa,-6.1500,2020_Townsend
CycPeptMPDB_ID_5430,pampa,-6.1800,2020_Townsend
CycPeptMPDB_ID_5431,pampa,-6.0800,2020_Townsend
CycPeptMPDB_ID_5432,pampa,-6.1800,2020_Townsend
CycPeptMPDB_ID_5433,pampa,-7.2600,2020_Townsend
CycPeptMPDB_ID_5434,pampa,-6.1800,2020_Townsend
CycPeptMPDB_ID_5435,pampa,-5.2900,2020_Townsend
CycPeptMPDB_ID_5436,pampa,-6.8600,2020_Townsend
CycPeptMPDB_ID_5437,pampa,-5.8600,2020_Townsend
CycPeptMPDB_ID_5438,pampa,-5.9200,2020_Townsend
CycPeptMPDB_ID_5439,pampa,-5.9200,2020_Townsend
CycPeptMPDB_ID_5440,pampa,-5.9200,2020_Townsend
CycPeptMPDB_ID_5441,pampa,-5.8100,2020_Townsend
CycPeptMPDB_ID_5442,pampa,-5.6500,2020_Townsend
CycPeptMPDB_ID_5443,pampa,-5.8300,2020_Townsend
CycPeptMPDB_ID_5445,pampa,-6.2600,2020_Townsend
CycPeptMPDB_ID_5446,pampa,-5.8300,2020_Townsend
CycPeptMPDB_ID_5447,pampa,-6.1400,2020_Townsend
CycPeptMPDB_ID_5448,pampa,-5.4500,2020_Townsend
CycPeptMPDB_ID_5449,pampa,-5.5400,2020_Townsend
CycPeptMPDB_ID_5450,pampa,-5.6400,2020_Townsend
CycPeptMPDB_ID_5451,pampa,-5.7000,2020_Townsend
CycPeptMPDB_ID_5452,pampa,-5.8800,2020_Townsend
CycPeptMPDB_ID_5453,pampa,-5.7400,2020_Townsend
CycPeptMPDB_ID_5454,pampa,-5.7300,2020_Townsend
CycPeptMPDB_ID_5455,pampa,-5.7700,2020_Townsend
CycPeptMPDB_ID_5456,pampa,-5.0600,2020_Townsend
CycPeptMPDB_ID_5457,pampa,-5.6300,2020_Townsend
CycPeptMPDB_ID_5458,pampa,-5.6000,2020_Townsend
CycPeptMPDB_ID_5459,pampa,-5.9500,2020_Townsend
CycPeptMPDB_ID_5460,pampa,-5.6600,2020_Townsend
CycPeptMPDB_ID_5461,pampa,-6.7400,2020_Townsend
CycPeptMPDB_ID_5462,pampa,-5.5800,2020_Townsend
CycPeptMPDB_ID_5463,pampa,-6.0900,2020_Townsend
CycPeptMPDB_ID_5464,pampa,-5.7500,2020_Townsend
CycPeptMPDB_ID_5465,pampa,-5.6800,2020_Townsend
CycPeptMPDB_ID_5466,pampa,-5.5100,2020_Townsend
CycPeptMPDB_ID_5467,pampa,-6.4000,2020_Townsend
CycPeptMPDB_ID_5468,pampa,-6.1100,2020_Townsend
CycPeptMPDB_ID_5469,pampa,-6.2800,2020_Townsend
CycPeptMPDB_ID_5470,pampa,-5.5800,2020_Townsend
CycPeptMPDB_ID_5471,pampa,-5.6100,2020_Townsend
CycPeptMPDB_ID_5472,pampa,-6.2700,2020_Townsend
CycPeptMPDB_ID_5473,pampa,-5.6000,2020_Townsend
CycPeptMPDB_ID_5474,pampa,-5.2000,2020_Townsend
CycPeptMPDB_ID_5475,pampa,-5.3600,2020_Townsend
CycPeptMPDB_ID_5476,pampa,-5.6400,2020_Townsend
CycPeptMPDB_ID_5477,pampa,-5.6200,2020_Townsend
CycPeptMPDB_ID_5478,pampa,-5.9000,2020_Townsend
CycPeptMPDB_ID_5479,pampa,-6.0300,2020_Townsend
CycPeptMPDB_ID_5480,pampa,-5.9000,2020_Townsend
CycPeptMPDB_ID_5481,pampa,-5.0200,2020_Townsend
CycPeptMPDB_ID_5482,pampa,-5.5100,2020_Townsend
CycPeptMPDB_ID_5483,pampa,-5.9800,2020_Townsend
CycPeptMPDB_ID_5484,pampa,-6.2700,2020_Townsend
CycPeptMPDB_ID_5485,pampa,-6.2200,2020_Townsend
CycPeptMPDB_ID_5486,pampa,-5.9400,2020_Townsend
CycPeptMPDB_ID_5487,pampa,-6.0500,2020_Townsend
CycPeptMPDB_ID_5488,pampa,-5.5300,2020_Townsend
CycPeptMPDB_ID_5489,pampa,-5.9500,2020_Townsend
CycPeptMPDB_ID_5490,pampa,-5.6900,2020_Townsend
CycPeptMPDB_ID_5491,pampa,-5.7500,2020_Townsend
CycPeptMPDB_ID_5492,pampa,-5.2600,2020_Townsend
CycPeptMPDB_ID_5493,pampa,-6.4900,2020_Townsend
CycPeptMPDB_ID_5494,pampa,-6.1300,2020_Townsend
CycPeptMPDB_ID_5495,pampa,-5.8000,2020_Townsend
CycPeptMPDB_ID_5496,pampa,-6.4200,2020_Townsend
CycPeptMPDB_ID_5497,pampa,-6.1700,2020_Townsend
CycPeptMPDB_ID_5498,pampa,-6.3100,2020_Townsend
CycPeptMPDB_ID_5499,pampa,-5.7700,2020_Townsend
CycPeptMPDB_ID_5500,pampa,-5.6100,2020_Townsend
CycPeptMPDB_ID_5501,pampa,-5.8000,2020_Townsend
CycPeptMPDB_ID_5502,pampa,-5.7500,2020_Townsend
CycPeptMPDB_ID_5504,pampa,-5.8600,2020_Townsend
CycPeptMPDB_ID_5505,pampa,-5.1600,2020_Townsend
CycPeptMPDB_ID_5506,pampa,-5.6800,2020_Townsend
CycPeptMPDB_ID_5507,pampa,-6.1800,2020_Townsend
CycPeptMPDB_ID_5508,pampa,-6.2000,2020_Townsend
CycPeptMPDB_ID_5509,pampa,-5.6500,2020_Townsend
CycPeptMPDB_ID_5511,pampa,-6.2400,2020_Townsend
CycPeptMPDB_ID_5512,pampa,-5.7800,2020_Townsend
CycPeptMPDB_ID_5513,pampa,-6.5000,2020_Townsend
CycPeptMPDB_ID_5514,pampa,-6.0200,2020_Townsend
CycPeptMPDB_ID_5515,pampa,-6.3400,2020_Townsend
CycPeptMPDB_ID_5516,pampa,-5.8000,2020_Townsend
CycPeptMPDB_ID_5517,pampa,-6.4100,2020_Townsend
CycPeptMPDB_ID_5518,pampa,-6.0700,2020_Townsend
CycPeptMPDB_ID_5519,pampa,-5.6400,2020_Townsend
CycPeptMPDB_ID_5520,pampa,-6.1100,2020_Townsend
CycPeptMPDB_ID_5522,pampa,-6.9800,2020_Townsend
CycPeptMPDB_ID_5524,pampa,-6.1600,2020_Townsend
CycPeptMPDB_ID_5525,pampa,-5.6500,2020_Townsend
CycPeptMPDB_ID_5527,pampa,-6.1800,2020_Townsend
CycPeptMPDB_ID_5528,pampa,-5.5600,2020_Townsend
CycPeptMPDB_ID_5529,pampa,-5.5500,2020_Townsend
CycPeptMPDB_ID_5531,pampa,-5.7700,2020_Townsend
CycPeptMPDB_ID_5532,pampa,-5.7100,2020_Townsend
CycPeptMPDB_ID_5533,pampa,-5.8000,2020_Townsend
CycPeptMPDB_ID_5534,pampa,-5.3700,2020_Townsend
CycPeptMPDB_ID_5535,pampa,-6.3000,2020_Townsend
CycPeptMPDB_ID_5536,pampa,-5.8000,2020_Townsend
CycPeptMPDB_ID_5540,pampa,-5.5700,2020_Townsend
CycPeptMPDB_ID_5543,pampa,-5.7700,2020_Townsend
CycPeptMPDB_ID_5544,pampa,-5.7000,2020_Townsend
CycPeptMPDB_ID_5545,pampa,-5.9400,2020_Townsend
CycPeptMPDB_ID_5546,pampa,-5.8200,2020_Townsend
CycPeptMPDB_ID_5547,pampa,-5.9500,2020_Townsend
CycPeptMPDB_ID_5548,pampa,-5.2400,2020_Townsend
CycPeptMPDB_ID_5549,pampa,-6.1000,2020_Townsend
CycPeptMPDB_ID_5550,pampa,-5.8300,2020_Townsend
CycPeptMPDB_ID_5551,pampa,-5.4700,2020_Townsend
CycPeptMPDB_ID_5552,pampa,-5.5700,2020_Townsend
CycPeptMPDB_ID_5553,pampa,-5.1000,2020_Townsend
CycPeptMPDB_ID_5554,pampa,-5.8100,2020_Townsend
CycPeptMPDB_ID_5555,pampa,-5.4700,2020_Townsend
CycPeptMPDB_ID_5558,pampa,-5.6800,2020_Townsend
CycPeptMPDB_ID_5559,pampa,-6.1000,2020_Townsend
CycPeptMPDB_ID_5560,pampa,-5.4300,2020_Townsend
CycPeptMPDB_ID_5561,pampa,-5.5100,2020_Townsend
CycPeptMPDB_ID_5562,pampa,-5.7700,2020_Townsend
CycPeptMPDB_ID_5563,pampa,-5.8200,2020_Townsend
CycPeptMPDB_ID_5565,pampa,-5.2100,2020_Townsend
CycPeptMPDB_ID_5567,pampa,-5.2000,2020_Townsend
CycPeptMPDB_ID_5571,pampa,-5.4100,2020_Townsend
CycPeptMPDB_ID_5572,pampa,-5.4500,2020_Townsend
CycPeptMPDB_ID_5573,pampa,-5.3100,2020_Townsend
CycPeptMPDB_ID_5577,pampa,-5.7100,2020_Townsend
CycPeptMPDB_ID_5578,pampa,-5.7000,2020_Townsend
CycPeptMPDB_ID_5579,pampa,-5.3200,2020_Townsend
CycPeptMPDB_ID_5581,pampa,-5.5800,2020_Townsend
CycPeptMPDB_ID_5582,pampa,-5.3200,2020_Townsend
CycPeptMPDB_ID_5583,pampa,-5.4300,2020_Townsend
CycPeptMPDB_ID_5585,pampa,-5.4700,2020_Townsend
CycPeptMPDB_ID_5586,pampa,-5.5900,2020_Townsend
CycPeptMPDB_ID_5587,pampa,-5.9000,2020_Townsend
CycPeptMPDB_ID_5588,pampa,-5.6600,2020_Townsend
CycPeptMPDB_ID_5589,pampa,-5.5900,2020_Townsend
CycPeptMPDB_ID_5590,pampa,-5.4100,2020_Townsend
CycPeptMPDB_ID_5592,pampa,-5.0300,2020_Townsend
CycPeptMPDB_ID_5595,pampa,-5.2300,2020_Townsend
CycPeptMPDB_ID_5597,pampa,-5.7700,2020_Townsend
CycPeptMPDB_ID_5600,pampa,-7.2100,2021_Comeau
CycPeptMPDB_ID_5601,pampa,-6.3300,2021_Comeau
CycPeptMPDB_ID_5602,caco2,-5.4500,2021_Comeau
CycPeptMPDB_ID_5602,pampa,-7.0000,2021_Comeau
CycPeptMPDB_ID_5603,caco2,-4.7400,2021_Comeau
CycPeptMPDB_ID_5603,pampa,-7.1800,2021_Comeau
CycPeptMPDB_ID_5604,caco2,-5.5400,2021_Comeau
CycPeptMPDB_ID_5604,pampa,-6.3800,2021_Comeau
CycPeptMPDB_ID_5605,caco2,-5.3200,2021_Comeau
CycPeptMPDB_ID_5605,pampa,-7.4300,2021_Comeau
CycPeptMPDB_ID_5606,caco2,-4.7100,2021_Comeau
CycPeptMPDB_ID_5606,pampa,-6.6400,2021_Comeau
CycPeptMPDB_ID_5607,caco2,-5.1200,2021_Comeau
CycPeptMPDB_ID_5607,pampa,-6.6400,2021_Comeau
CycPeptMPDB_ID_5608,caco2,-5.0500,2021_Comeau
CycPeptMPDB_ID_5608,pampa,-7.1600,2021_Comeau
CycPeptMPDB_ID_5609,caco2,-4.7500,2021_Comeau
CycPeptMPDB_ID_5609,pampa,-6.3100,2021_Comeau
CycPeptMPDB_ID_5610,caco2,-4.9400,2021_Comeau
CycPeptMPDB_ID_5610,pampa,-6.1400,2021_Comeau
CycPeptMPDB_ID_5611,caco2,-4.4800,2021_Comeau
CycPeptMPDB_ID_5611,pampa,-5.8000,2021_Comeau
CycPeptMPDB_ID_5612,caco2,-4.8600,2021_Comeau
CycPeptMPDB_ID_5612,pampa,-6.6900,2021_Comeau
CycPeptMPDB_ID_5613,caco2,-5.5900,2021_Comeau
CycPeptMPDB_ID_5613,pampa,-8.3400,2021_Comeau
CycPeptMPDB_ID_5614,caco2,-4.9400,2021_Comeau
CycPeptMPDB_ID_5614,pampa,-6.7500,2021_Comeau
CycPeptMPDB_ID_5615,caco2,-4.8400,2021_Comeau
CycPeptMPDB_ID_5615,pampa,-7.1800,2021_Comeau
CycPeptMPDB_ID_5616,caco2,-5.0000,2021_Comeau
CycPeptMPDB_ID_5616,pampa,-7.4900,2021_Comeau
CycPeptMPDB_ID_5617,caco2,-5.0000,2021_Comeau
CycPeptMPDB_ID_5617,pampa,-6.4900,2021_Comeau
CycPeptMPDB_ID_5618,caco2,-4.4500,2021_Comeau
CycPeptMPDB_ID_5618,pampa,-5.8400,2021_Comeau
CycPeptMPDB_ID_5619,caco2,-4.5700,2021_Comeau
CycPeptMPDB_ID_5619,pampa,-5.9700,2021_Comeau
CycPeptMPDB_ID_5620,caco2,-5.5500,2021_Comeau
CycPeptMPDB_ID_5620,pampa,-7.6800,2021_Comeau
CycPeptMPDB_ID_5621,caco2,-5.1500,2021_Comeau
CycPeptMPDB_ID_5621,pampa,-6.9200,2021_Comeau
CycPeptMPDB_ID_5622,caco2,-5.0300,2021_Comeau
CycPeptMPDB_ID_5622,pampa,-7.2700,2021_Comeau
CycPeptMPDB_ID_5623,caco2,-4.9200,2021_Comeau
CycPeptMPDB_ID_5623,pampa,-6.9100,2021_Comeau
CycPeptMPDB_ID_5624,caco2,-4.6700,2021_Comeau
CycPeptMPDB_ID_5624,pampa,-6.6800,2021_Comeau
CycPeptMPDB_ID_5625,caco2,-4.8100,2021_Comeau
CycPeptMPDB_ID_5625,pampa,-6.9800,2021_Comeau
CycPeptMPDB_ID_5626,caco2,-4.8000,2021_Comeau
CycPeptMPDB_ID_5626,pampa,-5.9200,2021_Comeau
CycPeptMPDB_ID_5627,caco2,-4.6900,2021_Comeau
CycPeptMPDB_ID_5627,pampa,-5.6600,2021_Comeau
CycPeptMPDB_ID_5628,caco2,-5.4600,2021_Comeau
CycPeptMPDB_ID_5628,pampa,-7.6300,2021_Comeau
CycPeptMPDB_ID_5629,caco2,-4.9500,2021_Comeau
CycPeptMPDB_ID_5629,pampa,-6.6300,2021_Comeau
CycPeptMPDB_ID_5630,caco2,-5.0400,2021_Comeau
CycPeptMPDB_ID_5630,pampa,-7.0500,2021_Comeau
CycPeptMPDB_ID_5631,caco2,-5.5100,2021_Comeau
CycPeptMPDB_ID_5631,pampa,-7.4900,2021_Comeau
CycPeptMPDB_ID_5632,caco2,-4.9900,2021_Comeau
CycPeptMPDB_ID_5632,pampa,-6.8100,2021_Comeau
CycPeptMPDB_ID_5633,caco2,-5.2400,2021_Comeau
CycPeptMPDB_ID_5633,pampa,-6.6500,2021_Comeau
CycPeptMPDB_ID_5634,caco2,-4.5300,2021_Comeau
CycPeptMPDB_ID_5634,pampa,-5.3900,2021_Comeau
CycPeptMPDB_ID_5635,caco2,-5.2200,2021_Comeau
CycPeptMPDB_ID_5635,pampa,-7.2100,2021_Comeau
CycPeptMPDB_ID_5636,caco2,-5.2300,2021_Comeau
CycPeptMPDB_ID_5636,pampa,-7.1800,2021_Comeau
CycPeptMPDB_ID_5637,caco2,-5.2500,2021_Comeau
CycPeptMPDB_ID_5637,pampa,-6.8600,2021_Comeau
CycPeptMPDB_ID_5638,pampa,-6.0100,2021_Comeau
CycPeptMPDB_ID_5639,pampa,-7.4100,2021_Comeau
CycPeptMPDB_ID_5640,pampa,-6.5200,2021_Comeau
CycPeptMPDB_ID_5641,pampa,-5.7500,2021_Comeau
CycPeptMPDB_ID_5642,pampa,-5.9000,2021_Golosov
CycPeptMPDB_ID_5643,pampa,-4.3000,2021_Golosov
CycPeptMPDB_ID_5644,pampa,-4.3000,2021_Golosov
CycPeptMPDB_ID_5645,pampa,-6.0000,2021_Golosov
CycPeptMPDB_ID_5646,pampa,-4.6000,2021_Golosov
CycPeptMPDB_ID_5647,pampa,-5.1000,2021_Golosov
CycPeptMPDB_ID_5648,pampa,-5.1000,2021_Golosov
CycPeptMPDB_ID_5649,pampa,-6.0000,2021_Golosov
CycPeptMPDB_ID_5650,pampa,-5.7000,2021_Golosov
CycPeptMPDB_ID_5651,pampa,-6.7000,2021_Golosov
CycPeptMPDB_ID_5652,pampa,-5.5000,2021_Golosov
CycPeptMPDB_ID_5653,pampa,-6.7000,2021_Golosov
CycPeptMPDB_ID_5654,pampa,-5.6000,2021_Golosov
CycPeptMPDB_ID_5655,pampa,-5.9000,2021_Golosov
CycPeptMPDB_ID_5656,pampa,-4.5000,2021_Golosov
CycPeptMPDB_ID_5657,pampa,-5.8000,2021_Golosov
CycPeptMPDB_ID_5658,pampa,-4.6000,2021_Golosov
CycPeptMPDB_ID_5659,pampa,-5.8000,2021_Golosov
CycPeptMPDB_ID_5660,pampa,-4.5000,2021_Golosov
CycPeptMPDB_ID_5661,pampa,-6.2000,2021_Golosov
CycPeptMPDB_ID_5662,pampa,-5.3000,2021_Golosov
CycPeptMPDB_ID_5663,pampa,-4.0000,2021_Golosov
CycPeptMPDB_ID_5664,pampa,-4.4000,2021_Golosov
CycPeptMPDB_ID_5669,pampa,-6.4300,2021_Kelly
CycPeptMPDB_ID_5670,pampa,-6.8200,2021_Kelly
CycPeptMPDB_ID_5671,pampa,-6.2100,2021_Kelly
CycPeptMPDB_ID_5672,pampa,-6.6900,2021_Kelly
CycPeptMPDB_ID_5673,pampa,-5.5200,2021_Kelly
CycPeptMPDB_ID_5674,pampa,-5.6300,2021_Kelly
CycPeptMPDB_ID_5675,pampa,-6.0700,2021_Kelly
CycPeptMPDB_ID_5676,pampa,-6.5000,2021_Kelly
CycPeptMPDB_ID_5677,pampa,-6.1500,2021_Kelly
CycPeptMPDB_ID_5678,pampa,-5.9800,2021_Kelly
CycPeptMPDB_ID_5679,pampa,-5.9400,2021_Kelly
CycPeptMPDB_ID_5680,pampa,-7.3000,2021_Kelly
CycPeptMPDB_ID_5681,pampa,-7.3100,2021_Kelly
CycPeptMPDB_ID_5682,pampa,-6.9600,2021_Kelly
CycPeptMPDB_ID_5683,pampa,-5.9900,2021_Kelly
CycPeptMPDB_ID_5684,pampa,-6.4400,2021_Kelly
CycPeptMPDB_ID_5685,pampa,-5.7400,2021_Kelly
CycPeptMPDB_ID_5686,pampa,-7.2900,2021_Kelly
CycPeptMPDB_ID_5687,pampa,-6.9400,2021_Kelly
CycPeptMPDB_ID_5688,pampa,-6.8400,2021_Kelly
CycPeptMPDB_ID_5689,pampa,-6.1800,2021_Kelly
CycPeptMPDB_ID_5690,pampa,-6.0600,2021_Kelly
CycPeptMPDB_ID_5691,pampa,-6.5600,2021_Kelly
CycPeptMPDB_ID_5692,pampa,-6.1000,2021_Kelly
CycPeptMPDB_ID_5693,pampa,-6.6800,2021_Kelly
CycPeptMPDB_ID_5694,pampa,-6.1000,2021_Kelly
CycPeptMPDB_ID_5695,pampa,-6.5600,2021_Kelly
CycPeptMPDB_ID_5696,pampa,-6.7800,2021_Kelly
CycPeptMPDB_ID_5697,pampa,-5.4700,2021_Kelly
CycPeptMPDB_ID_5698,pampa,-5.4900,2021_Kelly
CycPeptMPDB_ID_5699,pampa,-5.3900,2021_Kelly
CycPeptMPDB_ID_5700,pampa,-5.4800,2021_Kelly
CycPeptMPDB_ID_5701,pampa,-6.8600,2021_Kelly
CycPeptMPDB_ID_5702,pampa,-6.7700,2021_Kelly
CycPeptMPDB_ID_5703,pampa,-6.0600,2021_Kelly
CycPeptMPDB_ID_5704,pampa,-6.2400,2021_Kelly
CycPeptMPDB_ID_5705,pampa,-6.0900,2021_Kelly
CycPeptMPDB_ID_5706,pampa,-5.8600,2021_Kelly
CycPeptMPDB_ID_5707,pampa,-6.0800,2021_Kelly
CycPeptMPDB_ID_5708,pampa,-6.3700,2021_Kelly
CycPeptMPDB_ID_5709,pampa,-6.3200,2021_Kelly
CycPeptMPDB_ID_5710,pampa,-5.8700,2021_Kelly
CycPeptMPDB_ID_5711,pampa,-6.1300,2021_Kelly
CycPeptMPDB_ID_5712,pampa,-5.9600,2021_Kelly
CycPeptMPDB_ID_5713,pampa,-5.7700,2021_Kelly
CycPeptMPDB_ID_5714,pampa,-5.4800,2021_Kelly
CycPeptMPDB_ID_5715,pampa,-5.6700,2021_Kelly
CycPeptMPDB_ID_5716,pampa,-5.8500,2021_Kelly
CycPeptMPDB_ID_5717,pampa,-5.3400,2021_Kelly
CycPeptMPDB_ID_5718,pampa,-5.4000,2021_Kelly
CycPeptMPDB_ID_5719,pampa,-6.1200,2021_Kelly
CycPeptMPDB_ID_5720,pampa,-5.3900,2021_Kelly
CycPeptMPDB_ID_5721,pampa,-5.4600,2021_Kelly
CycPeptMPDB_ID_5722,pampa,-5.6000,2021_Kelly
CycPeptMPDB_ID_5723,pampa,-6.6800,2021_Kelly
CycPeptMPDB_ID_5724,pampa,-5.7700,2021_Kelly
CycPeptMPDB_ID_5725,pampa,-5.2500,2021_Kelly
CycPeptMPDB_ID_5726,pampa,-5.2700,2021_Kelly
CycPeptMPDB_ID_5727,pampa,-5.4200,2021_Kelly
CycPeptMPDB_ID_5728,pampa,-5.3100,2021_Kelly
CycPeptMPDB_ID_5729,pampa,-5.3900,2021_Kelly
CycPeptMPDB_ID_5730,pampa,-5.2700,2021_Kelly
CycPeptMPDB_ID_5731,pampa,-5.2200,2021_Kelly
CycPeptMPDB_ID_5732,pampa,-6.6900,2021_Kelly
CycPeptMPDB_ID_5733,pampa,-5.8000,2021_Kelly
CycPeptMPDB_ID_5734,pampa,-6.2300,2021_Kelly
CycPeptMPDB_ID_5735,pampa,-6.1500,2021_Kelly
CycPeptMPDB_ID_5736,pampa,-6.0500,2021_Kelly
CycPeptMPDB_ID_5737,pampa,-5.3100,2021_Kelly
CycPeptMPDB_ID_5738,pampa,-5.2900,2021_Kelly
CycPeptMPDB_ID_5739,pampa,-6.0200,2021_Kelly
CycPeptMPDB_ID_5740,pampa,-6.2800,2021_Kelly
CycPeptMPDB_ID_5741,pampa,-6.0200,2021_Kelly
CycPeptMPDB_ID_5742,pampa,-5.4700,2021_Kelly
CycPeptMPDB_ID_5743,pampa,-5.5400,2021_Kelly
CycPeptMPDB_ID_5744,pampa,-5.6100,2021_Kelly
CycPeptMPDB_ID_5745,pampa,-5.3600,2021_Kelly
CycPeptMPDB_ID_5746,pampa,-5.2800,2021_Kelly
CycPeptMPDB_ID_5747,pampa,-6.4500,2021_Kelly
CycPeptMPDB_ID_5748,pampa,-6.1000,2021_Kelly
CycPeptMPDB_ID_5749,pampa,-6.4700,2021_Kelly
CycPeptMPDB_ID_5750,pampa,-6.0600,2021_Kelly
CycPeptMPDB_ID_5751,pampa,-5.3100,2021_Kelly
CycPeptMPDB_ID_5752,pampa,-5.3600,2021_Kelly
CycPeptMPDB_ID_5753,pampa,-5.9900,2021_Kelly
CycPeptMPDB_ID_5754,pampa,-5.2400,2021_Kelly
CycPeptMPDB_ID_5755,pampa,-5.8800,2021_Kelly
CycPeptMPDB_ID_5756,pampa,-5.2900,2021_Kelly
CycPeptMPDB_ID_5757,pampa,-5.3200,2021_Kelly
CycPeptMPDB_ID_5758,pampa,-5.3600,2021_Kelly
CycPeptMPDB_ID_5759,pampa,-5.2400,2021_Kelly
CycPeptMPDB_ID_5760,pampa,-5.4500,2021_Kelly
CycPeptMPDB_ID_5761,pampa,-5.3000,2021_Kelly
CycPeptMPDB_ID_5762,pampa,-5.1900,2021_Kelly
CycPeptMPDB_ID_5763,pampa,-5.1900,2021_Kelly
CycPeptMPDB_ID_5764,pampa,-9.0000,2021_Kelly
CycPeptMPDB_ID_5765,pampa,-8.7000,2021_Kelly
CycPeptMPDB_ID_5766,pampa,-7.6800,2021_Kelly
CycPeptMPDB_ID_5767,pampa,-6.8400,2021_Kelly
CycPeptMPDB_ID_5768,pampa,-6.7600,2021_Kelly
CycPeptMPDB_ID_5769,pampa,-6.3600,2021_Kelly
CycPeptMPDB_ID_5770,pampa,-7.2900,2021_Kelly
CycPeptMPDB_ID_5771,pampa,-7.2000,2021_Kelly
CycPeptMPDB_ID_5772,pampa,-5.7200,2021_Kelly
CycPeptMPDB_ID_5773,pampa,-5.4900,2021_Kelly
CycPeptMPDB_ID_5774,pampa,-6.1000,2021_Kelly
CycPeptMPDB_ID_5775,pampa,-6.4300,2021_Kelly
CycPeptMPDB_ID_5776,pampa,-5.5900,2021_Kelly
CycPeptMPDB_ID_5777,pampa,-6.8500,2021_Kelly
CycPeptMPDB_ID_5778,pampa,-6.1300,2021_Kelly
CycPeptMPDB_ID_5779,pampa,-5.8500,2021_Kelly
CycPeptMPDB_ID_5780,pampa,-7.1600,2021_Kelly
CycPeptMPDB_ID_5781,pampa,-6.6500,2021_Kelly
CycPeptMPDB_ID_5782,pampa,-6.4100,2021_Kelly
CycPeptMPDB_ID_5783,pampa,-5.4000,2021_Kelly
CycPeptMPDB_ID_5784,pampa,-5.8500,2021_Kelly
CycPeptMPDB_ID_5785,pampa,-7.2900,2021_Kelly
CycPeptMPDB_ID_5786,pampa,-9.0000,2021_Kelly
CycPeptMPDB_ID_5787,pampa,-9.0000,2021_Kelly
CycPeptMPDB_ID_5788,pampa,-6.8900,2021_Kelly
CycPeptMPDB_ID_5789,pampa,-6.4000,2021_Kelly
CycPeptMPDB_ID_5790,pampa,-6.8500,2021_Kelly
CycPeptMPDB_ID_5791,pampa,-6.2600,2021_Kelly
CycPeptMPDB_ID_5792,pampa,-5.8300,2021_Kelly
CycPeptMPDB_ID_5793,pampa,-6.1100,2021_Kelly
CycPeptMPDB_ID_5794,pampa,-6.2500,2021_Kelly
CycPeptMPDB_ID_5795,pampa,-6.0500,2021_Kelly
CycPeptMPDB_ID_5796,pampa,-6.3900,2021_Kelly
CycPeptMPDB_ID_5797,pampa,-6.9300,2021_Kelly
CycPeptMPDB_ID_5798,pampa,-5.9300,2021_Kelly
CycPeptMPDB_ID_5799,pampa,-6.2100,2021_Kelly
CycPeptMPDB_ID_5800,pampa,-6.5100,2021_Kelly
CycPeptMPDB_ID_5801,pampa,-9.0000,2021_Kelly
CycPeptMPDB_ID_5802,pampa,-6.3700,2021_Kelly
CycPeptMPDB_ID_5803,pampa,-6.9700,2021_Kelly
CycPeptMPDB_ID_5804,pampa,-6.3000,2021_Kelly
CycPeptMPDB_ID_5805,pampa,-6.0100,2021_Kelly
CycPeptMPDB_ID_5806,pampa,-6.9000,2021_Kelly
CycPeptMPDB_ID_5807,pampa,-5.7600,2021_Kelly
CycPeptMPDB_ID_5808,pampa,-5.4000,2021_Kelly
CycPeptMPDB_ID_5809,pampa,-7.6900,2021_Kelly
CycPeptMPDB_ID_5810,pampa,-5.6800,2021_Kelly
CycPeptMPDB_ID_5811,pampa,-5.8900,2021_Kelly
CycPeptMPDB_ID_5812,pampa,-5.9600,2021_Kelly
CycPeptMPDB_ID_5813,pampa,-6.0400,2021_Kelly
CycPeptMPDB_ID_5814,pampa,-6.2500,2021_Kelly
CycPeptMPDB_ID_5815,pampa,-5.5100,2021_Kelly
CycPeptMPDB_ID_5816,pampa,-5.5600,2021_Kelly
CycPeptMPDB_ID_5817,pampa,-6.7400,2021_Kelly
CycPeptMPDB_ID_5818,pampa,-6.6400,2021_Kelly
CycPeptMPDB_ID_5819,pampa,-6.5400,2021_Kelly
CycPeptMPDB_ID_5820,pampa,-5.3400,2021_Kelly
CycPeptMPDB_ID_5821,pampa,-5.6800,2021_Kelly
CycPeptMPDB_ID_5822,pampa,-5.3600,2021_Kelly
CycPeptMPDB_ID_5823,pampa,-5.8400,2021_Kelly
CycPeptMPDB_ID_5824,pampa,-6.1100,2021_Kelly
CycPeptMPDB_ID_5825,pampa,-6.2400,2021_Kelly
CycPeptMPDB_ID_5826,pampa,-5.7500,2021_Kelly
CycPeptMPDB_ID_5827,pampa,-6.0400,2021_Kelly
CycPeptMPDB_ID_5828,pampa,-5.9000,2021_Kelly
CycPeptMPDB_ID_5829,pampa,-6.6200,2021_Kelly
CycPeptMPDB_ID_5830,pampa,-7.5200,2021_Kelly
CycPeptMPDB_ID_5831,pampa,-5.7800,2021_Kelly
CycPeptMPDB_ID_5832,pampa,-5.8200,2021_Kelly
CycPeptMPDB_ID_5833,pampa,-6.7500,2021_Kelly
CycPeptMPDB_ID_5834,pampa,-6.0400,2021_Kelly
CycPeptMPDB_ID_5835,pampa,-5.9900,2021_Kelly
CycPeptMPDB_ID_5836,pampa,-5.0600,2021_Kelly
CycPeptMPDB_ID_5837,pampa,-5.9800,2021_Kelly
CycPeptMPDB_ID_5838,pampa,-6.4000,2021_Kelly
CycPeptMPDB_ID_5839,pampa,-5.4000,2021_Kelly
CycPeptMPDB_ID_5840,pampa,-5.2400,2021_Kelly
CycPeptMPDB_ID_5841,pampa,-5.8400,2021_Kelly
CycPeptMPDB_ID_5842,pampa,-6.2500,2021_Kelly
CycPeptMPDB_ID_5843,pampa,-5.9300,2021_Kelly
CycPeptMPDB_ID_5844,pampa,-6.8600,2021_Kelly
CycPeptMPDB_ID_5845,pampa,-6.4300,2021_Kelly
CycPeptMPDB_ID_5846,pampa,-6.5900,2021_Kelly
CycPeptMPDB_ID_5847,pampa,-6.2900,2021_Kelly
CycPeptMPDB_ID_5848,pampa,-6.5400,2021_Kelly
CycPeptMPDB_ID_5849,pampa,-6.1800,2021_Kelly
CycPeptMPDB_ID_5850,pampa,-6.4800,2021_Kelly
CycPeptMPDB_ID_5851,pampa,-6.7300,2021_Kelly
CycPeptMPDB_ID_5852,pampa,-6.8200,2021_Kelly
CycPeptMPDB_ID_5853,pampa,-6.1400,2021_Kelly
CycPeptMPDB_ID_5854,pampa,-6.2400,2021_Kelly
CycPeptMPDB_ID_5855,pampa,-5.8900,2021_Kelly
CycPeptMPDB_ID_5856,pampa,-6.0000,2021_Kelly
CycPeptMPDB_ID_5857,pampa,-6.6000,2021_Kelly
CycPeptMPDB_ID_5858,pampa,-6.3600,2021_Kelly
CycPeptMPDB_ID_5859,pampa,-6.0500,2021_Kelly
CycPeptMPDB_ID_5860,pampa,-5.6200,2021_Kelly
CycPeptMPDB_ID_5861,pampa,-5.5900,2021_Kelly
CycPeptMPDB_ID_5862,pampa,-6.1500,2021_Kelly
CycPeptMPDB_ID_5863,pampa,-6.2800,2021_Kelly
CycPeptMPDB_ID_5864,pampa,-6.1100,2021_Kelly
CycPeptMPDB_ID_5865,pampa,-5.7600,2021_Kelly
CycPeptMPDB_ID_5866,pampa,-5.3700,2021_Kelly
CycPeptMPDB_ID_5867,pampa,-6.8500,2021_Kelly
CycPeptMPDB_ID_5868,pampa,-5.8300,2021_Kelly
CycPeptMPDB_ID_5869,pampa,-5.9900,2021_Kelly
CycPeptMPDB_ID_5870,pampa,-6.6400,2021_Kelly
CycPeptMPDB_ID_5871,pampa,-6.6600,2021_Kelly
CycPeptMPDB_ID_5872,pampa,-6.9800,2021_Kelly
CycPeptMPDB_ID_5873,pampa,-6.0600,2021_Kelly
CycPeptMPDB_ID_5874,pampa,-5.9500,2021_Kelly
CycPeptMPDB_ID_5875,pampa,-5.6400,2021_Kelly
CycPeptMPDB_ID_5876,pampa,-5.8700,2021_Kelly
CycPeptMPDB_ID_5877,pampa,-5.7800,2021_Kelly
CycPeptMPDB_ID_5878,pampa,-5.7800,2021_Kelly
CycPeptMPDB_ID_5879,pampa,-6.1200,2021_Kelly
CycPeptMPDB_ID_5880,pampa,-5.4300,2021_Kelly
CycPeptMPDB_ID_5881,pampa,-5.5800,2021_Kelly
CycPeptMPDB_ID_5882,pampa,-5.4600,2021_Kelly
CycPeptMPDB_ID_5883,pampa,-5.4000,2021_Kelly
CycPeptMPDB_ID_5884,pampa,-5.5300,2021_Kelly
CycPeptMPDB_ID_5885,pampa,-5.4000,2021_Kelly
CycPeptMPDB_ID_5886,pampa,-5.4600,2021_Kelly
CycPeptMPDB_ID_5887,pampa,-5.4100,2021_Kelly
CycPeptMPDB_ID_5888,pampa,-5.2000,2021_Kelly
CycPeptMPDB_ID_5889,pampa,-5.6900,2021_Kelly
CycPeptMPDB_ID_5890,pampa,-6.1200,2021_Kelly
CycPeptMPDB_ID_5891,pampa,-5.4800,2021_Kelly
CycPeptMPDB_ID_5892,pampa,-5.4700,2021_Kelly
CycPeptMPDB_ID_5893,pampa,-5.4200,2021_Kelly
CycPeptMPDB_ID_5894,pampa,-5.5600,2021_Kelly
CycPeptMPDB_ID_5895,pampa,-5.6700,2021_Kelly
CycPeptMPDB_ID_5896,pampa,-7.4000,2021_Kelly
CycPeptMPDB_ID_5897,pampa,-6.7500,2021_Kelly
CycPeptMPDB_ID_5898,pampa,-6.8800,2021_Kelly
CycPeptMPDB_ID_5899,pampa,-6.9200,2021_Kelly
CycPeptMPDB_ID_5900,pampa,-6.1500,2021_Kelly
CycPeptMPDB_ID_5901,pampa,-6.1100,2021_Kelly
CycPeptMPDB_ID_5902,pampa,-5.7100,2021_Kelly
CycPeptMPDB_ID_5903,pampa,-6.0500,2021_Kelly
CycPeptMPDB_ID_5904,pampa,-5.3600,2021_Kelly
CycPeptMPDB_ID_5905,pampa,-7.3700,2021_Kelly
CycPeptMPDB_ID_5906,pampa,-6.3100,2021_Kelly
CycPeptMPDB_ID_5907,pampa,-5.8400,2021_Kelly
CycPeptMPDB_ID_5908,pampa,-5.5600,2021_Kelly
CycPeptMPDB_ID_5909,pampa,-5.9900,2021_Kelly
CycPeptMPDB_ID_5910,pampa,-5.2900,2021_Kelly
CycPeptMPDB_ID_5911,pampa,-5.4600,2021_Kelly
CycPeptMPDB_ID_5912,pampa,-5.3000,2021_Kelly
CycPeptMPDB_ID_5913,pampa,-5.3100,2021_Kelly
CycPeptMPDB_ID_5914,pampa,-5.9000,2021_Kelly
CycPeptMPDB_ID_5915,pampa,-6.1700,2021_Kelly
CycPeptMPDB_ID_5916,pampa,-5.6800,2021_Kelly
CycPeptMPDB_ID_5917,pampa,-5.7100,2021_Kelly
CycPeptMPDB_ID_5918,pampa,-6.0400,2021_Kelly
CycPeptMPDB_ID_5919,pampa,-5.1300,2021_Kelly
CycPeptMPDB_ID_5920,pampa,-5.3600,2021_Kelly
CycPeptMPDB_ID_5921,pampa,-5.1700,2021_Kelly
CycPeptMPDB_ID_5922,pampa,-5.3500,2021_Kelly
CycPeptMPDB_ID_5923,pampa,-5.2800,2021_Kelly
CycPeptMPDB_ID_5924,pampa,-5.3300,2021_Kelly
CycPeptMPDB_ID_5925,pampa,-5.4200,2021_Kelly
CycPeptMPDB_ID_5926,pampa,-5.4000,2021_Kelly
CycPeptMPDB_ID_5927,pampa,-5.2300,2021_Kelly
CycPeptMPDB_ID_5928,pampa,-5.2000,2021_Kelly
CycPeptMPDB_ID_5929,pampa,-7.6800,2021_Kelly
CycPeptMPDB_ID_5930,pampa,-5.9300,2021_Kelly
CycPeptMPDB_ID_5931,pampa,-6.5200,2021_Kelly
CycPeptMPDB_ID_5932,pampa,-6.4200,2021_Kelly
CycPeptMPDB_ID_5933,pampa,-5.7300,2021_Kelly
CycPeptMPDB_ID_5934,pampa,-6.3900,2021_Kelly
CycPeptMPDB_ID_5935,pampa,-5.9500,2021_Kelly
CycPeptMPDB_ID_5936,pampa,-5.1600,2021_Kelly
CycPeptMPDB_ID_5937,pampa,-5.2600,2021_Kelly
CycPeptMPDB_ID_5938,pampa,-5.1900,2021_Kelly
CycPeptMPDB_ID_5939,pampa,-5.8000,2021_Kelly
CycPeptMPDB_ID_5940,pampa,-5.5100,2021_Kelly
CycPeptMPDB_ID_5941,pampa,-5.4700,2021_Kelly
CycPeptMPDB_ID_5942,pampa,-6.6500,2021_Kelly
CycPeptMPDB_ID_5943,pampa,-7.1600,2021_Kelly
CycPeptMPDB_ID_5944,pampa,-5.9500,2021_Kelly
CycPeptMPDB_ID_5945,pampa,-6.0500,2021_Kelly
CycPeptMPDB_ID_5946,pampa,-5.4200,2021_Kelly
CycPeptMPDB_ID_5947,pampa,-6.0000,2021_Kelly
CycPeptMPDB_ID_5948,pampa,-5.8200,2021_Kelly
CycPeptMPDB_ID_5949,pampa,-5.9700,2021_Kelly
CycPeptMPDB_ID_5950,pampa,-5.7700,2021_Kelly
CycPeptMPDB_ID_5951,pampa,-7.3200,2021_Kelly
CycPeptMPDB_ID_5952,pampa,-6.4300,2021_Kelly
CycPeptMPDB_ID_5953,pampa,-5.5200,2021_Kelly
CycPeptMPDB_ID_5954,pampa,-5.3300,2021_Kelly
CycPeptMPDB_ID_5955,pampa,-6.3400,2021_Kelly
CycPeptMPDB_ID_5956,pampa,-6.0900,2021_Kelly
CycPeptMPDB_ID_5957,pampa,-6.1900,2021_Kelly
CycPeptMPDB_ID_5958,pampa,-5.2100,2021_Kelly
CycPeptMPDB_ID_5959,pampa,-5.3400,2021_Kelly
CycPeptMPDB_ID_5960,pampa,-5.6700,2021_Kelly
CycPeptMPDB_ID_5961,pampa,-5.5500,2021_Kelly
CycPeptMPDB_ID_5962,pampa,-6.3100,2021_Kelly
CycPeptMPDB_ID_5963,pampa,-5.6600,2021_Kelly
CycPeptMPDB_ID_5964,pampa,-6.7200,2021_Kelly
CycPeptMPDB_ID_5965,pampa,-6.0200,2021_Kelly
CycPeptMPDB_ID_5966,pampa,-6.4700,2021_Kelly
CycPeptMPDB_ID_5967,pampa,-5.1800,2021_Kelly
CycPeptMPDB_ID_5968,pampa,-5.3900,2021_Kelly
CycPeptMPDB_ID_5969,pampa,-5.7900,2021_Kelly
CycPeptMPDB_ID_5970,pampa,-5.4600,2021_Kelly
CycPeptMPDB_ID_5971,pampa,-5.0900,2021_Kelly
CycPeptMPDB_ID_5972,pampa,-5.1300,2021_Kelly
CycPeptMPDB_ID_5973,pampa,-5.7000,2021_Kelly
CycPeptMPDB_ID_5974,pampa,-5.6600,2021_Kelly
CycPeptMPDB_ID_5975,pampa,-5.6600,2021_Kelly
CycPeptMPDB_ID_5976,pampa,-6.4900,2021_Kelly
CycPeptMPDB_ID_5977,pampa,-6.2100,2021_Kelly
CycPeptMPDB_ID_5978,pampa,-6.3300,2021_Kelly
CycPeptMPDB_ID_5979,pampa,-6.2700,2021_Kelly
CycPeptMPDB_ID_5980,pampa,-6.7000,2021_Kelly
CycPeptMPDB_ID_5981,pampa,-6.5900,2021_Kelly
CycPeptMPDB_ID_5982,pampa,-6.6000,2021_Kelly
CycPeptMPDB_ID_5983,pampa,-6.4100,2021_Kelly
CycPeptMPDB_ID_5984,pampa,-5.7900,2021_Kelly
CycPeptMPDB_ID_5985,pampa,-6.0000,2021_Kelly
CycPeptMPDB_ID_5986,pampa,-5.9300,2021_Kelly
CycPeptMPDB_ID_5987,pampa,-5.7700,2021_Kelly
CycPeptMPDB_ID_5988,pampa,-5.9400,2021_Kelly
CycPeptMPDB_ID_5989,pampa,-5.7900,2021_Kelly
CycPeptMPDB_ID_5990,pampa,-6.2100,2021_Kelly
CycPeptMPDB_ID_5991,pampa,-5.6500,2021_Kelly
CycPeptMPDB_ID_5992,pampa,-6.5800,2021_Kelly
CycPeptMPDB_ID_5993,pampa,-6.8100,2021_Kelly
CycPeptMPDB_ID_5994,pampa,-5.4600,2021_Kelly
CycPeptMPDB_ID_5995,pampa,-5.4700,2021_Kelly
CycPeptMPDB_ID_5996,pampa,-6.5700,2021_Kelly
CycPeptMPDB_ID_5997,pampa,-5.5300,2021_Kelly
CycPeptMPDB_ID_5998,pampa,-6.0900,2021_Kelly
CycPeptMPDB_ID_5999,pampa,-6.3800,2021_Kelly
CycPeptMPDB_ID_6000,pampa,-6.5200,2021_Kelly
CycPeptMPDB_ID_6001,pampa,-5.8600,2021_Kelly
CycPeptMPDB_ID_6002,pampa,-5.6900,2021_Kelly
CycPeptMPDB_ID_6003,pampa,-5.3200,2021_Kelly
CycPeptMPDB_ID_6004,pampa,-6.4400,2021_Kelly
CycPeptMPDB_ID_6005,pampa,-5.7100,2021_Kelly
CycPeptMPDB_ID_6006,pampa,-5.2100,2021_Kelly
CycPeptMPDB_ID_6007,pampa,-6.1500,2021_Kelly
CycPeptMPDB_ID_6008,pampa,-5.3000,2021_Kelly
CycPeptMPDB_ID_6009,pampa,-5.9000,2021_Kelly
CycPeptMPDB_ID_6010,pampa,-5.0900,2021_Kelly
CycPeptMPDB_ID_6011,pampa,-5.2800,2021_Kelly
CycPeptMPDB_ID_6012,pampa,-5.9400,2021_Kelly
CycPeptMPDB_ID_6013,pampa,-6.7200,2021_Kelly
CycPeptMPDB_ID_6014,pampa,-6.1200,2021_Kelly
CycPeptMPDB_ID_6015,pampa,-6.5900,2021_Kelly
CycPeptMPDB_ID_6016,pampa,-5.7100,2021_Kelly
CycPeptMPDB_ID_6017,pampa,-6.5300,2021_Kelly
CycPeptMPDB_ID_6018,pampa,-5.8600,2021_Kelly
CycPeptMPDB_ID_6019,pampa,-6.7200,2021_Kelly
CycPeptMPDB_ID_6020,pampa,-6.0300,2021_Kelly
CycPeptMPDB_ID_6021,pampa,-5.4400,2021_Kelly
CycPeptMPDB_ID_6022,pampa,-5.1800,2021_Kelly
CycPeptMPDB_ID_6023,pampa,-5.3400,2021_Kelly
CycPeptMPDB_ID_6024,pampa,-5.2500,2021_Kelly
CycPeptMPDB_ID_6025,pampa,-5.2800,2021_Kelly
CycPeptMPDB_ID_6026,pampa,-6.2000,2021_Kelly
CycPeptMPDB_ID_6027,pampa,-5.6000,2021_Kelly
CycPeptMPDB_ID_6028,pampa,-5.5400,2021_Kelly
CycPeptMPDB_ID_6029,pampa,-5.2200,2021_Kelly
CycPeptMPDB_ID_6030,pampa,-5.2500,2021_Kelly
CycPeptMPDB_ID_6031,pampa,-5.2800,2021_Kelly
CycPeptMPDB_ID_6032,pampa,-5.3200,2021_Kelly
CycPeptMPDB_ID_6033,pampa,-5.1900,2021_Kelly
CycPeptMPDB_ID_6034,pampa,-5.6300,2021_Kelly
CycPeptMPDB_ID_6035,pampa,-5.0400,2021_Kelly
CycPeptMPDB_ID_6036,pampa,-9.0000,2021_Kelly
CycPeptMPDB_ID_6037,pampa,-7.6800,2021_Kelly
CycPeptMPDB_ID_6038,pampa,-6.2900,2021_Kelly
CycPeptMPDB_ID_6039,pampa,-6.5900,2021_Kelly
CycPeptMPDB_ID_6040,pampa,-6.0600,2021_Kelly
CycPeptMPDB_ID_6041,pampa,-6.3600,2021_Kelly
CycPeptMPDB_ID_6042,pampa,-6.8500,2021_Kelly
CycPeptMPDB_ID_6043,pampa,-6.9300,2021_Kelly
CycPeptMPDB_ID_6044,pampa,-6.7300,2021_Kelly
CycPeptMPDB_ID_6045,pampa,-6.9800,2021_Kelly
CycPeptMPDB_ID_6046,pampa,-5.3500,2021_Kelly
CycPeptMPDB_ID_6047,pampa,-5.4800,2021_Kelly
CycPeptMPDB_ID_6048,pampa,-6.6800,2021_Kelly
CycPeptMPDB_ID_6049,pampa,-5.9200,2021_Kelly
CycPeptMPDB_ID_6050,pampa,-6.4000,2021_Kelly
CycPeptMPDB_ID_6051,pampa,-5.3900,2021_Kelly
CycPeptMPDB_ID_6052,pampa,-5.7100,2021_Kelly
CycPeptMPDB_ID_6053,pampa,-5.7400,2021_Kelly
CycPeptMPDB_ID_6054,pampa,-6.6700,2021_Kelly
CycPeptMPDB_ID_6055,pampa,-5.9300,2021_Kelly
CycPeptMPDB_ID_6056,pampa,-6.2100,2021_Kelly
CycPeptMPDB_ID_6057,pampa,-6.1600,2021_Kelly
CycPeptMPDB_ID_6058,pampa,-5.9300,2021_Kelly
CycPeptMPDB_ID_6059,pampa,-5.7700,2021_Kelly
CycPeptMPDB_ID_6060,pampa,-8.0000,2021_Kelly
CycPeptMPDB_ID_6061,pampa,-6.0100,2021_Kelly
CycPeptMPDB_ID_6062,pampa,-6.3900,2021_Kelly
CycPeptMPDB_ID_6063,pampa,-5.3800,2021_Kelly
CycPeptMPDB_ID_6064,pampa,-6.4700,2021_Kelly
CycPeptMPDB_ID_6065,pampa,-5.6500,2021_Kelly
CycPeptMPDB_ID_6066,pampa,-5.9400,2021_Kelly
CycPeptMPDB_ID_6067,pampa,-5.0800,2021_Kelly
CycPeptMPDB_ID_6068,pampa,-5.3300,2021_Kelly
CycPeptMPDB_ID_6069,pampa,-7.6200,2021_Kelly
CycPeptMPDB_ID_6070,pampa,-5.7800,2021_Kelly
CycPeptMPDB_ID_6071,pampa,-6.8800,2021_Kelly
CycPeptMPDB_ID_6072,pampa,-5.5300,2021_Kelly
CycPeptMPDB_ID_6073,pampa,-5.3800,2021_Kelly
CycPeptMPDB_ID_6074,pampa,-5.1300,2021_Kelly
CycPeptMPDB_ID_6075,pampa,-6.1400,2021_Kelly
CycPeptMPDB_ID_6076,pampa,-6.1100,2021_Kelly
CycPeptMPDB_ID_6077,pampa,-5.3300,2021_Kelly
CycPeptMPDB_ID_6078,pampa,-6.4300,2021_Kelly
CycPeptMPDB_ID_6079,pampa,-5.1800,2021_Kelly
CycPeptMPDB_ID_6080,pampa,-6.0400,2021_Kelly
CycPeptMPDB_ID_6081,pampa,-5.7300,2021_Kelly
CycPeptMPDB_ID_6082,pampa,-5.3300,2021_Kelly
CycPeptMPDB_ID_6083,pampa,-5.3700,2021_Kelly
CycPeptMPDB_ID_6084,pampa,-5.9200,2021_Kelly
CycPeptMPDB_ID_6085,pampa,-5.2900,2021_Kelly
CycPeptMPDB_ID_6086,pampa,-5.1500,2021_Kelly
CycPeptMPDB_ID_6087,pampa,-5.4600,2021_Kelly
CycPeptMPDB_ID_6088,pampa,-5.3700,2021_Kelly
CycPeptMPDB_ID_6089,pampa,-6.8300,2021_Kelly
CycPeptMPDB_ID_6090,pampa,-6.4500,2021_Kelly
CycPeptMPDB_ID_6091,pampa,-5.2000,2021_Kelly
CycPeptMPDB_ID_6092,pampa,-5.5600,2021_Kelly
CycPeptMPDB_ID_6093,pampa,-5.1400,2021_Kelly
CycPeptMPDB_ID_6094,pampa,-5.8100,2021_Kelly
CycPeptMPDB_ID_6095,pampa,-5.0300,2021_Kelly
CycPeptMPDB_ID_6096,pampa,-5.1500,2021_Kelly
CycPeptMPDB_ID_6097,pampa,-5.5300,2021_Kelly
CycPeptMPDB_ID_6098,pampa,-5.5000,2021_Kelly
CycPeptMPDB_ID_6099,pampa,-5.5200,2021_Kelly
CycPeptMPDB_ID_6100,pampa,-6.2800,2021_Kelly
CycPeptMPDB_ID_6101,pampa,-6.3400,2021_Kelly
CycPeptMPDB_ID_6102,pampa,-6.4000,2021_Kelly
CycPeptMPDB_ID_6103,pampa,-6.8700,2021_Kelly
CycPeptMPDB_ID_6104,pampa,-6.4200,2021_Kelly
CycPeptMPDB_ID_6105,pampa,-6.1000,2021_Kelly
CycPeptMPDB_ID_6106,pampa,-6.4800,2021_Kelly
CycPeptMPDB_ID_6107,pampa,-6.9600,2021_Kelly
CycPeptMPDB_ID_6108,pampa,-7.1000,2021_Kelly
CycPeptMPDB_ID_6109,pampa,-7.2600,2021_Kelly
CycPeptMPDB_ID_6110,pampa,-7.1100,2021_Kelly
CycPeptMPDB_ID_6111,pampa,-7.1800,2021_Kelly
CycPeptMPDB_ID_6112,pampa,-6.1200,2021_Kelly
CycPeptMPDB_ID_6113,pampa,-5.6000,2021_Kelly
CycPeptMPDB_ID_6114,pampa,-5.9900,2021_Kelly
CycPeptMPDB_ID_6115,pampa,-6.6700,2021_Kelly
CycPeptMPDB_ID_6116,pampa,-6.3200,2021_Kelly
CycPeptMPDB_ID_6117,pampa,-6.4700,2021_Kelly
CycPeptMPDB_ID_6118,pampa,-6.6800,2021_Kelly
CycPeptMPDB_ID_6119,pampa,-6.5100,2021_Kelly
CycPeptMPDB_ID_6120,pampa,-5.8300,2021_Kelly
CycPeptMPDB_ID_6121,pampa,-6.4900,2021_Kelly
CycPeptMPDB_ID_6122,pampa,-5.8700,2021_Kelly
CycPeptMPDB_ID_6123,pampa,-7.1000,2021_Kelly
CycPeptMPDB_ID_6124,pampa,-7.1400,2021_Kelly
CycPeptMPDB_ID_6125,pampa,-6.9600,2021_Kelly
CycPeptMPDB_ID_6126,pampa,-6.3700,2021_Kelly
CycPeptMPDB_ID_6127,pampa,-5.8900,2021_Kelly
CycPeptMPDB_ID_6128,pampa,-5.8100,2021_Kelly
CycPeptMPDB_ID_6129,pampa,-6.0100,2021_Kelly
CycPeptMPDB_ID_6130,pampa,-5.3000,2021_Kelly
CycPeptMPDB_ID_6131,pampa,-6.6600,2021_Kelly
CycPeptMPDB_ID_6132,pampa,-5.9200,2021_Kelly
CycPeptMPDB_ID_6133,pampa,-5.9900,2021_Kelly
CycPeptMPDB_ID_6134,pampa,-6.2800,2021_Kelly
CycPeptMPDB_ID_6135,pampa,-6.4400,2021_Kelly
CycPeptMPDB_ID_6136,pampa,-6.2200,2021_Kelly
CycPeptMPDB_ID_6137,pampa,-6.3900,2021_Kelly
CycPeptMPDB_ID_6138,pampa,-6.7900,2021_Kelly
CycPeptMPDB_ID_6139,pampa,-5.8700,2021_Kelly
CycPeptMPDB_ID_6140,pampa,-5.9500,2021_Kelly
CycPeptMPDB_ID_6141,pampa,-5.6700,2021_Kelly
CycPeptMPDB_ID_6142,pampa,-5.7000,2021_Kelly
CycPeptMPDB_ID_6143,pampa,-5.5000,2021_Kelly
CycPeptMPDB_ID_6144,pampa,-6.7900,2021_Kelly
CycPeptMPDB_ID_6145,pampa,-5.0700,2021_Kelly
CycPeptMPDB_ID_6146,pampa,-5.6200,2021_Kelly
CycPeptMPDB_ID_6147,pampa,-6.3800,2021_Kelly
CycPeptMPDB_ID_6148,pampa,-5.6400,2021_Kelly
CycPeptMPDB_ID_6149,pampa,-5.8400,2021_Kelly
CycPeptMPDB_ID_6150,pampa,-5.4300,2021_Kelly
CycPeptMPDB_ID_6151,pampa,-5.5200,2021_Kelly
CycPeptMPDB_ID_6152,pampa,-5.3000,2021_Kelly
CycPeptMPDB_ID_6153,pampa,-5.4400,2021_Kelly
CycPeptMPDB_ID_6154,pampa,-6.1000,2021_Kelly
CycPeptMPDB_ID_6155,pampa,-5.1200,2021_Kelly
CycPeptMPDB_ID_6156,pampa,-5.1600,2021_Kelly
CycPeptMPDB_ID_6157,pampa,-5.3300,2021_Kelly
CycPeptMPDB_ID_6158,pampa,-5.0600,2021_Kelly
CycPeptMPDB_ID_6159,pampa,-5.5000,2021_Kelly
CycPeptMPDB_ID_6160,pampa,-9.0000,2021_Kelly
CycPeptMPDB_ID_6161,pampa,-5.3300,2021_Kelly
CycPeptMPDB_ID_6162,pampa,-5.7500,2021_Kelly
CycPeptMPDB_ID_6163,pampa,-7.3500,2021_Kelly
CycPeptMPDB_ID_6164,pampa,-6.4800,2021_Kelly
CycPeptMPDB_ID_6165,pampa,-5.9700,2021_Kelly
CycPeptMPDB_ID_6166,pampa,-6.7900,2021_Kelly
CycPeptMPDB_ID_6167,pampa,-6.6900,2021_Kelly
CycPeptMPDB_ID_6168,pampa,-6.1800,2021_Kelly
CycPeptMPDB_ID_6169,pampa,-6.9100,2021_Kelly
CycPeptMPDB_ID_6170,pampa,-5.9100,2021_Kelly
CycPeptMPDB_ID_6171,pampa,-6.2200,2021_Kelly
CycPeptMPDB_ID_6172,pampa,-5.4400,2021_Kelly
CycPeptMPDB_ID_6173,pampa,-7.1000,2021_Kelly
CycPeptMPDB_ID_6174,pampa,-6.4700,2021_Kelly
CycPeptMPDB_ID_6175,pampa,-6.0900,2021_Kelly
CycPeptMPDB_ID_6176,pampa,-6.0500,2021_Kelly
CycPeptMPDB_ID_6177,pampa,-5.6300,2021_Kelly
CycPeptMPDB_ID_6178,pampa,-5.9400,2021_Kelly
CycPeptMPDB_ID_6179,pampa,-5.1900,2021_Kelly
CycPeptMPDB_ID_6180,pampa,-5.4900,2021_Kelly
CycPeptMPDB_ID_6181,pampa,-5.2600,2021_Kelly
CycPeptMPDB_ID_6182,pampa,-5.1500,2021_Kelly
CycPeptMPDB_ID_6183,pampa,-6.8500,2021_Kelly
CycPeptMPDB_ID_6184,pampa,-6.0000,2021_Kelly
CycPeptMPDB_ID_6185,pampa,-5.1600,2021_Kelly
CycPeptMPDB_ID_6186,pampa,-6.7400,2021_Kelly
CycPeptMPDB_ID_6187,pampa,-5.0100,2021_Kelly
CycPeptMPDB_ID_6188,pampa,-5.4300,2021_Kelly
CycPeptMPDB_ID_6189,pampa,-5.1900,2021_Kelly
CycPeptMPDB_ID_6190,pampa,-5.3000,2021_Kelly
CycPeptMPDB_ID_6191,pampa,-5.2000,2021_Kelly
CycPeptMPDB_ID_6192,pampa,-8.4000,2021_Kelly
CycPeptMPDB_ID_6193,pampa,-6.6600,2021_Kelly
CycPeptMPDB_ID_6194,pampa,-8.7000,2021_Kelly
CycPeptMPDB_ID_6195,pampa,-6.8600,2021_Kelly
CycPeptMPDB_ID_6196,pampa,-6.7800,2021_Kelly
CycPeptMPDB_ID_6197,pampa,-6.0300,2021_Kelly
CycPeptMPDB_ID_6198,pampa,-6.2800,2021_Kelly
CycPeptMPDB_ID_6199,pampa,-7.1600,2021_Kelly
CycPeptMPDB_ID_6200,pampa,-5.7000,2021_Kelly
CycPeptMPDB_ID_6201,pampa,-7.1900,2021_Kelly
CycPeptMPDB_ID_6202,pampa,-5.9600,2021_Kelly
CycPeptMPDB_ID_6203,pampa,-5.4600,2021_Kelly
CycPeptMPDB_ID_6204,pampa,-6.9700,2021_Kelly
CycPeptMPDB_ID_6205,pampa,-5.9400,2021_Kelly
CycPeptMPDB_ID_6206,pampa,-6.4800,2021_Kelly
CycPeptMPDB_ID_6207,pampa,-5.7100,2021_Kelly
CycPeptMPDB_ID_6208,pampa,-5.9400,2021_Kelly
CycPeptMPDB_ID_6209,pampa,-8.1000,2021_Kelly
CycPeptMPDB_ID_6210,pampa,-6.3500,2021_Kelly
CycPeptMPDB_ID_6211,pampa,-7.6000,2021_Kelly
CycPeptMPDB_ID_6212,pampa,-6.1300,2021_Kelly
CycPeptMPDB_ID_6213,pampa,-6.1000,2021_Kelly
CycPeptMPDB_ID_6214,pampa,-7.4400,2021_Kelly
CycPeptMPDB_ID_6215,pampa,-8.5200,2021_Kelly
CycPeptMPDB_ID_6216,pampa,-6.3400,2021_Kelly
CycPeptMPDB_ID_6217,pampa,-6.6600,2021_Kelly
CycPeptMPDB_ID_6218,pampa,-6.2700,2021_Kelly
CycPeptMPDB_ID_6219,pampa,-6.0800,2021_Kelly
CycPeptMPDB_ID_6220,pampa,-6.5300,2021_Kelly
CycPeptMPDB_ID_6221,pampa,-5.8600,2021_Kelly
CycPeptMPDB_ID_6222,pampa,-5.9300,2021_Kelly
CycPeptMPDB_ID_6223,pampa,-7.1500,2021_Kelly
CycPeptMPDB_ID_6224,pampa,-5.9400,2021_Kelly
CycPeptMPDB_ID_6225,pampa,-6.1800,2021_Kelly
CycPeptMPDB_ID_6226,pampa,-5.1600,2021_Kelly
CycPeptMPDB_ID_6227,pampa,-5.4400,2021_Kelly
CycPeptMPDB_ID_6228,pampa,-8.7000,2021_Kelly
CycPeptMPDB_ID_6229,pampa,-6.9500,2021_Kelly
CycPeptMPDB_ID_6230,pampa,-6.6300,2021_Kelly
CycPeptMPDB_ID_6231,pampa,-5.9300,2021_Kelly
CycPeptMPDB_ID_6232,pampa,-5.2500,2021_Kelly
CycPeptMPDB_ID_6233,pampa,-7.2200,2021_Kelly
CycPeptMPDB_ID_6234,pampa,-6.1700,2021_Kelly
CycPeptMPDB_ID_6235,pampa,-5.2600,2021_Kelly
CycPeptMPDB_ID_6236,pampa,-5.8200,2021_Kelly
CycPeptMPDB_ID_6237,pampa,-5.6300,2021_Kelly
CycPeptMPDB_ID_6238,pampa,-5.6300,2021_Kelly
CycPeptMPDB_ID_6239,pampa,-5.0900,2021_Kelly
CycPeptMPDB_ID_6240,pampa,-5.1700,2021_Kelly
CycPeptMPDB_ID_6241,pampa,-5.0600,2021_Kelly
CycPeptMPDB_ID_6242,pampa,-6.0600,2021_Kelly
CycPeptMPDB_ID_6243,pampa,-5.2200,2021_Kelly
CycPeptMPDB_ID_6244,pampa,-5.4900,2021_Kelly
CycPeptMPDB_ID_6245,pampa,-5.2800,2021_Kelly
CycPeptMPDB_ID_6246,pampa,-6.0100,2021_Kelly
CycPeptMPDB_ID_6247,pampa,-7.3400,2021_Kelly
CycPeptMPDB_ID_6248,pampa,-5.5900,2021_Kelly
CycPeptMPDB_ID_6249,pampa,-5.5300,2021_Kelly
CycPeptMPDB_ID_6250,pampa,-5.9300,2021_Kelly
CycPeptMPDB_ID_6251,pampa,-5.0200,2021_Kelly
CycPeptMPDB_ID_6252,pampa,-5.9200,2021_Kelly
CycPeptMPDB_ID_6253,pampa,-5.7800,2021_Kelly
CycPeptMPDB_ID_6254,pampa,-5.1100,2021_Kelly
CycPeptMPDB_ID_6255,pampa,-5.4600,2021_Kelly
CycPeptMPDB_ID_6256,pampa,-4.9800,2021_Kelly
CycPeptMPDB_ID_6257,pampa,-5.7600,2021_Kelly
CycPeptMPDB_ID_6258,pampa,-6.7000,2021_Kelly
CycPeptMPDB_ID_6259,pampa,-5.2300,2021_Kelly
CycPeptMPDB_ID_6260,pampa,-5.9400,2021_Kelly
CycPeptMPDB_ID_6261,pampa,-6.0300,2021_Kelly
CycPeptMPDB_ID_6262,pampa,-5.2400,2021_Kelly
CycPeptMPDB_ID_6263,pampa,-5.6600,2021_Kelly
CycPeptMPDB_ID_6264,pampa,-5.0200,2021_Kelly
CycPeptMPDB_ID_6265,pampa,-5.7500,2021_Kelly
CycPeptMPDB_ID_6266,pampa,-5.3600,2021_Kelly
CycPeptMPDB_ID_6267,pampa,-5.5300,2021_Kelly
CycPeptMPDB_ID_6268,pampa,-5.3000,2021_Kelly
CycPeptMPDB_ID_6269,pampa,-5.8900,2021_Kelly
CycPeptMPDB_ID_6270,pampa,-5.1700,2021_Kelly
CycPeptMPDB_ID_6271,pampa,-5.6200,2021_Kelly
CycPeptMPDB_ID_6272,pampa,-5.7200,2021_Kelly
CycPeptMPDB_ID_6273,pampa,-5.0400,2021_Kelly
CycPeptMPDB_ID_6274,pampa,-5.7500,2021_Kelly
CycPeptMPDB_ID_6275,pampa,-6.4300,2021_Kelly
CycPeptMPDB_ID_6276,pampa,-6.8800,2021_Kelly
CycPeptMPDB_ID_6277,pampa,-5.1900,2021_Kelly
CycPeptMPDB_ID_6278,pampa,-5.2100,2021_Kelly
CycPeptMPDB_ID_6279,pampa,-5.3400,2021_Kelly
CycPeptMPDB_ID_6280,pampa,-5.2400,2021_Kelly
CycPeptMPDB_ID_6281,pampa,-5.3900,2021_Kelly
CycPeptMPDB_ID_6282,pampa,-5.6700,2021_Kelly
CycPeptMPDB_ID_6283,pampa,-5.6000,2021_Kelly
CycPeptMPDB_ID_6284,pampa,-5.0300,2021_Kelly
CycPeptMPDB_ID_6285,pampa,-5.2200,2021_Kelly
CycPeptMPDB_ID_6286,pampa,-5.2200,2021_Kelly
CycPeptMPDB_ID_6287,pampa,-5.2000,2021_Kelly
CycPeptMPDB_ID_6288,pampa,-5.1100,2021_Kelly
CycPeptMPDB_ID_6289,pampa,-5.2200,2021_Kelly
CycPeptMPDB_ID_6290,pampa,-5.2900,2021_Kelly
CycPeptMPDB_ID_6291,pampa,-5.6700,2021_Kelly
CycPeptMPDB_ID_6292,pampa,-6.3500,2021_Kelly
CycPeptMPDB_ID_6293,pampa,-5.8900,2021_Kelly
CycPeptMPDB_ID_6294,pampa,-5.5100,2021_Kelly
CycPeptMPDB_ID_6295,pampa,-5.5000,2021_Kelly
CycPeptMPDB_ID_6296,pampa,-6.7900,2021_Kelly
CycPeptMPDB_ID_6297,pampa,-5.4900,2021_Kelly
CycPeptMPDB_ID_6298,pampa,-5.5100,2021_Kelly
CycPeptMPDB_ID_6299,pampa,-5.1100,2021_Kelly
CycPeptMPDB_ID_6300,pampa,-5.9300,2021_Kelly
CycPeptMPDB_ID_6301,pampa,-5.2500,2021_Kelly
CycPeptMPDB_ID_6302,pampa,-5.5900,2021_Kelly
CycPeptMPDB_ID_6303,pampa,-5.3000,2021_Kelly
CycPeptMPDB_ID_6304,pampa,-6.9600,2021_Kelly
CycPeptMPDB_ID_6305,pampa,-6.0900,2021_Kelly
CycPeptMPDB_ID_6306,pampa,-5.4600,2021_Kelly
CycPeptMPDB_ID_6307,pampa,-5.2900,2021_Kelly
CycPeptMPDB_ID_6308,pampa,-5.3000,2021_Kelly
CycPeptMPDB_ID_6309,pampa,-5.5700,2021_Kelly
CycPeptMPDB_ID_6310,pampa,-5.0800,2021_Kelly
CycPeptMPDB_ID_6311,pampa,-6.6000,2021_Kelly
CycPeptMPDB_ID_6312,pampa,-6.4000,2021_Kelly
CycPeptMPDB_ID_6313,pampa,-6.0400,2021_Kelly
CycPeptMPDB_ID_6314,pampa,-6.8400,2021_Kelly
CycPeptMPDB_ID_6315,pampa,-5.7400,2021_Kelly
CycPeptMPDB_ID_6316,pampa,-6.0900,2021_Kelly
CycPeptMPDB_ID_6317,pampa,-6.3000,2021_Kelly
CycPeptMPDB_ID_6318,pampa,-5.8400,2021_Kelly
CycPeptMPDB_ID_6319,pampa,-5.9400,2021_Kelly
CycPeptMPDB_ID_6320,pampa,-6.1100,2021_Kelly
CycPeptMPDB_ID_6321,pampa,-5.6800,2021_Kelly
CycPeptMPDB_ID_6322,pampa,-7.1000,2021_Kelly
CycPeptMPDB_ID_6323,pampa,-7.0200,2021_Kelly
CycPeptMPDB_ID_6324,pampa,-7.0000,2021_Kelly
CycPeptMPDB_ID_6325,pampa,-5.9500,2021_Kelly
CycPeptMPDB_ID_6326,pampa,-6.8500,2021_Kelly
CycPeptMPDB_ID_6327,pampa,-5.7100,2021_Kelly
CycPeptMPDB_ID_6328,pampa,-6.7000,2021_Kelly
CycPeptMPDB_ID_6329,pampa,-5.3500,2021_Kelly
CycPeptMPDB_ID_6330,pampa,-5.7200,2021_Kelly
CycPeptMPDB_ID_6331,pampa,-6.6800,2021_Kelly
CycPeptMPDB_ID_6332,pampa,-6.4900,2021_Kelly
CycPeptMPDB_ID_6333,pampa,-5.4500,2021_Kelly
CycPeptMPDB_ID_6334,pampa,-5.9000,2021_Kelly
CycPeptMPDB_ID_6335,pampa,-5.6000,2021_Kelly
CycPeptMPDB_ID_6336,pampa,-5.7700,2021_Kelly
CycPeptMPDB_ID_6337,pampa,-5.6000,2021_Kelly
CycPeptMPDB_ID_6338,pampa,-5.6200,2021_Kelly
CycPeptMPDB_ID_6339,pampa,-6.5300,2021_Kelly
CycPeptMPDB_ID_6340,pampa,-7.5200,2021_Kelly
CycPeptMPDB_ID_6341,pampa,-5.9300,2021_Kelly
CycPeptMPDB_ID_6342,pampa,-5.8200,2021_Kelly
CycPeptMPDB_ID_6343,pampa,-5.7100,2021_Kelly
CycPeptMPDB_ID_6344,pampa,-5.3700,2021_Kelly
CycPeptMPDB_ID_6345,pampa,-5.8400,2021_Kelly
CycPeptMPDB_ID_6346,pampa,-5.7100,2021_Kelly
CycPeptMPDB_ID_6347,pampa,-5.3000,2021_Kelly
CycPeptMPDB_ID_6348,pampa,-5.3000,2021_Kelly
CycPeptMPDB_ID_6349,pampa,-6.7400,2021_Kelly
CycPeptMPDB_ID_6350,pampa,-5.3100,2021_Kelly
CycPeptMPDB_ID_6351,pampa,-5.5000,2021_Kelly
CycPeptMPDB_ID_6352,pampa,-6.7400,2021_Kelly
CycPeptMPDB_ID_6353,pampa,-5.4100,2021_Kelly
CycPeptMPDB_ID_6354,pampa,-5.4700,2021_Kelly
CycPeptMPDB_ID_6355,pampa,-5.6300,2021_Kelly
CycPeptMPDB_ID_6356,pampa,-5.4300,2021_Kelly
CycPeptMPDB_ID_6357,pampa,-6.7800,2021_Kelly
CycPeptMPDB_ID_6358,pampa,-5.6100,2021_Kelly
CycPeptMPDB_ID_6359,pampa,-5.9300,2021_Kelly
CycPeptMPDB_ID_6360,pampa,-5.5300,2021_Kelly
CycPeptMPDB_ID_6361,pampa,-5.8700,2021_Kelly
CycPeptMPDB_ID_6362,pampa,-5.8200,2021_Kelly
CycPeptMPDB_ID_6363,pampa,-5.4400,2021_Kelly
CycPeptMPDB_ID_6364,pampa,-5.5100,2021_Kelly
CycPeptMPDB_ID_6365,pampa,-5.5500,2021_Kelly
CycPeptMPDB_ID_6366,pampa,-5.9500,2021_Kelly
CycPeptMPDB_ID_6367,pampa,-6.2500,2021_Kelly
CycPeptMPDB_ID_6368,pampa,-5.2900,2021_Kelly
CycPeptMPDB_ID_6369,pampa,-5.2200,2021_Kelly
CycPeptMPDB_ID_6370,pampa,-5.6200,2021_Kelly
CycPeptMPDB_ID_6371,pampa,-5.3500,2021_Kelly
CycPeptMPDB_ID_6372,pampa,-5.4100,2021_Kelly
CycPeptMPDB_ID_6373,pampa,-5.3100,2021_Kelly
CycPeptMPDB_ID_6374,pampa,-5.7600,2021_Kelly
CycPeptMPDB_ID_6375,pampa,-6.5000,2021_Kelly
CycPeptMPDB_ID_6376,pampa,-6.0500,2021_Kelly
CycPeptMPDB_ID_6377,pampa,-5.3600,2021_Kelly
CycPeptMPDB_ID_6378,pampa,-5.8300,2021_Kelly
CycPeptMPDB_ID_6379,pampa,-6.0000,2021_Kelly
CycPeptMPDB_ID_6380,pampa,-5.2600,2021_Kelly
CycPeptMPDB_ID_6381,pampa,-5.7900,2021_Kelly
CycPeptMPDB_ID_6382,pampa,-5.4100,2021_Kelly
CycPeptMPDB_ID_6383,pampa,-5.4600,2021_Kelly
CycPeptMPDB_ID_6384,pampa,-5.3200,2021_Kelly
CycPeptMPDB_ID_6385,pampa,-5.4400,2021_Kelly
CycPeptMPDB_ID_6386,pampa,-5.2500,2021_Kelly
CycPeptMPDB_ID_6387,pampa,-5.2900,2021_Kelly
CycPeptMPDB_ID_6388,pampa,-5.2700,2021_Kelly
CycPeptMPDB_ID_6389,pampa,-5.1700,2021_Kelly
CycPeptMPDB_ID_6390,pampa,-5.4600,2021_Kelly
CycPeptMPDB_ID_6391,pampa,-5.0900,2021_Kelly
CycPeptMPDB_ID_6392,pampa,-6.9200,2021_Kelly
CycPeptMPDB_ID_6393,pampa,-6.4300,2021_Kelly
CycPeptMPDB_ID_6394,pampa,-6.9200,2021_Kelly
CycPeptMPDB_ID_6395,pampa,-6.5400,2021_Kelly
CycPeptMPDB_ID_6396,pampa,-6.5000,2021_Kelly
CycPeptMPDB_ID_6397,pampa,-6.1700,2021_Kelly
CycPeptMPDB_ID_6398,pampa,-7.0100,2021_Kelly
CycPeptMPDB_ID_6399,pampa,-6.3600,2021_Kelly
CycPeptMPDB_ID_6400,pampa,-5.8600,2021_Kelly
CycPeptMPDB_ID_6401,pampa,-5.8700,2021_Kelly
CycPeptMPDB_ID_6402,pampa,-6.6900,2021_Kelly
CycPeptMPDB_ID_6403,pampa,-5.2700,2021_Kelly
CycPeptMPDB_ID_6404,pampa,-5.4500,2021_Kelly
CycPeptMPDB_ID_6405,pampa,-5.2300,2021_Kelly
CycPeptMPDB_ID_6406,pampa,-5.3400,2021_Kelly
CycPeptMPDB_ID_6407,pampa,-5.1600,2021_Kelly
CycPeptMPDB_ID_6408,pampa,-5.1100,2021_Kelly
CycPeptMPDB_ID_6409,pampa,-5.6100,2021_Kelly
CycPeptMPDB_ID_6410,pampa,-5.0500,2021_Kelly
CycPeptMPDB_ID_6411,pampa,-5.5800,2021_Kelly
CycPeptMPDB_ID_6412,pampa,-5.2100,2021_Kelly
CycPeptMPDB_ID_6413,pampa,-5.1300,2021_Kelly
CycPeptMPDB_ID_6414,pampa,-5.3100,2021_Kelly
CycPeptMPDB_ID_6415,pampa,-6.9700,2021_Kelly
CycPeptMPDB_ID_6416,pampa,-5.9300,2021_Kelly
CycPeptMPDB_ID_6417,pampa,-5.7100,2021_Kelly
CycPeptMPDB_ID_6418,pampa,-5.3900,2021_Kelly
CycPeptMPDB_ID_6419,pampa,-5.4000,2021_Kelly
CycPeptMPDB_ID_6420,pampa,-5.3100,2021_Kelly
CycPeptMPDB_ID_6421,pampa,-5.2800,2021_Kelly
CycPeptMPDB_ID_6422,pampa,-5.5700,2021_Kelly
CycPeptMPDB_ID_6423,pampa,-7.2100,2021_Kelly
CycPeptMPDB_ID_6424,pampa,-6.7100,2021_Kelly
CycPeptMPDB_ID_6425,pampa,-5.8400,2021_Kelly
CycPeptMPDB_ID_6426,pampa,-5.5800,2021_Kelly
CycPeptMPDB_ID_6427,pampa,-6.3200,2021_Kelly
CycPeptMPDB_ID_6428,pampa,-5.4800,2021_Kelly
CycPeptMPDB_ID_6429,pampa,-5.1800,2021_Kelly
CycPeptMPDB_ID_6430,pampa,-5.1700,2021_Kelly
CycPeptMPDB_ID_6431,pampa,-5.2600,2021_Kelly
CycPeptMPDB_ID_6432,pampa,-5.8500,2021_Kelly
CycPeptMPDB_ID_6433,pampa,-5.6600,2021_Kelly
CycPeptMPDB_ID_6434,pampa,-5.2200,2021_Kelly
CycPeptMPDB_ID_6435,pampa,-5.9300,2021_Kelly
CycPeptMPDB_ID_6436,pampa,-5.2800,2021_Kelly
CycPeptMPDB_ID_6437,pampa,-5.0700,2021_Kelly
CycPeptMPDB_ID_6438,pampa,-5.2800,2021_Kelly
CycPeptMPDB_ID_6439,pampa,-5.5600,2021_Kelly
CycPeptMPDB_ID_6440,pampa,-7.2900,2021_Kelly
CycPeptMPDB_ID_6441,pampa,-6.3600,2021_Kelly
CycPeptMPDB_ID_6442,pampa,-5.8500,2021_Kelly
CycPeptMPDB_ID_6443,pampa,-5.6200,2021_Kelly
CycPeptMPDB_ID_6444,pampa,-7.0600,2021_Kelly
CycPeptMPDB_ID_6445,pampa,-6.6300,2021_Kelly
CycPeptMPDB_ID_6446,pampa,-5.3900,2021_Kelly
CycPeptMPDB_ID_6447,pampa,-5.6600,2021_Kelly
CycPeptMPDB_ID_6448,pampa,-5.4400,2021_Kelly
CycPeptMPDB_ID_6449,pampa,-6.6100,2021_Kelly
CycPeptMPDB_ID_6450,pampa,-5.4100,2021_Kelly
CycPeptMPDB_ID_6451,pampa,-5.5600,2021_Kelly
CycPeptMPDB_ID_6452,pampa,-5.0500,2021_Kelly
CycPeptMPDB_ID_6453,pampa,-6.0900,2021_Kelly
CycPeptMPDB_ID_6454,pampa,-5.3500,2021_Kelly
CycPeptMPDB_ID_6455,pampa,-5.4200,2021_Kelly
CycPeptMPDB_ID_6456,pampa,-5.1700,2021_Kelly
CycPeptMPDB_ID_6457,pampa,-5.6700,2021_Kelly
CycPeptMPDB_ID_6458,pampa,-6.8700,2021_Kelly
CycPeptMPDB_ID_6459,pampa,-6.1800,2021_Kelly
CycPeptMPDB_ID_6460,pampa,-6.1400,2021_Kelly
CycPeptMPDB_ID_6461,pampa,-6.3500,2021_Kelly
CycPeptMPDB_ID_6462,pampa,-5.7900,2021_Kelly
CycPeptMPDB_ID_6463,pampa,-6.0100,2021_Kelly
CycPeptMPDB_ID_6464,pampa,-5.5800,2021_Kelly
CycPeptMPDB_ID_6465,pampa,-5.0300,2021_Kelly
CycPeptMPDB_ID_6466,pampa,-5.1400,2021_Kelly
CycPeptMPDB_ID_6467,pampa,-6.1000,2021_Kelly
CycPeptMPDB_ID_6468,pampa,-5.0500,2021_Kelly
CycPeptMPDB_ID_6469,pampa,-5.5300,2021_Kelly
CycPeptMPDB_ID_6470,pampa,-5.3200,2021_Kelly
CycPeptMPDB_ID_6471,pampa,-5.0900,2021_Kelly
CycPeptMPDB_ID_6472,pampa,-5.4200,2021_Kelly
CycPeptMPDB_ID_6473,pampa,-6.6500,2021_Kelly
CycPeptMPDB_ID_6474,pampa,-6.3500,2021_Kelly
CycPeptMPDB_ID_6475,pampa,-6.3100,2021_Kelly
CycPeptMPDB_ID_6476,pampa,-5.1400,2021_Kelly
CycPeptMPDB_ID_6477,pampa,-5.9000,2021_Kelly
CycPeptMPDB_ID_6478,pampa,-5.9400,2021_Kelly
CycPeptMPDB_ID_6479,pampa,-6.1100,2021_Kelly
CycPeptMPDB_ID_6480,pampa,-5.6500,2021_Kelly
CycPeptMPDB_ID_6481,pampa,-5.4400,2021_Kelly
CycPeptMPDB_ID_6482,pampa,-7.2600,2021_Kelly
CycPeptMPDB_ID_6483,pampa,-6.6600,2021_Kelly
CycPeptMPDB_ID_6484,pampa,-6.6800,2021_Kelly
CycPeptMPDB_ID_6485,pampa,-6.4500,2021_Kelly
CycPeptMPDB_ID_6486,pampa,-5.8900,2021_Kelly
CycPeptMPDB_ID_6487,pampa,-6.8300,2021_Kelly
CycPeptMPDB_ID_6488,pampa,-6.4300,2021_Kelly
CycPeptMPDB_ID_6489,pampa,-6.8900,2021_Kelly
CycPeptMPDB_ID_6490,pampa,-6.6300,2021_Kelly
CycPeptMPDB_ID_6491,pampa,-5.6400,2021_Kelly
CycPeptMPDB_ID_6492,pampa,-5.8900,2021_Kelly
CycPeptMPDB_ID_6493,pampa,-5.4000,2021_Kelly
CycPeptMPDB_ID_6494,pampa,-5.8900,2021_Kelly
CycPeptMPDB_ID_6495,pampa,-5.1300,2021_Kelly
CycPeptMPDB_ID_6496,pampa,-5.0600,2021_Kelly
CycPeptMPDB_ID_6497,pampa,-5.1900,2021_Kelly
CycPeptMPDB_ID_6498,pampa,-5.1500,2021_Kelly
CycPeptMPDB_ID_6499,pampa,-5.1300,2021_Kelly
CycPeptMPDB_ID_6500,pampa,-6.7900,2021_Kelly
CycPeptMPDB_ID_6501,pampa,-6.6200,2021_Kelly
CycPeptMPDB_ID_6502,pampa,-5.5600,2021_Kelly
CycPeptMPDB_ID_6503,pampa,-5.6900,2021_Kelly
CycPeptMPDB_ID_6504,pampa,-5.4900,2021_Kelly
CycPeptMPDB_ID_6505,pampa,-5.9300,2021_Kelly
CycPeptMPDB_ID_6506,pampa,-5.6300,2021_Kelly
CycPeptMPDB_ID_6507,pampa,-5.2900,2021_Kelly
CycPeptMPDB_ID_6508,pampa,-5.2200,2021_Kelly
CycPeptMPDB_ID_6509,pampa,-5.3200,2021_Kelly
CycPeptMPDB_ID_6510,pampa,-5.4000,2021_Kelly
CycPeptMPDB_ID_6511,pampa,-5.6600,2021_Kelly
CycPeptMPDB_ID_6512,pampa,-5.1400,2021_Kelly
CycPeptMPDB_ID_6513,pampa,-6.3800,2021_Kelly
CycPeptMPDB_ID_6514,pampa,-5.1800,2021_Kelly
CycPeptMPDB_ID_6515,pampa,-5.8100,2021_Kelly
CycPeptMPDB_ID_6516,pampa,-5.1300,2021_Kelly
CycPeptMPDB_ID_6517,pampa,-5.1800,2021_Kelly
CycPeptMPDB_ID_6518,pampa,-5.2500,2021_Kelly
CycPeptMPDB_ID_6519,pampa,-5.3200,2021_Kelly
CycPeptMPDB_ID_6520,pampa,-5.2000,2021_Kelly
CycPeptMPDB_ID_6521,pampa,-5.1300,2021_Kelly
CycPeptMPDB_ID_6522,pampa,-6.5000,2021_Kelly
CycPeptMPDB_ID_6523,pampa,-5.5500,2021_Kelly
CycPeptMPDB_ID_6524,pampa,-5.2600,2021_Kelly
CycPeptMPDB_ID_6525,pampa,-5.7200,2021_Kelly
CycPeptMPDB_ID_6526,pampa,-5.2200,2021_Kelly
CycPeptMPDB_ID_6527,pampa,-5.3800,2021_Kelly
CycPeptMPDB_ID_6528,pampa,-5.3100,2021_Kelly
CycPeptMPDB_ID_6529,pampa,-5.2300,2021_Kelly
CycPeptMPDB_ID_6530,pampa,-5.5800,2021_Kelly
CycPeptMPDB_ID_6531,pampa,-5.1000,2021_Kelly
CycPeptMPDB_ID_6532,pampa,-5.1100,2021_Kelly
CycPeptMPDB_ID_6533,pampa,-5.1700,2021_Kelly
CycPeptMPDB_ID_6534,pampa,-6.5000,2021_Kelly
CycPeptMPDB_ID_6535,pampa,-6.3800,2021_Kelly
CycPeptMPDB_ID_6536,pampa,-6.3900,2021_Kelly
CycPeptMPDB_ID_6537,pampa,-5.8500,2021_Kelly
CycPeptMPDB_ID_6538,pampa,-5.2500,2021_Kelly
CycPeptMPDB_ID_6539,pampa,-5.1000,2021_Kelly
CycPeptMPDB_ID_6540,pampa,-5.0900,2021_Kelly
CycPeptMPDB_ID_6541,pampa,-5.4700,2021_Kelly
CycPeptMPDB_ID_6542,pampa,-4.9900,2021_Kelly
CycPeptMPDB_ID_6543,pampa,-6.3100,2021_Kelly
CycPeptMPDB_ID_6544,pampa,-6.5700,2021_Kelly
CycPeptMPDB_ID_6545,pampa,-5.6900,2021_Kelly
CycPeptMPDB_ID_6546,pampa,-8.0000,2021_Kelly
CycPeptMPDB_ID_6547,pampa,-6.5000,2021_Kelly
CycPeptMPDB_ID_6548,pampa,-6.7200,2021_Kelly
CycPeptMPDB_ID_6549,pampa,-5.3700,2021_Kelly
CycPeptMPDB_ID_6550,pampa,-6.2400,2021_Kelly
CycPeptMPDB_ID_6551,pampa,-5.3200,2021_Kelly
CycPeptMPDB_ID_6552,pampa,-6.6100,2021_Kelly
CycPeptMPDB_ID_6553,pampa,-5.5300,2021_Kelly
CycPeptMPDB_ID_6554,pampa,-6.4900,2021_Kelly
CycPeptMPDB_ID_6555,pampa,-5.4900,2021_Kelly
CycPeptMPDB_ID_6556,pampa,-5.3200,2021_Kelly
CycPeptMPDB_ID_6557,pampa,-5.7200,2021_Kelly
CycPeptMPDB_ID_6558,pampa,-5.4800,2021_Kelly
CycPeptMPDB_ID_6559,pampa,-5.3300,2021_Kelly
CycPeptMPDB_ID_6560,pampa,-5.4900,2021_Kelly
CycPeptMPDB_ID_6561,pampa,-5.5800,2021_Kelly
CycPeptMPDB_ID_6562,pampa,-5.4400,2021_Kelly
CycPeptMPDB_ID_6563,pampa,-5.2100,2021_Kelly
CycPeptMPDB_ID_6564,pampa,-5.3400,2021_Kelly
CycPeptMPDB_ID_6565,pampa,-5.2200,2021_Kelly
CycPeptMPDB_ID_6566,pampa,-5.2300,2021_Kelly
CycPeptMPDB_ID_6567,pampa,-5.5300,2021_Kelly
CycPeptMPDB_ID_6568,pampa,-5.7300,2021_Kelly
CycPeptMPDB_ID_6569,pampa,-5.1700,2021_Kelly
CycPeptMPDB_ID_6570,pampa,-5.5700,2021_Kelly
CycPeptMPDB_ID_6571,pampa,-5.1000,2021_Kelly
CycPeptMPDB_ID_6572,pampa,-5.2500,2021_Kelly
CycPeptMPDB_ID_6573,pampa,-5.2900,2021_Kelly
CycPeptMPDB_ID_6574,pampa,-5.2300,2021_Kelly
CycPeptMPDB_ID_6575,pampa,-5.4000,2021_Kelly
CycPeptMPDB_ID_6576,pampa,-5.3000,2021_Kelly
CycPeptMPDB_ID_6577,pampa,-5.3900,2021_Kelly
CycPeptMPDB_ID_6578,pampa,-5.2100,2021_Kelly
CycPeptMPDB_ID_6579,pampa,-5.8900,2021_Kelly
CycPeptMPDB_ID_6580,pampa,-5.2300,2021_Kelly
CycPeptMPDB_ID_6581,pampa,-6.2300,2021_Kelly
CycPeptMPDB_ID_6582,pampa,-5.3000,2021_Kelly
CycPeptMPDB_ID_6583,pampa,-5.2900,2021_Kelly
CycPeptMPDB_ID_6584,pampa,-5.3300,2021_Kelly
CycPeptMPDB_ID_6585,pampa,-5.5500,2021_Kelly
CycPeptMPDB_ID_6586,pampa,-5.1900,2021_Kelly
CycPeptMPDB_ID_6587,pampa,-5.3200,2021_Kelly
CycPeptMPDB_ID_6588,pampa,-5.1700,2021_Kelly
CycPeptMPDB_ID_6589,pampa,-5.2900,2021_Kelly
CycPeptMPDB_ID_6590,pampa,-5.4100,2021_Kelly
CycPeptMPDB_ID_6591,pampa,-5.6900,2021_Kelly
CycPeptMPDB_ID_6592,pampa,-5.4300,2021_Kelly
CycPeptMPDB_ID_6593,pampa,-5.3700,2021_Kelly
CycPeptMPDB_ID_6594,pampa,-5.9800,2021_Kelly
CycPeptMPDB_ID_6595,pampa,-5.3600,2021_Kelly
CycPeptMPDB_ID_6596,pampa,-7.1900,2021_Kelly
CycPeptMPDB_ID_6597,pampa,-6.3100,2021_Kelly
CycPeptMPDB_ID_6598,pampa,-6.6300,2021_Kelly
CycPeptMPDB_ID_6599,pampa,-6.0700,2021_Kelly
CycPeptMPDB_ID_6600,pampa,-5.8500,2021_Kelly
CycPeptMPDB_ID_6601,pampa,-7.4900,2021_Kelly
CycPeptMPDB_ID_6602,pampa,-7.5900,2021_Kelly
CycPeptMPDB_ID_6603,pampa,-6.9700,2021_Kelly
CycPeptMPDB_ID_6604,pampa,-6.3600,2021_Kelly
CycPeptMPDB_ID_6605,pampa,-7.1800,2021_Kelly
CycPeptMPDB_ID_6606,pampa,-6.1300,2021_Kelly
CycPeptMPDB_ID_6607,pampa,-6.7300,2021_Kelly
CycPeptMPDB_ID_6608,pampa,-6.3400,2021_Kelly
CycPeptMPDB_ID_6609,pampa,-5.8600,2021_Kelly
CycPeptMPDB_ID_6610,pampa,-6.6600,2021_Kelly
CycPeptMPDB_ID_6611,pampa,-6.2800,2021_Kelly
CycPeptMPDB_ID_6612,pampa,-6.4100,2021_Kelly
CycPeptMPDB_ID_6613,pampa,-5.9200,2021_Kelly
CycPeptMPDB_ID_6614,pampa,-5.5000,2021_Kelly
CycPeptMPDB_ID_6615,pampa,-5.6900,2021_Kelly
CycPeptMPDB_ID_6616,pampa,-5.5400,2021_Kelly
CycPeptMPDB_ID_6617,pampa,-5.4500,2021_Kelly
CycPeptMPDB_ID_6618,pampa,-7.2400,2021_Kelly
CycPeptMPDB_ID_6619,pampa,-6.3800,2021_Kelly
CycPeptMPDB_ID_6620,pampa,-6.0900,2021_Kelly
CycPeptMPDB_ID_6621,pampa,-6.3800,2021_Kelly
CycPeptMPDB_ID_6622,pampa,-5.4800,2021_Kelly
CycPeptMPDB_ID_6623,pampa,-6.9000,2021_Kelly
CycPeptMPDB_ID_6624,pampa,-6.0500,2021_Kelly
CycPeptMPDB_ID_6625,pampa,-6.3500,2021_Kelly
CycPeptMPDB_ID_6626,pampa,-5.6700,2021_Kelly
CycPeptMPDB_ID_6627,pampa,-5.6700,2021_Kelly
CycPeptMPDB_ID_6628,pampa,-5.4900,2021_Kelly
CycPeptMPDB_ID_6629,pampa,-6.1900,2021_Kelly
CycPeptMPDB_ID_6630,pampa,-5.5900,2021_Kelly
CycPeptMPDB_ID_6631,pampa,-5.4800,2021_Kelly
CycPeptMPDB_ID_6632,pampa,-7.2400,2021_Kelly
CycPeptMPDB_ID_6633,pampa,-5.6200,2021_Kelly
CycPeptMPDB_ID_6634,pampa,-5.6200,2021_Kelly
CycPeptMPDB_ID_6635,pampa,-5.7000,2021_Kelly
CycPeptMPDB_ID_6636,pampa,-5.4600,2021_Kelly
CycPeptMPDB_ID_6637,pampa,-6.0100,2021_Kelly
CycPeptMPDB_ID_6638,pampa,-6.4500,2021_Kelly
CycPeptMPDB_ID_6639,pampa,-5.7000,2021_Kelly
CycPeptMPDB_ID_6640,pampa,-6.4500,2021_Kelly
CycPeptMPDB_ID_6641,pampa,-5.7000,2021_Kelly
CycPeptMPDB_ID_6642,pampa,-6.8000,2021_Kelly
CycPeptMPDB_ID_6643,pampa,-5.5100,2021_Kelly
CycPeptMPDB_ID_6644,pampa,-5.5500,2021_Kelly
CycPeptMPDB_ID_6645,pampa,-6.8500,2021_Kelly
CycPeptMPDB_ID_6646,pampa,-6.2000,2021_Kelly
CycPeptMPDB_ID_6647,pampa,-5.5800,2021_Kelly
CycPeptMPDB_ID_6648,pampa,-5.5100,2021_Kelly
CycPeptMPDB_ID_6649,pampa,-6.7600,2021_Kelly
CycPeptMPDB_ID_6650,pampa,-6.4500,2021_Kelly
CycPeptMPDB_ID_6651,pampa,-5.7900,2021_Kelly
CycPeptMPDB_ID_6652,pampa,-5.8600,2021_Kelly
CycPeptMPDB_ID_6653,pampa,-5.0900,2021_Kelly
CycPeptMPDB_ID_6654,pampa,-5.7200,2021_Kelly
CycPeptMPDB_ID_6655,pampa,-7.4000,2021_Kelly
CycPeptMPDB_ID_6656,pampa,-6.3100,2021_Kelly
CycPeptMPDB_ID_6657,pampa,-6.4100,2021_Kelly
CycPeptMPDB_ID_6658,pampa,-7.3300,2021_Kelly
CycPeptMPDB_ID_6659,pampa,-5.2200,2021_Kelly
CycPeptMPDB_ID_6660,pampa,-6.9300,2021_Kelly
CycPeptMPDB_ID_6661,pampa,-7.0600,2021_Kelly
CycPeptMPDB_ID_6662,pampa,-5.4600,2021_Kelly
CycPeptMPDB_ID_6663,pampa,-5.7300,2021_Kelly
CycPeptMPDB_ID_6664,pampa,-5.7700,2021_Kelly
CycPeptMPDB_ID_6665,pampa,-6.0500,2021_Kelly
CycPeptMPDB_ID_6666,pampa,-7.8200,2021_Kelly
CycPeptMPDB_ID_6667,pampa,-6.9200,2021_Kelly
CycPeptMPDB_ID_6668,pampa,-8.7000,2021_Kelly
CycPeptMPDB_ID_6669,pampa,-6.1200,2021_Kelly
CycPeptMPDB_ID_6670,pampa,-5.2500,2021_Kelly
CycPeptMPDB_ID_6671,pampa,-5.4300,2021_Kelly
CycPeptMPDB_ID_6672,pampa,-5.6100,2021_Kelly
CycPeptMPDB_ID_6673,pampa,-5.3000,2021_Kelly
CycPeptMPDB_ID_6674,pampa,-5.1900,2021_Kelly
CycPeptMPDB_ID_6675,pampa,-5.9200,2021_Kelly
CycPeptMPDB_ID_6676,pampa,-6.8500,2021_Kelly
CycPeptMPDB_ID_6677,pampa,-5.6400,2021_Kelly
CycPeptMPDB_ID_6678,pampa,-6.5700,2021_Kelly
CycPeptMPDB_ID_6679,pampa,-5.4300,2021_Kelly
CycPeptMPDB_ID_6680,pampa,-5.4100,2021_Kelly
CycPeptMPDB_ID_6681,pampa,-7.0000,2021_Kelly
CycPeptMPDB_ID_6682,pampa,-5.4500,2021_Kelly
CycPeptMPDB_ID_6683,pampa,-6.5500,2021_Kelly
CycPeptMPDB_ID_6684,pampa,-5.4300,2021_Kelly
CycPeptMPDB_ID_6685,pampa,-6.7200,2021_Kelly
CycPeptMPDB_ID_6686,pampa,-5.3600,2021_Kelly
CycPeptMPDB_ID_6687,pampa,-5.5800,2021_Kelly
CycPeptMPDB_ID_6688,pampa,-5.6800,2021_Kelly
CycPeptMPDB_ID_6689,pampa,-5.6300,2021_Kelly
CycPeptMPDB_ID_6690,pampa,-5.0800,2021_Kelly
CycPeptMPDB_ID_6691,pampa,-5.5600,2021_Kelly
CycPeptMPDB_ID_6692,pampa,-6.5900,2021_Kelly
CycPeptMPDB_ID_6693,pampa,-7.4400,2021_Kelly
CycPeptMPDB_ID_6694,pampa,-6.3900,2021_Kelly
CycPeptMPDB_ID_6695,pampa,-6.6600,2021_Kelly
CycPeptMPDB_ID_6696,pampa,-6.5800,2021_Kelly
CycPeptMPDB_ID_6697,pampa,-6.2900,2021_Kelly
CycPeptMPDB_ID_6698,pampa,-6.8900,2021_Kelly
CycPeptMPDB_ID_6699,pampa,-6.9000,2021_Kelly
CycPeptMPDB_ID_6700,pampa,-5.8600,2021_Kelly
CycPeptMPDB_ID_6701,pampa,-6.0000,2021_Kelly
CycPeptMPDB_ID_6702,pampa,-6.2100,2021_Kelly
CycPeptMPDB_ID_6703,pampa,-6.2600,2021_Kelly
CycPeptMPDB_ID_6704,pampa,-5.5800,2021_Kelly
CycPeptMPDB_ID_6705,pampa,-5.8200,2021_Kelly
CycPeptMPDB_ID_6706,pampa,-7.0500,2021_Kelly
CycPeptMPDB_ID_6707,pampa,-6.0400,2021_Kelly
CycPeptMPDB_ID_6708,pampa,-6.6700,2021_Kelly
CycPeptMPDB_ID_6709,pampa,-5.8200,2021_Kelly
CycPeptMPDB_ID_6710,pampa,-5.4800,2021_Kelly
CycPeptMPDB_ID_6711,pampa,-5.7800,2021_Kelly
CycPeptMPDB_ID_6712,pampa,-5.2500,2021_Kelly
CycPeptMPDB_ID_6713,pampa,-5.9000,2021_Kelly
CycPeptMPDB_ID_6714,pampa,-6.9500,2021_Kelly
CycPeptMPDB_ID_6715,pampa,-5.7600,2021_Kelly
CycPeptMPDB_ID_6716,pampa,-5.5000,2021_Kelly
CycPeptMPDB_ID_6717,pampa,-5.5200,2021_Kelly
CycPeptMPDB_ID_6718,pampa,-6.0900,2021_Kelly
CycPeptMPDB_ID_6719,pampa,-5.3100,2021_Kelly
CycPeptMPDB_ID_6720,pampa,-5.6100,2021_Kelly
CycPeptMPDB_ID_6721,pampa,-5.9300,2021_Kelly
CycPeptMPDB_ID_6722,pampa,-5.9600,2021_Kelly
CycPeptMPDB_ID_6723,pampa,-5.3700,2021_Kelly
CycPeptMPDB_ID_6724,pampa,-5.4800,2021_Kelly
CycPeptMPDB_ID_6725,pampa,-5.2900,2021_Kelly
CycPeptMPDB_ID_6726,pampa,-5.1800,2021_Kelly
CycPeptMPDB_ID_6727,pampa,-5.2100,2021_Kelly
CycPeptMPDB_ID_6728,pampa,-5.8300,2021_Kelly
CycPeptMPDB_ID_6729,pampa,-6.1500,2021_Kelly
CycPeptMPDB_ID_6730,pampa,-5.2700,2021_Kelly
CycPeptMPDB_ID_6731,pampa,-5.3000,2021_Kelly
CycPeptMPDB_ID_6732,pampa,-5.4600,2021_Kelly
CycPeptMPDB_ID_6733,pampa,-7.3000,2021_Kelly
CycPeptMPDB_ID_6734,pampa,-7.0200,2021_Kelly
CycPeptMPDB_ID_6735,pampa,-7.0800,2021_Kelly
CycPeptMPDB_ID_6736,pampa,-6.0000,2021_Kelly
CycPeptMPDB_ID_6737,pampa,-6.1400,2021_Kelly
CycPeptMPDB_ID_6738,pampa,-5.6900,2021_Kelly
CycPeptMPDB_ID_6739,pampa,-7.2600,2021_Kelly
CycPeptMPDB_ID_6740,pampa,-6.0800,2021_Kelly
CycPeptMPDB_ID_6741,pampa,-6.5100,2021_Kelly
CycPeptMPDB_ID_6742,pampa,-6.9400,2021_Kelly
CycPeptMPDB_ID_6743,pampa,-6.7800,2021_Kelly
CycPeptMPDB_ID_6744,pampa,-6.6900,2021_Kelly
CycPeptMPDB_ID_6745,pampa,-6.4400,2021_Kelly
CycPeptMPDB_ID_6746,pampa,-6.0500,2021_Kelly
CycPeptMPDB_ID_6747,pampa,-6.0500,2021_Kelly
CycPeptMPDB_ID_6748,pampa,-5.7800,2021_Kelly
CycPeptMPDB_ID_6749,pampa,-5.2100,2021_Kelly
CycPeptMPDB_ID_6750,pampa,-5.4400,2021_Kelly
CycPeptMPDB_ID_6751,pampa,-5.3000,2021_Kelly
CycPeptMPDB_ID_6752,pampa,-6.1800,2021_Kelly
CycPeptMPDB_ID_6753,pampa,-5.9600,2021_Kelly
CycPeptMPDB_ID_6754,pampa,-5.6700,2021_Kelly
CycPeptMPDB_ID_6755,pampa,-6.3500,2021_Kelly
CycPeptMPDB_ID_6756,pampa,-6.3800,2021_Kelly
CycPeptMPDB_ID_6757,pampa,-5.4900,2021_Kelly
CycPeptMPDB_ID_6758,pampa,-6.0900,2021_Kelly
CycPeptMPDB_ID_6759,pampa,-5.3300,2021_Kelly
CycPeptMPDB_ID_6760,pampa,-5.0100,2021_Kelly
CycPeptMPDB_ID_6761,pampa,-5.4100,2021_Kelly
CycPeptMPDB_ID_6762,pampa,-5.2200,2021_Kelly
CycPeptMPDB_ID_6763,pampa,-5.2000,2021_Kelly
CycPeptMPDB_ID_6764,pampa,-5.1800,2021_Kelly
CycPeptMPDB_ID_6765,pampa,-5.0100,2021_Kelly
CycPeptMPDB_ID_6766,pampa,-5.0600,2021_Kelly
CycPeptMPDB_ID_6767,pampa,-5.1000,2021_Kelly
CycPeptMPDB_ID_6768,pampa,-6.8100,2021_Kelly
CycPeptMPDB_ID_6769,pampa,-7.3200,2021_Kelly
CycPeptMPDB_ID_6770,pampa,-7.5500,2021_Kelly
CycPeptMPDB_ID_6771,pampa,-6.7700,2021_Kelly
CycPeptMPDB_ID_6772,pampa,-6.0100,2021_Kelly
CycPeptMPDB_ID_6773,pampa,-5.8600,2021_Kelly
CycPeptMPDB_ID_6774,pampa,-6.0300,2021_Kelly
CycPeptMPDB_ID_6775,pampa,-6.0300,2021_Kelly
CycPeptMPDB_ID_6776,pampa,-5.6400,2021_Kelly
CycPeptMPDB_ID_6777,pampa,-5.9700,2021_Kelly
CycPeptMPDB_ID_6778,pampa,-5.7000,2021_Kelly
CycPeptMPDB_ID_6779,pampa,-5.9000,2021_Kelly
CycPeptMPDB_ID_6780,pampa,-5.7600,2021_Kelly
CycPeptMPDB_ID_6781,pampa,-4.8000,2021_Kelly
CycPeptMPDB_ID_6782,pampa,-5.0000,2021_Kelly
CycPeptMPDB_ID_6783,pampa,-5.4000,2021_Kelly
CycPeptMPDB_ID_6784,pampa,-6.5700,2021_Kelly
CycPeptMPDB_ID_6785,pampa,-6.0000,2021_Kelly
CycPeptMPDB_ID_6786,pampa,-6.5700,2021_Kelly
CycPeptMPDB_ID_6787,pampa,-5.8200,2021_Kelly
CycPeptMPDB_ID_6788,pampa,-6.1300,2021_Kelly
CycPeptMPDB_ID_6789,pampa,-5.9800,2021_Kelly
CycPeptMPDB_ID_6790,pampa,-5.7600,2021_Kelly
CycPeptMPDB_ID_6791,pampa,-6.1000,2021_Kelly
CycPeptMPDB_ID_6792,pampa,-5.5300,2021_Kelly
CycPeptMPDB_ID_6793,pampa,-5.7000,2021_Kelly
CycPeptMPDB_ID_6794,pampa,-5.8700,2021_Kelly
CycPeptMPDB_ID_6795,pampa,-6.6700,2021_Kelly
CycPeptMPDB_ID_6796,pampa,-6.5000,2021_Kelly
CycPeptMPDB_ID_6797,pampa,-7.8500,2021_Kelly
CycPeptMPDB_ID_6798,pampa,-6.7800,2021_Kelly
CycPeptMPDB_ID_6799,pampa,-7.4300,2021_Kelly
CycPeptMPDB_ID_6800,pampa,-6.1000,2021_Kelly
CycPeptMPDB_ID_6801,pampa,-6.1700,2021_Kelly
CycPeptMPDB_ID_6802,pampa,-6.2000,2021_Kelly
CycPeptMPDB_ID_6803,pampa,-6.3700,2021_Kelly
CycPeptMPDB_ID_6804,pampa,-6.6200,2021_Kelly
CycPeptMPDB_ID_6805,pampa,-6.6800,2021_Kelly
CycPeptMPDB_ID_6806,pampa,-7.1300,2021_Kelly
CycPeptMPDB_ID_6807,pampa,-5.5600,2021_Kelly
CycPeptMPDB_ID_6808,pampa,-4.9400,2021_Kelly
CycPeptMPDB_ID_6809,pampa,-5.5200,2021_Kelly
CycPeptMPDB_ID_6810,pampa,-6.0600,2021_Kelly
CycPeptMPDB_ID_6811,pampa,-5.4500,2021_Kelly
CycPeptMPDB_ID_6812,pampa,-5.6700,2021_Kelly
CycPeptMPDB_ID_6813,pampa,-5.9800,2021_Kelly
CycPeptMPDB_ID_6814,pampa,-5.7900,2021_Kelly
CycPeptMPDB_ID_6815,pampa,-5.5300,2021_Kelly
CycPeptMPDB_ID_6816,pampa,-5.1900,2021_Kelly
CycPeptMPDB_ID_6817,pampa,-5.5100,2021_Kelly
CycPeptMPDB_ID_6818,pampa,-6.9200,2021_Kelly
CycPeptMPDB_ID_6819,pampa,-5.4000,2021_Kelly
CycPeptMPDB_ID_6820,pampa,-5.4400,2021_Kelly
CycPeptMPDB_ID_6821,pampa,-6.0100,2021_Kelly
CycPeptMPDB_ID_6822,pampa,-5.3300,2021_Kelly
CycPeptMPDB_ID_6823,pampa,-5.0700,2021_Kelly
CycPeptMPDB_ID_6824,pampa,-5.0900,2021_Kelly
CycPeptMPDB_ID_6825,pampa,-5.0700,2021_Kelly
CycPeptMPDB_ID_6826,pampa,-5.3200,2021_Kelly
CycPeptMPDB_ID_6827,pampa,-5.2000,2021_Kelly
CycPeptMPDB_ID_6828,pampa,-5.0100,2021_Kelly
CycPeptMPDB_ID_6829,pampa,-5.0700,2021_Kelly
CycPeptMPDB_ID_6830,pampa,-5.0900,2021_Kelly
CycPeptMPDB_ID_6831,pampa,-5.8000,2021_Kelly
CycPeptMPDB_ID_6832,pampa,-5.0900,2021_Kelly
CycPeptMPDB_ID_6833,pampa,-5.2200,2021_Kelly
CycPeptMPDB_ID_6834,pampa,-5.2300,2021_Kelly
CycPeptMPDB_ID_6835,pampa,-4.9300,2021_Kelly
CycPeptMPDB_ID_6836,pampa,-4.9500,2021_Kelly
CycPeptMPDB_ID_6837,pampa,-5.5100,2021_Kelly
CycPeptMPDB_ID_6838,pampa,-5.1200,2021_Kelly
CycPeptMPDB_ID_6839,pampa,-4.8100,2021_Kelly
CycPeptMPDB_ID_6840,pampa,-4.9100,2021_Kelly
CycPeptMPDB_ID_6841,pampa,-5.3200,2021_Kelly
CycPeptMPDB_ID_6842,pampa,-4.9200,2021_Kelly
CycPeptMPDB_ID_6843,pampa,-5.6800,2021_Kelly
CycPeptMPDB_ID_6844,pampa,-5.2700,2021_Kelly
CycPeptMPDB_ID_6845,pampa,-5.1100,2021_Kelly
CycPeptMPDB_ID_6846,pampa,-5.0900,2021_Kelly
CycPeptMPDB_ID_6847,pampa,-5.1500,2021_Kelly
CycPeptMPDB_ID_6848,pampa,-5.0800,2021_Kelly
CycPeptMPDB_ID_6849,pampa,-5.0000,2021_Kelly
CycPeptMPDB_ID_6850,pampa,-5.0500,2021_Kelly
CycPeptMPDB_ID_6851,pampa,-5.1400,2021_Kelly
CycPeptMPDB_ID_6852,pampa,-5.6400,2021_Kelly
CycPeptMPDB_ID_6853,pampa,-5.0800,2021_Kelly
CycPeptMPDB_ID_6854,pampa,-6.3300,2021_Kelly
CycPeptMPDB_ID_6855,pampa,-6.5700,2021_Kelly
CycPeptMPDB_ID_6856,pampa,-6.6300,2021_Kelly
CycPeptMPDB_ID_6857,pampa,-7.0800,2021_Kelly
CycPeptMPDB_ID_6858,pampa,-6.0500,2021_Kelly
CycPeptMPDB_ID_6859,pampa,-6.1500,2021_Kelly
CycPeptMPDB_ID_6860,pampa,-4.8900,2021_Kelly
CycPeptMPDB_ID_6861,pampa,-5.0100,2021_Kelly
CycPeptMPDB_ID_6862,pampa,-5.8200,2021_Kelly
CycPeptMPDB_ID_6863,pampa,-6.4700,2021_Kelly
CycPeptMPDB_ID_6864,pampa,-6.2700,2021_Kelly
CycPeptMPDB_ID_6865,pampa,-5.8200,2021_Kelly
CycPeptMPDB_ID_6866,pampa,-5.9900,2021_Kelly
CycPeptMPDB_ID_6867,pampa,-6.3000,2021_Kelly
CycPeptMPDB_ID_6868,pampa,-5.5900,2021_Kelly
CycPeptMPDB_ID_6869,pampa,-6.4500,2021_Kelly
CycPeptMPDB_ID_6870,pampa,-6.6900,2021_Kelly
CycPeptMPDB_ID_6871,pampa,-6.4000,2021_Kelly
CycPeptMPDB_ID_6872,pampa,-5.1800,2021_Kelly
CycPeptMPDB_ID_6873,pampa,-5.2400,2021_Kelly
CycPeptMPDB_ID_6874,pampa,-5.8300,2021_Kelly
CycPeptMPDB_ID_6875,pampa,-5.9600,2021_Kelly
CycPeptMPDB_ID_6876,pampa,-6.0700,2021_Kelly
CycPeptMPDB_ID_6877,pampa,-5.1400,2021_Kelly
CycPeptMPDB_ID_6878,pampa,-5.9300,2021_Kelly
CycPeptMPDB_ID_6879,pampa,-5.0800,2021_Kelly
CycPeptMPDB_ID_6880,pampa,-4.9100,2021_Kelly
CycPeptMPDB_ID_6881,pampa,-5.2800,2021_Kelly
CycPeptMPDB_ID_6882,pampa,-5.3200,2021_Kelly
CycPeptMPDB_ID_6883,pampa,-5.3800,2021_Kelly
CycPeptMPDB_ID_6884,pampa,-5.1200,2021_Kelly
CycPeptMPDB_ID_6885,pampa,-5.2600,2021_Kelly
CycPeptMPDB_ID_6886,pampa,-4.9700,2021_Kelly
CycPeptMPDB_ID_6887,pampa,-5.1100,2021_Kelly
CycPeptMPDB_ID_6888,pampa,-5.6400,2021_Kelly
CycPeptMPDB_ID_6889,pampa,-6.6800,2021_Kelly
CycPeptMPDB_ID_6890,pampa,-6.5900,2021_Kelly
CycPeptMPDB_ID_6891,pampa,-6.2000,2021_Kelly
CycPeptMPDB_ID_6892,pampa,-6.7600,2021_Kelly
CycPeptMPDB_ID_6893,pampa,-6.5100,2021_Kelly
CycPeptMPDB_ID_6894,pampa,-5.6300,2021_Kelly
CycPeptMPDB_ID_6895,pampa,-5.6200,2021_Kelly
CycPeptMPDB_ID_6896,pampa,-6.1600,2021_Kelly
CycPeptMPDB_ID_6897,pampa,-5.9000,2021_Kelly
CycPeptMPDB_ID_6898,pampa,-5.8300,2021_Kelly
CycPeptMPDB_ID_6899,pampa,-6.6500,2021_Kelly
CycPeptMPDB_ID_6900,pampa,-6.6400,2021_Kelly
CycPeptMPDB_ID_6901,pampa,-5.9500,2021_Kelly
CycPeptMPDB_ID_6902,pampa,-6.2200,2021_Kelly
CycPeptMPDB_ID_6903,pampa,-5.5400,2021_Kelly
CycPeptMPDB_ID_6904,pampa,-5.9700,2021_Kelly
CycPeptMPDB_ID_6905,pampa,-5.1700,2021_Kelly
CycPeptMPDB_ID_6906,pampa,-5.0700,2021_Kelly
CycPeptMPDB_ID_6907,pampa,-6.1600,2021_Kelly
CycPeptMPDB_ID_6908,pampa,-5.9100,2021_Kelly
CycPeptMPDB_ID_6909,pampa,-5.7500,2021_Kelly
CycPeptMPDB_ID_6910,pampa,-5.6700,2021_Kelly
CycPeptMPDB_ID_6911,pampa,-5.8400,2021_Kelly
CycPeptMPDB_ID_6912,pampa,-5.4100,2021_Kelly
CycPeptMPDB_ID_6913,pampa,-5.1900,2021_Kelly
CycPeptMPDB_ID_6914,pampa,-5.6500,2021_Kelly
CycPeptMPDB_ID_6915,pampa,-5.6200,2021_Kelly
CycPeptMPDB_ID_6916,pampa,-5.6100,2021_Kelly
CycPeptMPDB_ID_6917,pampa,-5.5700,2021_Kelly
CycPeptMPDB_ID_6918,pampa,-5.4200,2021_Kelly
CycPeptMPDB_ID_6919,pampa,-5.7100,2021_Kelly
CycPeptMPDB_ID_6920,pampa,-6.2100,2021_Kelly
CycPeptMPDB_ID_6921,pampa,-5.4900,2021_Kelly
CycPeptMPDB_ID_6922,pampa,-5.7400,2021_Kelly
CycPeptMPDB_ID_6923,pampa,-5.1100,2021_Kelly
CycPeptMPDB_ID_6924,pampa,-5.9300,2021_Kelly
CycPeptMPDB_ID_6925,pampa,-4.6400,2021_Kelly
CycPeptMPDB_ID_6926,pampa,-6.1100,2021_Kelly
CycPeptMPDB_ID_6927,pampa,-5.8000,2021_Kelly
CycPeptMPDB_ID_6928,pampa,-5.7300,2021_Kelly
CycPeptMPDB_ID_6929,pampa,-5.5100,2021_Kelly
CycPeptMPDB_ID_6930,pampa,-5.3200,2021_Kelly
CycPeptMPDB_ID_6931,pampa,-5.0900,2021_Kelly
CycPeptMPDB_ID_6932,pampa,-5.2500,2021_Kelly
CycPeptMPDB_ID_6933,pampa,-5.8400,2021_Kelly
CycPeptMPDB_ID_6934,pampa,-5.2200,2021_Kelly
CycPeptMPDB_ID_6935,pampa,-4.9600,2021_Kelly
CycPeptMPDB_ID_6936,pampa,-5.5700,2021_Kelly
CycPeptMPDB_ID_6937,pampa,-4.9600,2021_Kelly
CycPeptMPDB_ID_6938,pampa,-5.1100,2021_Kelly
CycPeptMPDB_ID_6939,pampa,-5.1200,2021_Kelly
CycPeptMPDB_ID_6940,pampa,-5.0100,2021_Kelly
CycPeptMPDB_ID_6941,pampa,-5.0600,2021_Kelly
CycPeptMPDB_ID_6942,pampa,-5.1200,2021_Kelly
CycPeptMPDB_ID_6943,pampa,-5.0900,2021_Kelly
CycPeptMPDB_ID_6944,pampa,-5.2500,2021_Kelly
CycPeptMPDB_ID_6945,pampa,-4.9200,2021_Kelly
CycPeptMPDB_ID_6946,pampa,-5.1200,2021_Kelly
CycPeptMPDB_ID_6947,pampa,-5.2400,2021_Kelly
CycPeptMPDB_ID_6948,pampa,-6.2800,2021_Kelly
CycPeptMPDB_ID_6949,pampa,-5.2100,2021_Kelly
CycPeptMPDB_ID_6950,pampa,-4.9200,2021_Kelly
CycPeptMPDB_ID_6951,pampa,-4.9000,2021_Kelly
CycPeptMPDB_ID_6952,pampa,-5.1000,2021_Kelly
CycPeptMPDB_ID_6953,pampa,-5.0100,2021_Kelly
CycPeptMPDB_ID_6954,pampa,-4.9600,2021_Kelly
CycPeptMPDB_ID_6955,pampa,-5.1800,2021_Kelly
CycPeptMPDB_ID_6956,pampa,-5.1700,2021_Kelly
CycPeptMPDB_ID_6957,pampa,-5.3500,2021_Kelly
CycPeptMPDB_ID_6958,pampa,-6.1300,2021_Kelly
CycPeptMPDB_ID_6959,pampa,-5.1000,2021_Kelly
CycPeptMPDB_ID_6960,pampa,-4.8800,2021_Kelly
CycPeptMPDB_ID_6961,pampa,-4.8800,2021_Kelly
CycPeptMPDB_ID_6962,pampa,-5.2300,2021_Kelly
CycPeptMPDB_ID_6963,pampa,-5.4700,2021_Kelly
CycPeptMPDB_ID_6964,pampa,-5.6800,2021_Kelly
CycPeptMPDB_ID_6965,pampa,-5.4900,2021_Kelly
CycPeptMPDB_ID_6966,pampa,-5.4700,2021_Kelly
CycPeptMPDB_ID_6967,pampa,-5.6000,2021_Kelly
CycPeptMPDB_ID_6968,pampa,-5.0000,2021_Kelly
CycPeptMPDB_ID_6969,pampa,-5.1300,2021_Kelly
CycPeptMPDB_ID_6970,pampa,-5.0700,2021_Kelly
CycPeptMPDB_ID_6971,pampa,-5.2100,2021_Kelly
CycPeptMPDB_ID_6972,pampa,-4.9900,2021_Kelly
CycPeptMPDB_ID_6973,pampa,-4.9500,2021_Kelly
CycPeptMPDB_ID_6974,pampa,-5.6800,2021_Kelly
CycPeptMPDB_ID_6975,pampa,-5.9500,2021_Kelly
CycPeptMPDB_ID_6976,pampa,-4.9200,2021_Kelly
CycPeptMPDB_ID_6977,pampa,-4.9900,2021_Kelly
CycPeptMPDB_ID_6978,pampa,-5.4100,2021_Kelly
CycPeptMPDB_ID_6979,pampa,-5.1200,2021_Kelly
CycPeptMPDB_ID_6980,pampa,-5.2300,2021_Kelly
CycPeptMPDB_ID_6981,pampa,-5.3600,2021_Kelly
CycPeptMPDB_ID_6982,pampa,-6.6400,2021_Kelly
CycPeptMPDB_ID_6983,pampa,-7.1600,2021_Kelly
CycPeptMPDB_ID_6984,pampa,-6.5600,2021_Kelly
CycPeptMPDB_ID_6985,pampa,-7.1400,2021_Kelly
CycPeptMPDB_ID_6986,pampa,-7.1200,2021_Kelly
CycPeptMPDB_ID_6987,pampa,-6.7900,2021_Kelly
CycPeptMPDB_ID_6988,pampa,-6.4000,2021_Kelly
CycPeptMPDB_ID_6989,pampa,-6.5000,2021_Kelly
CycPeptMPDB_ID_6990,pampa,-5.7600,2021_Kelly
CycPeptMPDB_ID_6991,pampa,-6.4700,2021_Kelly
CycPeptMPDB_ID_6992,pampa,-7.0000,2021_Kelly
CycPeptMPDB_ID_6993,pampa,-6.7500,2021_Kelly
CycPeptMPDB_ID_6994,pampa,-7.4500,2021_Kelly
CycPeptMPDB_ID_6995,pampa,-7.3200,2021_Kelly
CycPeptMPDB_ID_6996,pampa,-6.4400,2021_Kelly
CycPeptMPDB_ID_6997,pampa,-7.0800,2021_Kelly
CycPeptMPDB_ID_6998,pampa,-5.3600,2021_Kelly
CycPeptMPDB_ID_6999,pampa,-6.3100,2021_Kelly
CycPeptMPDB_ID_7000,pampa,-5.4700,2021_Kelly
CycPeptMPDB_ID_7001,pampa,-5.8600,2021_Kelly
CycPeptMPDB_ID_7002,pampa,-4.9600,2021_Kelly
CycPeptMPDB_ID_7003,pampa,-5.5500,2021_Kelly
CycPeptMPDB_ID_7004,pampa,-7.1100,2021_Kelly
CycPeptMPDB_ID_7005,pampa,-7.2700,2021_Kelly
CycPeptMPDB_ID_7006,pampa,-6.7600,2021_Kelly
CycPeptMPDB_ID_7007,pampa,-7.1700,2021_Kelly
CycPeptMPDB_ID_7008,pampa,-7.2600,2021_Kelly
CycPeptMPDB_ID_7009,pampa,-6.6400,2021_Kelly
CycPeptMPDB_ID_7010,pampa,-6.5100,2021_Kelly
CycPeptMPDB_ID_7011,pampa,-6.5400,2021_Kelly
CycPeptMPDB_ID_7012,pampa,-5.8300,2021_Kelly
CycPeptMPDB_ID_7013,pampa,-6.0400,2021_Kelly
CycPeptMPDB_ID_7014,pampa,-5.7000,2021_Kelly
CycPeptMPDB_ID_7015,pampa,-7.3000,2021_Kelly
CycPeptMPDB_ID_7016,pampa,-6.8300,2021_Kelly
CycPeptMPDB_ID_7017,pampa,-6.7800,2021_Kelly
CycPeptMPDB_ID_7018,pampa,-6.8000,2021_Kelly
CycPeptMPDB_ID_7019,pampa,-7.3600,2021_Kelly
CycPeptMPDB_ID_7020,pampa,-7.4700,2021_Kelly
CycPeptMPDB_ID_7021,pampa,-6.4600,2021_Kelly
CycPeptMPDB_ID_7022,pampa,-6.2400,2021_Kelly
CycPeptMPDB_ID_7023,pampa,-5.6500,2021_Kelly
CycPeptMPDB_ID_7024,pampa,-6.8500,2021_Kelly
CycPeptMPDB_ID_7025,pampa,-6.4400,2021_Kelly
CycPeptMPDB_ID_7026,pampa,-6.0900,2021_Kelly
CycPeptMPDB_ID_7027,pampa,-6.8800,2021_Kelly
CycPeptMPDB_ID_7028,pampa,-5.9300,2021_Kelly
CycPeptMPDB_ID_7029,pampa,-5.9300,2021_Kelly
CycPeptMPDB_ID_7030,pampa,-6.4200,2021_Kelly
CycPeptMPDB_ID_7031,pampa,-6.1300,2021_Kelly
CycPeptMPDB_ID_7032,pampa,-5.3400,2021_Kelly
CycPeptMPDB_ID_7033,pampa,-5.6100,2021_Kelly
CycPeptMPDB_ID_7034,pampa,-5.4600,2021_Kelly
CycPeptMPDB_ID_7035,pampa,-6.4000,2021_Kelly
CycPeptMPDB_ID_7036,pampa,-6.3600,2021_Kelly
CycPeptMPDB_ID_7037,pampa,-6.4100,2021_Kelly
CycPeptMPDB_ID_7038,pampa,-5.8800,2021_Kelly
CycPeptMPDB_ID_7039,pampa,-6.0000,2021_Kelly
CycPeptMPDB_ID_7040,pampa,-6.3500,2021_Kelly
CycPeptMPDB_ID_7041,pampa,-5.5400,2021_Kelly
CycPeptMPDB_ID_7042,pampa,-5.3400,2021_Kelly
CycPeptMPDB_ID_7043,pampa,-6.3700,2021_Kelly
CycPeptMPDB_ID_7044,pampa,-5.1100,2021_Kelly
CycPeptMPDB_ID_7045,pampa,-5.3100,2021_Kelly
CycPeptMPDB_ID_7046,pampa,-5.0600,2021_Kelly
CycPeptMPDB_ID_7047,pampa,-5.1800,2021_Kelly
CycPeptMPDB_ID_7048,pampa,-5.1000,2021_Kelly
CycPeptMPDB_ID_7049,pampa,-5.5400,2021_Kelly
CycPeptMPDB_ID_7050,pampa,-5.1000,2021_Kelly
CycPeptMPDB_ID_7051,pampa,-4.9800,2021_Kelly
CycPeptMPDB_ID_7052,pampa,-6.1800,2021_Kelly
CycPeptMPDB_ID_7053,pampa,-5.0200,2021_Kelly
CycPeptMPDB_ID_7054,pampa,-5.3200,2021_Kelly
CycPeptMPDB_ID_7055,pampa,-5.9100,2021_Kelly
CycPeptMPDB_ID_7056,pampa,-6.6400,2021_Kelly
CycPeptMPDB_ID_7057,pampa,-6.7200,2021_Kelly
CycPeptMPDB_ID_7058,pampa,-6.4700,2021_Kelly
CycPeptMPDB_ID_7059,pampa,-5.9400,2021_Kelly
CycPeptMPDB_ID_7060,pampa,-5.4700,2021_Kelly
CycPeptMPDB_ID_7061,pampa,-5.3800,2021_Kelly
CycPeptMPDB_ID_7062,pampa,-5.3000,2021_Kelly
CycPeptMPDB_ID_7063,pampa,-5.2900,2021_Kelly
CycPeptMPDB_ID_7064,pampa,-5.8000,2021_Kelly
CycPeptMPDB_ID_7065,pampa,-5.4700,2021_Kelly
CycPeptMPDB_ID_7066,pampa,-5.4000,2021_Kelly
CycPeptMPDB_ID_7067,pampa,-5.1000,2021_Kelly
CycPeptMPDB_ID_7068,pampa,-6.8500,2021_Kelly
CycPeptMPDB_ID_7069,pampa,-6.8500,2021_Kelly
CycPeptMPDB_ID_7070,pampa,-5.4700,2021_Kelly
CycPeptMPDB_ID_7071,pampa,-5.9800,2021_Kelly
CycPeptMPDB_ID_7072,pampa,-6.7900,2021_Kelly
CycPeptMPDB_ID_7073,pampa,-5.9900,2021_Kelly
CycPeptMPDB_ID_7074,pampa,-6.8500,2021_Kelly
CycPeptMPDB_ID_7075,pampa,-6.3200,2021_Kelly
CycPeptMPDB_ID_7076,pampa,-5.2000,2021_Kelly
CycPeptMPDB_ID_7077,pampa,-6.6600,2021_Kelly
CycPeptMPDB_ID_7078,pampa,-6.8500,2021_Kelly
CycPeptMPDB_ID_7079,pampa,-6.1200,2021_Kelly
CycPeptMPDB_ID_7080,pampa,-6.1600,2021_Kelly
CycPeptMPDB_ID_7081,pampa,-5.6600,2021_Kelly
CycPeptMPDB_ID_7082,pampa,-6.8500,2021_Kelly
CycPeptMPDB_ID_7083,pampa,-6.1500,2021_Kelly
CycPeptMPDB_ID_7084,pampa,-6.8500,2021_Kelly
CycPeptMPDB_ID_7085,pampa,-6.8500,2021_Kelly
CycPeptMPDB_ID_7086,pampa,-5.4600,2021_Kelly
CycPeptMPDB_ID_7087,pampa,-6.8500,2021_Kelly
CycPeptMPDB_ID_7088,pampa,-6.8500,2021_Kelly
CycPeptMPDB_ID_7089,pampa,-6.6500,2021_Kelly
CycPeptMPDB_ID_7090,pampa,-6.7600,2021_Kelly
CycPeptMPDB_ID_7091,pampa,-6.8500,2021_Kelly
CycPeptMPDB_ID_7092,pampa,-5.6500,2021_Kelly
CycPeptMPDB_ID_7093,pampa,-6.0300,2021_Kelly
CycPeptMPDB_ID_7094,pampa,-5.5900,2021_Kelly
CycPeptMPDB_ID_7095,pampa,-6.8500,2021_Kelly
CycPeptMPDB_ID_7096,pampa,-5.7200,2021_Kelly
CycPeptMPDB_ID_7097,pampa,-5.4600,2021_Kelly
CycPeptMPDB_ID_7098,pampa,-6.0600,2021_Kelly
CycPeptMPDB_ID_7099,pampa,-5.8600,2021_Kelly
CycPeptMPDB_ID_7100,pampa,-6.5600,2021_Kelly
CycPeptMPDB_ID_7101,pampa,-5.3400,2021_Kelly
CycPeptMPDB_ID_7102,pampa,-5.7200,2021_Kelly
CycPeptMPDB_ID_7103,pampa,-5.4700,2021_Kelly
CycPeptMPDB_ID_7104,pampa,-5.3200,2021_Kelly
CycPeptMPDB_ID_7105,pampa,-5.9700,2021_Kelly
CycPeptMPDB_ID_7106,pampa,-5.7500,2021_Kelly
CycPeptMPDB_ID_7107,pampa,-5.9300,2021_Kelly
CycPeptMPDB_ID_7108,pampa,-5.5800,2021_Kelly
CycPeptMPDB_ID_7109,pampa,-5.7000,2021_Kelly
CycPeptMPDB_ID_7110,pampa,-5.5300,2021_Kelly
CycPeptMPDB_ID_7111,pampa,-6.5600,2021_Kelly
CycPeptMPDB_ID_7112,pampa,-5.7600,2021_Kelly
CycPeptMPDB_ID_7113,pampa,-5.8600,2021_Kelly
CycPeptMPDB_ID_7114,pampa,-5.4200,2021_Kelly
CycPeptMPDB_ID_7115,pampa,-5.5400,2021_Kelly
CycPeptMPDB_ID_7116,pampa,-5.2900,2021_Kelly
CycPeptMPDB_ID_7117,pampa,-6.1800,2021_Kelly
CycPeptMPDB_ID_7118,pampa,-5.7500,2021_Kelly
CycPeptMPDB_ID_7119,pampa,-5.6000,2021_Kelly
CycPeptMPDB_ID_7120,pampa,-5.6000,2021_Kelly
CycPeptMPDB_ID_7121,pampa,-5.5400,2021_Kelly
CycPeptMPDB_ID_7122,pampa,-6.8500,2021_Kelly
CycPeptMPDB_ID_7123,pampa,-5.8100,2021_Kelly
CycPeptMPDB_ID_7124,pampa,-5.7200,2021_Kelly
CycPeptMPDB_ID_7125,pampa,-5.4000,2021_Kelly
CycPeptMPDB_ID_7126,pampa,-5.6200,2021_Kelly
CycPeptMPDB_ID_7127,pampa,-5.5900,2021_Kelly
CycPeptMPDB_ID_7128,pampa,-5.4100,2021_Kelly
CycPeptMPDB_ID_7129,pampa,-5.2200,2021_Kelly
CycPeptMPDB_ID_7130,pampa,-5.6400,2021_Kelly
CycPeptMPDB_ID_7131,pampa,-5.4600,2021_Kelly
CycPeptMPDB_ID_7132,pampa,-5.5800,2021_Kelly
CycPeptMPDB_ID_7133,pampa,-6.1300,2021_Kelly
CycPeptMPDB_ID_7134,pampa,-5.6600,2021_Kelly
CycPeptMPDB_ID_7135,pampa,-5.6800,2021_Kelly
CycPeptMPDB_ID_7136,pampa,-6.1900,2021_Kelly
CycPeptMPDB_ID_7137,pampa,-6.0000,2021_Kelly
CycPeptMPDB_ID_7138,pampa,-5.5200,2021_Kelly
CycPeptMPDB_ID_7139,pampa,-5.5100,2021_Kelly
CycPeptMPDB_ID_7140,pampa,-5.5800,2021_Kelly
CycPeptMPDB_ID_7141,pampa,-5.4400,2021_Kelly
CycPeptMPDB_ID_7142,pampa,-5.6900,2021_Kelly
CycPeptMPDB_ID_7143,pampa,-5.7600,2021_Kelly
CycPeptMPDB_ID_7144,pampa,-5.9600,2021_Kelly
CycPeptMPDB_ID_7145,pampa,-5.6400,2021_Kelly
CycPeptMPDB_ID_7146,pampa,-5.4100,2021_Kelly
CycPeptMPDB_ID_7147,pampa,-5.3600,2021_Kelly
CycPeptMPDB_ID_7148,pampa,-5.5800,2021_Kelly
CycPeptMPDB_ID_7149,pampa,-5.3900,2021_Kelly
CycPeptMPDB_ID_7150,pampa,-5.8200,2021_Kelly
CycPeptMPDB_ID_7151,pampa,-5.8200,2021_Kelly
CycPeptMPDB_ID_7152,pampa,-5.7800,2021_Kelly
CycPeptMPDB_ID_7153,pampa,-5.9600,2021_Kelly
CycPeptMPDB_ID_7154,pampa,-5.5300,2021_Kelly
CycPeptMPDB_ID_7155,pampa,-5.9100,2021_Kelly
CycPeptMPDB_ID_7156,pampa,-5.3300,2021_Kelly
CycPeptMPDB_ID_7157,pampa,-5.9200,2021_Kelly
CycPeptMPDB_ID_7158,pampa,-5.9500,2021_Kelly
CycPeptMPDB_ID_7159,pampa,-6.8500,2021_Kelly
CycPeptMPDB_ID_7160,pampa,-5.4700,2021_Kelly
CycPeptMPDB_ID_7161,pampa,-5.6400,2021_Kelly
CycPeptMPDB_ID_7162,pampa,-5.4700,2021_Kelly
CycPeptMPDB_ID_7163,pampa,-5.3000,2021_Kelly
CycPeptMPDB_ID_7164,pampa,-5.6600,2021_Kelly
CycPeptMPDB_ID_7165,pampa,-5.7600,2021_Kelly
CycPeptMPDB_ID_7166,pampa,-5.6600,2021_Kelly
CycPeptMPDB_ID_7167,pampa,-5.5500,2021_Kelly
CycPeptMPDB_ID_7168,pampa,-5.5800,2021_Kelly
CycPeptMPDB_ID_7169,pampa,-6.0300,2021_Kelly
CycPeptMPDB_ID_7170,pampa,-5.3200,2021_Kelly
CycPeptMPDB_ID_7171,pampa,-5.1400,2021_Kelly
CycPeptMPDB_ID_7172,pampa,-6.0000,2021_Kelly
CycPeptMPDB_ID_7173,pampa,-5.7700,2021_Kelly
CycPeptMPDB_ID_7174,pampa,-6.0300,2021_Kelly
CycPeptMPDB_ID_7175,pampa,-5.1500,2021_Kelly
CycPeptMPDB_ID_7176,pampa,-6.1300,2021_Kelly
CycPeptMPDB_ID_7177,pampa,-5.7100,2021_Kelly
CycPeptMPDB_ID_7178,pampa,-5.7400,2021_Kelly
CycPeptMPDB_ID_7179,pampa,-5.8100,2021_Kelly
CycPeptMPDB_ID_7180,pampa,-6.0100,2021_Kelly
CycPeptMPDB_ID_7181,pampa,-6.2300,2021_Kelly
CycPeptMPDB_ID_7182,pampa,-6.8500,2021_Kelly
CycPeptMPDB_ID_7183,pampa,-5.8300,2021_Kelly
CycPeptMPDB_ID_7184,pampa,-5.8400,2021_Kelly
CycPeptMPDB_ID_7185,pampa,-5.3700,2021_Kelly
CycPeptMPDB_ID_7186,pampa,-6.5000,2021_Kelly
CycPeptMPDB_ID_7187,pampa,-5.8900,2021_Kelly
CycPeptMPDB_ID_7188,caco2,-5.5800,2021_Lee
CycPeptMPDB_ID_7188,pampa,-5.7100,2021_Lee
CycPeptMPDB_ID_7189,caco2,-6.0400,2021_Lee
CycPeptMPDB_ID_7189,pampa,-6.5400,2021_Lee
CycPeptMPDB_ID_7190,caco2,-6.6800,2021_Lee
CycPeptMPDB_ID_7190,pampa,-7.2200,2021_Lee
CycPeptMPDB_ID_7191,caco2,-6.2900,2021_Lee
CycPeptMPDB_ID_7191,pampa,-8.4000,2021_Lee
CycPeptMPDB_ID_7192,caco2,-5.9900,2021_Lee
CycPeptMPDB_ID_7192,pampa,-8.4000,2021_Lee
CycPeptMPDB_ID_7193,pampa,-4.3000,2021_Wang
CycPeptMPDB_ID_7194,pampa,-4.6000,2021_Wang
CycPeptMPDB_ID_7195,pampa,-5.1000,2021_Wang
CycPeptMPDB_ID_7196,pampa,-5.3000,2021_Wang
CycPeptMPDB_ID_7197,pampa,-6.7000,2021_Wang
CycPeptMPDB_ID_7198,pampa,-5.9000,2021_Wang
CycPeptMPDB_ID_7199,pampa,-5.8000,2021_Wang
CycPeptMPDB_ID_7200,pampa,-6.5000,2021_Wang
CycPeptMPDB_ID_7201,pampa,-6.5000,2021_Wang
CycPeptMPDB_ID_7202,pampa,-6.5000,2021_Wang
CycPeptMPDB_ID_7203,pampa,-6.5000,2021_Wang
CycPeptMPDB_ID_7204,pampa,-5.0000,2021_Wang
CycPeptMPDB_ID_7205,pampa,-3.9000,2021_Wang
CycPeptMPDB_ID_7206,pampa,-4.7000,2021_Wang
CycPeptMPDB_ID_7207,pampa,-6.5000,2021_Wang
CycPeptMPDB_ID_7208,pampa,-5.9000,2021_Wang
CycPeptMPDB_ID_7209,pampa,-4.8000,2021_Wang
CycPeptMPDB_ID_7210,pampa,-4.3000,2021_Wang
CycPeptMPDB_ID_7211,pampa,-4.4000,2021_Wang
CycPeptMPDB_ID_7212,pampa,-4.6000,2021_Wang
CycPeptMPDB_ID_7213,pampa,-6.6000,2021_Wang
CycPeptMPDB_ID_7214,pampa,-4.0000,2021_Wang
CycPeptMPDB_ID_7215,pampa,-6.9000,2021_Wang
CycPeptMPDB_ID_7216,pampa,-6.9000,2021_Wang
CycPeptMPDB_ID_7217,pampa,-5.4800,2022_Bhardwaj
CycPeptMPDB_ID_7218,pampa,-4.9200,2022_Bhardwaj
CycPeptMPDB_ID_7219,pampa,-5.7000,2022_Bhardwaj
CycPeptMPDB_ID_7220,pampa,-4.8600,2022_Bhardwaj
CycPeptMPDB_ID_7221,pampa,-5.6200,2022_Bhardwaj
CycPeptMPDB_ID_7222,pampa,-5.4400,2022_Bhardwaj
CycPeptMPDB_ID_7223,pampa,-6.3700,2022_Bhardwaj
CycPeptMPDB_ID_7224,pampa,-5.5800,2022_Bhardwaj
CycPeptMPDB_ID_7225,pampa,-5.2200,2022_Bhardwaj
CycPeptMPDB_ID_7226,pampa,-4.9400,2022_Bhardwaj
CycPeptMPDB_ID_7227,pampa,-5.5300,2022_Bhardwaj
CycPeptMPDB_ID_7228,pampa,-4.9400,2022_Bhardwaj
CycPeptMPDB_ID_7229,pampa,-5.1800,2022_Bhardwaj
CycPeptMPDB_ID_7230,pampa,-5.4400,2022_Bhardwaj
CycPeptMPDB_ID_7231,pampa,-5.0600,2022_Bhardwaj
CycPeptMPDB_ID_7232,pampa,-5.3100,2022_Bhardwaj
CycPeptMPDB_ID_7233,pampa,-5.1500,2022_Bhardwaj
CycPeptMPDB_ID_7234,caco2,-4.6300,2022_Bhardwaj
CycPeptMPDB_ID_7234,pampa,-5.1600,2022_Bhardwaj
CycPeptMPDB_ID_7235,caco2,-4.9300,2022_Bhardwaj
CycPeptMPDB_ID_7235,pampa,-5.1300,2022_Bhardwaj
CycPeptMPDB_ID_7236,caco2,-5.1400,2022_Bhardwaj
CycPeptMPDB_ID_7236,pampa,-5.3400,2022_Bhardwaj
CycPeptMPDB_ID_7237,pampa,-6.8700,2022_Bhardwaj
CycPeptMPDB_ID_7238,caco2,-4.6700,2022_Bhardwaj
CycPeptMPDB_ID_7238,pampa,-5.2400,2022_Bhardwaj
CycPeptMPDB_ID_7239,caco2,-6.1300,2022_Bhardwaj
CycPeptMPDB_ID_7239,pampa,-5.4700,2022_Bhardwaj
CycPeptMPDB_ID_7240,pampa,-5.9000,2022_Bhardwaj
CycPeptMPDB_ID_7241,caco2,-4.6400,2022_Bhardwaj
CycPeptMPDB_ID_7241,pampa,-5.2300,2022_Bhardwaj
CycPeptMPDB_ID_7242,caco2,-5.4100,2022_Bhardwaj
CycPeptMPDB_ID_7242,pampa,-5.9100,2022_Bhardwaj
CycPeptMPDB_ID_7243,pampa,-6.7400,2022_Bhardwaj
CycPeptMPDB_ID_7244,pampa,-6.0100,2022_Bhardwaj
CycPeptMPDB_ID_7245,pampa,-6.1100,2022_Bhardwaj
CycPeptMPDB_ID_7246,pampa,-5.6700,2022_Bhardwaj
CycPeptMPDB_ID_7247,pampa,-6.1400,2022_Bhardwaj
CycPeptMPDB_ID_7248,pampa,-5.9800,2022_Bhardwaj
CycPeptMPDB_ID_7249,pampa,-5.5400,2022_Bhardwaj
CycPeptMPDB_ID_7250,pampa,-5.9700,2022_Bhardwaj
CycPeptMPDB_ID_7251,caco2,-4.9500,2022_Bhardwaj
CycPeptMPDB_ID_7251,pampa,-5.6900,2022_Bhardwaj
CycPeptMPDB_ID_7252,pampa,-6.6700,2022_Bhardwaj
CycPeptMPDB_ID_7253,pampa,-5.8900,2022_Bhardwaj
CycPeptMPDB_ID_7254,pampa,-6.0800,2022_Bhardwaj
CycPeptMPDB_ID_7255,caco2,-6.1900,2022_Bhardwaj
CycPeptMPDB_ID_7255,pampa,-6.5900,2022_Bhardwaj
CycPeptMPDB_ID_7256,pampa,-6.5500,2022_Bhardwaj
CycPeptMPDB_ID_7257,pampa,-5.9400,2022_Bhardwaj
CycPeptMPDB_ID_7258,pampa,-6.4400,2022_Bhardwaj
CycPeptMPDB_ID_7259,caco2,-5.4000,2022_Bhardwaj
CycPeptMPDB_ID_7259,pampa,-5.3600,2022_Bhardwaj
CycPeptMPDB_ID_7260,caco2,-6.0300,2022_Bhardwaj
CycPeptMPDB_ID_7260,pampa,-5.6100,2022_Bhardwaj
CycPeptMPDB_ID_7261,caco2,-5.5600,2022_Bhardwaj
CycPeptMPDB_ID_7261,pampa,-5.2700,2022_Bhardwaj
CycPeptMPDB_ID_7262,caco2,-4.7200,2022_Bhardwaj
CycPeptMPDB_ID_7262,pampa,-5.1700,2022_Bhardwaj
CycPeptMPDB_ID_7263,caco2,-6.0500,2022_Bhardwaj
CycPeptMPDB_ID_7263,pampa,-5.8000,2022_Bhardwaj
CycPeptMPDB_ID_7264,caco2,-5.4500,2022_Bhardwaj
CycPeptMPDB_ID_7264,pampa,-5.6300,2022_Bhardwaj
CycPeptMPDB_ID_7265,caco2,-5.4600,2022_Bhardwaj
CycPeptMPDB_ID_7266,pampa,-5.4500,2022_Bhardwaj
CycPeptMPDB_ID_7267,caco2,-5.3200,2022_Bhardwaj
CycPeptMPDB_ID_7267,pampa,-5.7900,2022_Bhardwaj
CycPeptMPDB_ID_7268,pampa,-5.4800,2022_Bhardwaj
CycPeptMPDB_ID_7269,pampa,-6.2400,2022_Bhardwaj
CycPeptMPDB_ID_7270,pampa,-6.0800,2022_Bhardwaj
CycPeptMPDB_ID_7271,pampa,-6.6500,2022_Bhardwaj
CycPeptMPDB_ID_7272,pampa,-5.4700,2022_Bhardwaj
CycPeptMPDB_ID_7273,pampa,-6.2300,2022_Bhardwaj
CycPeptMPDB_ID_7274,pampa,-6.0700,2022_Bhardwaj
CycPeptMPDB_ID_7275,caco2,-5.6100,2022_Bhardwaj
CycPeptMPDB_ID_7275,pampa,-5.4900,2022_Bhardwaj
CycPeptMPDB_ID_7276,pampa,-5.7600,2022_Bhardwaj
CycPeptMPDB_ID_7277,pampa,-5.7500,2022_Bhardwaj
CycPeptMPDB_ID_7278,pampa,-5.8900,2022_Bhardwaj
CycPeptMPDB_ID_7279,pampa,-6.5300,2022_Bhardwaj
CycPeptMPDB_ID_7280,pampa,-6.7200,2022_Bhardwaj
CycPeptMPDB_ID_7281,pampa,-6.8500,2022_Bhardwaj
CycPeptMPDB_ID_7282,pampa,-7.0600,2022_Bhardwaj
CycPeptMPDB_ID_7283,pampa,-5.6600,2022_Bhardwaj
CycPeptMPDB_ID_7284,pampa,-5.6300,2022_Bhardwaj
CycPeptMPDB_ID_7285,pampa,-7.4800,2022_Bhardwaj
CycPeptMPDB_ID_7286,pampa,-5.8000,2022_Bhardwaj
CycPeptMPDB_ID_7287,pampa,-5.8200,2022_Bhardwaj
CycPeptMPDB_ID_7288,caco2,-5.6400,2022_Bhardwaj
CycPeptMPDB_ID_7288,pampa,-5.8000,2022_Bhardwaj
CycPeptMPDB_ID_7289,pampa,-7.1600,2022_Bhardwaj
CycPeptMPDB_ID_7290,pampa,-6.6200,2022_Bhardwaj
CycPeptMPDB_ID_7291,pampa,-6.5000,2022_Bhardwaj
CycPeptMPDB_ID_7292,pampa,-6.3300,2022_Bhardwaj
CycPeptMPDB_ID_7293,pampa,-6.6200,2022_Bhardwaj
CycPeptMPDB_ID_7294,pampa,-5.4600,2022_Bhardwaj
CycPeptMPDB_ID_7295,pampa,-5.9500,2022_Bhardwaj
CycPeptMPDB_ID_7296,pampa,-5.6700,2022_Bhardwaj
CycPeptMPDB_ID_7297,caco2,-5.2100,2022_Bhardwaj
CycPeptMPDB_ID_7297,pampa,-5.4100,2022_Bhardwaj
CycPeptMPDB_ID_7298,caco2,-5.0100,2022_Bhardwaj
CycPeptMPDB_ID_7298,pampa,-5.6700,2022_Bhardwaj
CycPeptMPDB_ID_7299,caco2,-5.4200,2022_Bhardwaj
CycPeptMPDB_ID_7299,pampa,-5.6000,2022_Bhardwaj
CycPeptMPDB_ID_7300,caco2,-6.2000,2022_Bhardwaj
CycPeptMPDB_ID_7301,caco2,-6.3000,2022_Bhardwaj
CycPeptMPDB_ID_7302,pampa,-5.9100,2022_Bhardwaj
CycPeptMPDB_ID_7303,pampa,-5.6400,2022_Bhardwaj
CycPeptMPDB_ID_7304,caco2,-5.0600,2022_Bhardwaj
CycPeptMPDB_ID_7304,pampa,-5.5700,2022_Bhardwaj
CycPeptMPDB_ID_7305,pampa,-7.0200,2022_Bhardwaj
CycPeptMPDB_ID_7306,caco2,-4.7700,2022_Bhardwaj
CycPeptMPDB_ID_7306,pampa,-5.2000,2022_Bhardwaj
CycPeptMPDB_ID_7307,pampa,-5.5900,2022_Bhardwaj
CycPeptMPDB_ID_7308,pampa,-6.3400,2022_Bhardwaj
CycPeptMPDB_ID_7309,pampa,-5.8200,2022_Bhardwaj
CycPeptMPDB_ID_7310,pampa,-6.3100,2022_Bhardwaj
CycPeptMPDB_ID_7311,pampa,-6.7400,2022_Bhardwaj
CycPeptMPDB_ID_7312,pampa,-6.3600,2022_Bhardwaj
CycPeptMPDB_ID_7313,caco2,-4.7900,2022_Bhardwaj
CycPeptMPDB_ID_7313,pampa,-5.3200,2022_Bhardwaj
CycPeptMPDB_ID_7314,caco2,-5.5500,2022_Bhardwaj
CycPeptMPDB_ID_7314,pampa,-5.7200,2022_Bhardwaj
CycPeptMPDB_ID_7315,pampa,-5.5000,2022_Bhardwaj
CycPeptMPDB_ID_7316,caco2,-4.8200,2022_Bhardwaj
CycPeptMPDB_ID_7316,pampa,-5.3500,2022_Bhardwaj
CycPeptMPDB_ID_7317,pampa,-6.5500,2022_Bhardwaj
CycPeptMPDB_ID_7318,pampa,-6.1800,2022_Bhardwaj
CycPeptMPDB_ID_7319,pampa,-5.8300,2022_Bhardwaj
CycPeptMPDB_ID_7320,pampa,-6.1500,2022_Bhardwaj
CycPeptMPDB_ID_7321,caco2,-5.1200,2022_Bhardwaj
CycPeptMPDB_ID_7321,pampa,-5.2400,2022_Bhardwaj
CycPeptMPDB_ID_7322,pampa,-6.1500,2022_Bhardwaj
CycPeptMPDB_ID_7323,pampa,-6.7900,2022_Bhardwaj
CycPeptMPDB_ID_7324,pampa,-6.3100,2022_Bhardwaj
CycPeptMPDB_ID_7325,pampa,-6.1600,2022_Bhardwaj
CycPeptMPDB_ID_7326,pampa,-6.3900,2022_Bhardwaj
CycPeptMPDB_ID_7327,pampa,-6.7700,2022_Bhardwaj
CycPeptMPDB_ID_7328,pampa,-6.2000,2022_Bhardwaj
CycPeptMPDB_ID_7329,pampa,-5.0400,2022_Bhardwaj
CycPeptMPDB_ID_7330,pampa,-5.5200,2022_Bhardwaj
CycPeptMPDB_ID_7331,pampa,-6.4600,2022_Bhardwaj
CycPeptMPDB_ID_7332,pampa,-6.0400,2022_Bhardwaj
CycPeptMPDB_ID_7333,pampa,-5.3700,2022_Bhardwaj
CycPeptMPDB_ID_7334,caco2,-5.5600,2022_Bhardwaj
CycPeptMPDB_ID_7334,pampa,-5.4600,2022_Bhardwaj
CycPeptMPDB_ID_7335,caco2,-5.5500,2022_Bhardwaj
CycPeptMPDB_ID_7335,pampa,-5.6700,2022_Bhardwaj
CycPeptMPDB_ID_7336,caco2,-5.0400,2022_Bhardwaj
CycPeptMPDB_ID_7336,pampa,-5.8300,2022_Bhardwaj
CycPeptMPDB_ID_7337,caco2,-5.3000,2022_Bhardwaj
CycPeptMPDB_ID_7337,pampa,-5.8300,2022_Bhardwaj
CycPeptMPDB_ID_7338,caco2,-5.4200,2022_Bhardwaj
CycPeptMPDB_ID_7338,pampa,-5.5500,2022_Bhardwaj
CycPeptMPDB_ID_7339,pampa,-6.0200,2022_Bhardwaj
CycPeptMPDB_ID_7340,caco2,-5.3900,2022_Bhardwaj
CycPeptMPDB_ID_7340,pampa,-6.1900,2022_Bhardwaj
CycPeptMPDB_ID_7341,caco2,-5.3400,2022_Bhardwaj
CycPeptMPDB_ID_7341,pampa,-5.6100,2022_Bhardwaj
CycPeptMPDB_ID_7342,caco2,-5.3100,2022_Bhardwaj
CycPeptMPDB_ID_7342,pampa,-5.6500,2022_Bhardwaj
CycPeptMPDB_ID_7343,caco2,-5.3500,2022_Bhardwaj
CycPeptMPDB_ID_7343,pampa,-5.9700,2022_Bhardwaj
CycPeptMPDB_ID_7344,pampa,-5.8900,2022_Bhardwaj
CycPeptMPDB_ID_7345,pampa,-6.3700,2022_Bhardwaj
CycPeptMPDB_ID_7346,pampa,-5.8900,2022_Bhardwaj
CycPeptMPDB_ID_7347,pampa,-6.6200,2022_Bhardwaj
CycPeptMPDB_ID_7348,pampa,-5.7400,2022_Bhardwaj
CycPeptMPDB_ID_7349,pampa,-6.3900,2022_Bhardwaj
CycPeptMPDB_ID_7350,pampa,-6.1000,2022_Bhardwaj
CycPeptMPDB_ID_7351,pampa,-7.0000,2022_Bhardwaj
CycPeptMPDB_ID_7352,caco2,-5.5500,2022_Bhardwaj
CycPeptMPDB_ID_7352,pampa,-5.8300,2022_Bhardwaj
CycPeptMPDB_ID_7353,pampa,-5.7200,2022_Lee
CycPeptMPDB_ID_7354,pampa,-6.7400,2022_Lee
CycPeptMPDB_ID_7355,pampa,-8.0000,2022_Lee
CycPeptMPDB_ID_7356,pampa,-7.8900,2022_Lee
CycPeptMPDB_ID_7357,pampa,-7.8900,2022_Lee
CycPeptMPDB_ID_7358,pampa,-8.0500,2022_Lee
CycPeptMPDB_ID_7359,pampa,-8.0500,2022_Lee
CycPeptMPDB_ID_7360,pampa,-8.1500,2022_Lee
CycPeptMPDB_ID_7361,pampa,-8.4000,2022_Lee
CycPeptMPDB_ID_7363,pampa,-7.7400,2022_Lee
CycPeptMPDB_ID_7364,pampa,-7.8500,2022_Lee
CycPeptMPDB_ID_7365,pampa,-8.0000,2022_Lee
CycPeptMPDB_ID_7366,pampa,-7.8500,2022_Lee
CycPeptMPDB_ID_7367,pampa,-8.2200,2022_Lee
CycPeptMPDB_ID_7368,pampa,-8.1000,2022_Lee
CycPeptMPDB_ID_7369,pampa,-8.7200,2022_Lee
CycPeptMPDB_ID_7370,pampa,-7.9600,2022_Lee
CycPeptMPDB_ID_7371,pampa,-8.0500,2022_Lee
CycPeptMPDB_ID_7372,pampa,-7.8900,2022_Lee
CycPeptMPDB_ID_7373,pampa,-8.2200,2022_Lee
CycPeptMPDB_ID_7375,pampa,-8.0500,2022_Lee
CycPeptMPDB_ID_7377,pampa,-8.0000,2022_Saunders
CycPeptMPDB_ID_7378,pampa,-7.7500,2022_Saunders
CycPeptMPDB_ID_7379,pampa,-7.1900,2022_Saunders
CycPeptMPDB_ID_7380,pampa,-7.3500,2022_Saunders
CycPeptMPDB_ID_7381,pampa,-5.8400,2022_Saunders
CycPeptMPDB_ID_7382,pampa,-7.6200,2022_Saunders
CycPeptMPDB_ID_7383,pampa,-6.2900,2022_Saunders
CycPeptMPDB_ID_7384,pampa,-5.7200,2022_Saunders
CycPeptMPDB_ID_7385,pampa,-6.0700,2022_Saunders
CycPeptMPDB_ID_7386,pampa,-5.8500,2022_Saunders
CycPeptMPDB_ID_7387,pampa,-6.2500,2022_Saunders
CycPeptMPDB_ID_7388,pampa,-5.0900,2022_Taechalertpaisarn
CycPeptMPDB_ID_7389,pampa,-5.7700,2022_Taechalertpaisarn
CycPeptMPDB_ID_7390,pampa,-6.1900,2022_Taechalertpaisarn
CycPeptMPDB_ID_7391,pampa,-6.5300,2022_Taechalertpaisarn
CycPeptMPDB_ID_7392,pampa,-6.5000,2022_Taechalertpaisarn
CycPeptMPDB_ID_7393,pampa,-6.2000,2022_Taechalertpaisarn
CycPeptMPDB_ID_7394,pampa,-5.3000,2022_Taechalertpaisarn
CycPeptMPDB_ID_7395,pampa,-6.2600,2022_Taechalertpaisarn
CycPeptMPDB_ID_7396,pampa,-5.9900,2022_Taechalertpaisarn
CycPeptMPDB_ID_7397,pampa,-5.9600,2022_Taechalertpaisarn
CycPeptMPDB_ID_7398,pampa,-6.8900,2022_Taechalertpaisarn
CycPeptMPDB_ID_7399,pampa,-5.8900,2022_Taechalertpaisarn
CycPeptMPDB_ID_7400,caco2,-5.5800,2022_Taechalertpaisarn
CycPeptMPDB_ID_7400,pampa,-5.1000,2022_Taechalertpaisarn
CycPeptMPDB_ID_7401,caco2,-6.4100,2022_Taechalertpaisarn
CycPeptMPDB_ID_7401,pampa,-5.8400,2022_Taechalertpaisarn
CycPeptMPDB_ID_7402,caco2,-7.1500,2022_Taechalertpaisarn
CycPeptMPDB_ID_7402,pampa,-6.6400,2022_Taechalertpaisarn
CycPeptMPDB_ID_7403,caco2,-6.7700,2022_Taechalertpaisarn
CycPeptMPDB_ID_7403,pampa,-6.8600,2022_Taechalertpaisarn
CycPeptMPDB_ID_7404,caco2,-6.7000,2022_Taechalertpaisarn
CycPeptMPDB_ID_7404,pampa,-6.5500,2022_Taechalertpaisarn
CycPeptMPDB_ID_7405,pampa,-6.7400,2022_Taechalertpaisarn
CycPeptMPDB_ID_7406,pampa,-7.5300,2022_Taechalertpaisarn
CycPeptMPDB_ID_7407,pampa,-6.6800,2022_Taechalertpaisarn
CycPeptMPDB_ID_7408,pampa,-6.7100,2022_Taechalertpaisarn
CycPeptMPDB_ID_7409,pampa,-6.1100,2022_Taechalertpaisarn
CycPeptMPDB_ID_7410,pampa,-5.9000,2022_Taechalertpaisarn
CycPeptMPDB_ID_7411,pampa,-5.8900,2022_Taechalertpaisarn
CycPeptMPDB_ID_7412,pampa,-5.5200,2022_Taechalertpaisarn
CycPeptMPDB_ID_7413,pampa,-5.6900,2022_Taechalertpaisarn
CycPeptMPDB_ID_7414,pampa,-5.2300,2022_Taechalertpaisarn
CycPeptMPDB_ID_7415,pampa,-5.2500,2022_Taechalertpaisarn
CycPeptMPDB_ID_7416,pampa,-5.0500,2022_Taechalertpaisarn
CycPeptMPDB_ID_7417,pampa,-5.0900,2022_Taechalertpaisarn
CycPeptMPDB_ID_7418,pampa,-4.8500,2022_Taechalertpaisarn
CycPeptMPDB_ID_7419,pampa,-4.8700,2022_Taechalertpaisarn
CycPeptMPDB_ID_7420,pampa,-5.2800,2022_Taechalertpaisarn
CycPeptMPDB_ID_7421,pampa,-8.3900,2022_Taechalertpaisarn
CycPeptMPDB_ID_7422,pampa,-7.5000,2022_Taechalertpaisarn
CycPeptMPDB_ID_7423,pampa,-7.4600,2022_Taechalertpaisarn
CycPeptMPDB_ID_7424,pampa,-6.8300,2022_Taechalertpaisarn
CycPeptMPDB_ID_7425,pampa,-6.6100,2022_Taechalertpaisarn
CycPeptMPDB_ID_7426,pampa,-6.7000,2022_Taechalertpaisarn
CycPeptMPDB_ID_7427,pampa,-6.2900,2022_Taechalertpaisarn
CycPeptMPDB_ID_7428,pampa,-6.3900,2022_Taechalertpaisarn
CycPeptMPDB_ID_7429,pampa,-6.2000,2022_Taechalertpaisarn
CycPeptMPDB_ID_7430,pampa,-5.9800,2022_Taechalertpaisarn
CycPeptMPDB_ID_7431,pampa,-5.6600,2022_Taechalertpaisarn
CycPeptMPDB_ID_7432,pampa,-5.7300,2022_Taechalertpaisarn
CycPeptMPDB_ID_7433,pampa,-5.4900,2022_Taechalertpaisarn
CycPeptMPDB_ID_7434,pampa,-5.4000,2022_Taechalertpaisarn
CycPeptMPDB_ID_7435,pampa,-5.4300,2022_Taechalertpaisarn
CycPeptMPDB_ID_7436,pampa,-5.7200,2022_Taechalertpaisarn
CycPeptMPDB_ID_7437,pampa,-6.1800,2022_Taechalertpaisarn
CycPeptMPDB_ID_7438,pampa,-6.2500,2022_Taechalertpaisarn
CycPeptMPDB_ID_7439,pampa,-6.5600,2022_Taechalertpaisarn
CycPeptMPDB_ID_7440,pampa,-5.5500,2022_Tamura
CycPeptMPDB_ID_7441,pampa,-5.4100,2022_Tamura
CycPeptMPDB_ID_7442,pampa,-5.4300,2022_Tamura
CycPeptMPDB_ID_7443,pampa,-5.9300,2022_Tamura
CycPeptMPDB_ID_7444,pampa,-6.3900,2022_Tamura
CycPeptMPDB_ID_7445,pampa,-6.9600,2022_Tamura
CycPeptMPDB_ID_7446,pampa,-6.5700,2022_Tamura
CycPeptMPDB_ID_7448,pampa,-6.8200,2022_Tamura
CycPeptMPDB_ID_7449,pampa,-6.4000,2022_Tamura
CycPeptMPDB_ID_7450,pampa,-6.5900,2022_Tamura
CycPeptMPDB_ID_7452,caco2,-5.1800,2023_Ghosh
CycPeptMPDB_ID_7452,pampa,-5.6000,2023_Ghosh
CycPeptMPDB_ID_7453,caco2,-4.4100,2023_Ghosh
CycPeptMPDB_ID_7453,pampa,-4.9700,2023_Ghosh
CycPeptMPDB_ID_7454,pampa,-5.3700,2023_Ghosh
CycPeptMPDB_ID_7455,caco2,-5.5500,2023_Ghosh
CycPeptMPDB_ID_7455,pampa,-5.5100,2023_Ghosh
CycPeptMPDB_ID_7456,pampa,-5.3800,2023_Ghosh
CycPeptMPDB_ID_7457,caco2,-4.7000,2023_Ghosh
CycPeptMPDB_ID_7457,pampa,-5.1300,2023_Ghosh
CycPeptMPDB_ID_7458,caco2,-4.6500,2023_Ghosh
CycPeptMPDB_ID_7458,pampa,-5.1400,2023_Ghosh
CycPeptMPDB_ID_7459,pampa,-5.5500,2023_Ghosh
CycPeptMPDB_ID_7460,pampa,-5.0400,2023_Ghosh
CycPeptMPDB_ID_7461,pampa,-5.4900,2023_Ghosh
CycPeptMPDB_ID_7462,pampa,-5.3400,2023_Ghosh
CycPeptMPDB_ID_7463,pampa,-5.2100,2023_Ghosh
CycPeptMPDB_ID_7464,pampa,-6.4000,2023_Ghosh
CycPeptMPDB_ID_7465,pampa,-5.3300,2023_Ghosh
CycPeptMPDB_ID_7466,pampa,-6.4000,2023_Ghosh
CycPeptMPDB_ID_7467,pampa,-6.0000,2023_Ghosh
CycPeptMPDB_ID_7468,pampa,-6.4000,2023_Ghosh
CycPeptMPDB_ID_7469,pampa,-6.1000,2023_Ghosh
CycPeptMPDB_ID_7470,pampa,-5.9600,2023_Ghosh
CycPeptMPDB_ID_7471,pampa,-6.4000,2023_Ghosh
CycPeptMPDB_ID_7472,pampa,-5.5400,2023_Ghosh
CycPeptMPDB_ID_7473,pampa,-5.3500,2023_Ghosh
CycPeptMPDB_ID_7474,pampa,-5.5900,2023_Ghosh
CycPeptMPDB_ID_7475,pampa,-5.8200,2023_Ghosh
CycPeptMPDB_ID_7476,pampa,-5.0500,2023_Ghosh
CycPeptMPDB_ID_7477,pampa,-5.2400,2023_Ghosh
CycPeptMPDB_ID_7478,pampa,-5.1900,2023_Ghosh
CycPeptMPDB_ID_7479,pampa,-4.9900,2023_Ghosh
CycPeptMPDB_ID_7480,pampa,-5.1100,2023_Ghosh
CycPeptMPDB_ID_7481,pampa,-5.8900,2023_Ghosh
CycPeptMPDB_ID_7482,pampa,-5.6200,2023_Ghosh
CycPeptMPDB_ID_7483,pampa,-5.5400,2023_Ghosh
CycPeptMPDB_ID_7484,pampa,-6.0000,2023_Ghosh
CycPeptMPDB_ID_7485,pampa,-5.6400,2023_Ghosh
CycPeptMPDB_ID_7486,pampa,-5.7200,2023_Ghosh
CycPeptMPDB_ID_7487,pampa,-5.8200,2023_Ghosh
CycPeptMPDB_ID_7488,caco2,-7.1700,2023_Ohta
CycPeptMPDB_ID_7489,caco2,-6.9200,2023_Ohta
CycPeptMPDB_ID_7490,caco2,-7.6400,2023_Ohta
CycPeptMPDB_ID_7491,caco2,-6.7700,2023_Ohta
CycPeptMPDB_ID_7492,caco2,-7.4300,2023_Ohta
CycPeptMPDB_ID_7493,caco2,-7.0800,2023_Ohta
CycPeptMPDB_ID_7494,caco2,-6.7700,2023_Ohta
CycPeptMPDB_ID_7495,caco2,-7.1300,2023_Ohta
CycPeptMPDB_ID_7496,caco2,-7.0800,2023_Ohta
CycPeptMPDB_ID_7497,caco2,-7.2700,2023_Ohta
CycPeptMPDB_ID_7498,caco2,-6.5900,2023_Ohta
CycPeptMPDB_ID_7499,caco2,-6.8500,2023_Ohta
CycPeptMPDB_ID_7500,caco2,-6.9200,2023_Ohta
CycPeptMPDB_ID_7501,caco2,-6.9600,2023_Ohta
CycPeptMPDB_ID_7502,caco2,-7.2100,2023_Ohta
CycPeptMPDB_ID_7503,caco2,-6.8500,2023_Ohta
CycPeptMPDB_ID_7504,caco2,-6.8500,2023_Ohta
CycPeptMPDB_ID_7505,caco2,-6.7200,2023_Ohta
CycPeptMPDB_ID_7506,caco2,-7.2900,2023_Ohta
CycPeptMPDB_ID_7507,caco2,-7.0600,2023_Ohta
CycPeptMPDB_ID_7508,caco2,-6.4800,2023_Ohta
CycPeptMPDB_ID_7509,caco2,-6.5700,2023_Ohta
CycPeptMPDB_ID_7510,caco2,-6.8900,2023_Ohta
CycPeptMPDB_ID_7511,caco2,-6.6200,2023_Ohta
CycPeptMPDB_ID_7512,caco2,-7.4200,2023_Ohta
CycPeptMPDB_ID_7513,caco2,-6.7400,2023_Ohta
CycPeptMPDB_ID_7514,caco2,-7.4200,2023_Ohta
CycPeptMPDB_ID_7515,caco2,-5.2400,2023_Ohta
CycPeptMPDB_ID_7516,caco2,-6.5100,2023_Ohta
CycPeptMPDB_ID_7517,caco2,-5.2800,2023_Ohta
CycPeptMPDB_ID_7518,caco2,-6.3700,2023_Ohta
CycPeptMPDB_ID_7519,caco2,-5.8000,2023_Ohta
CycPeptMPDB_ID_7520,caco2,-7.2300,2023_Ohta
CycPeptMPDB_ID_7521,caco2,-7.1900,2023_Ohta
CycPeptMPDB_ID_7522,caco2,-7.5200,2023_Ohta
CycPeptMPDB_ID_7523,caco2,-6.0200,2023_Ohta
CycPeptMPDB_ID_7524,caco2,-7.2700,2023_Ohta
CycPeptMPDB_ID_7525,caco2,-7.5900,2023_Ohta
CycPeptMPDB_ID_7526,caco2,-6.2100,2023_Ohta
CycPeptMPDB_ID_7527,caco2,-7.0700,2023_Ohta
CycPeptMPDB_ID_7528,caco2,-7.4900,2023_Ohta
CycPeptMPDB_ID_7529,caco2,-6.1900,2023_Ohta
CycPeptMPDB_ID_7530,caco2,-7.6000,2023_Ohta
CycPeptMPDB_ID_7531,caco2,-7.1900,2023_Ohta
CycPeptMPDB_ID_7532,caco2,-5.8900,2023_Ohta
CycPeptMPDB_ID_7533,caco2,-6.2400,2023_Ohta
CycPeptMPDB_ID_7534,caco2,-7.3400,2023_Ohta
CycPeptMPDB_ID_7535,caco2,-7.1100,2023_Ohta
CycPeptMPDB_ID_7536,caco2,-7.1900,2023_Ohta
CycPeptMPDB_ID_7537,caco2,-6.8900,2023_Ohta
CycPeptMPDB_ID_7538,caco2,-7.1100,2023_Ohta
CycPeptMPDB_ID_7539,caco2,-7.0400,2023_Ohta
CycPeptMPDB_ID_7540,caco2,-6.6800,2023_Ohta
CycPeptMPDB_ID_7541,caco2,-7.2100,2023_Ohta
CycPeptMPDB_ID_7542,caco2,-7.1600,2023_Ohta
CycPeptMPDB_ID_7543,caco2,-7.1200,2023_Ohta
CycPeptMPDB_ID_7544,caco2,-6.8000,2023_Ohta
CycPeptMPDB_ID_7545,caco2,-6.7700,2023_Ohta
CycPeptMPDB_ID_7546,caco2,-5.7000,2023_Ohta
CycPeptMPDB_ID_7547,caco2,-5.4000,2023_Ohta
CycPeptMPDB_ID_7548,caco2,-5.6000,2023_Ohta
CycPeptMPDB_ID_7549,caco2,-6.5900,2023_Ohta
CycPeptMPDB_ID_7550,caco2,-5.4400,2023_Ohta
CycPeptMPDB_ID_7551,caco2,-7.0500,2023_Ohta
CycPeptMPDB_ID_7552,caco2,-6.5900,2023_Ohta
CycPeptMPDB_ID_7553,caco2,-7.6000,2023_Ohta
CycPeptMPDB_ID_7554,caco2,-7.4200,2023_Ohta
CycPeptMPDB_ID_7555,caco2,-7.3100,2023_Ohta
CycPeptMPDB_ID_7556,caco2,-5.2800,2023_Ohta
CycPeptMPDB_ID_7557,caco2,-7.1200,2023_Ohta
CycPeptMPDB_ID_7558,caco2,-7.4100,2023_Ohta
CycPeptMPDB_ID_7559,caco2,-5.5500,2023_Ohta
CycPeptMPDB_ID_7560,caco2,-7.1400,2023_Ohta
CycPeptMPDB_ID_7561,caco2,-7.3400,2023_Ohta
CycPeptMPDB_ID_7562,caco2,-7.7400,2023_Ohta
CycPeptMPDB_ID_7563,caco2,-6.6000,2023_Ohta
CycPeptMPDB_ID_7564,caco2,-7.6200,2023_Ohta
CycPeptMPDB_ID_7565,caco2,-6.5400,2023_Ohta
CycPeptMPDB_ID_7566,caco2,-7.6200,2023_Ohta
CycPeptMPDB_ID_7567,caco2,-7.0300,2023_Ohta
CycPeptMPDB_ID_7568,caco2,-5.7200,2023_Ohta
CycPeptMPDB_ID_7569,caco2,-6.7700,2023_Ohta
CycPeptMPDB_ID_7570,caco2,-7.1900,2023_Ohta
CycPeptMPDB_ID_7571,caco2,-7.0800,2023_Ohta
CycPeptMPDB_ID_7572,caco2,-6.9200,2023_Ohta
CycPeptMPDB_ID_7573,caco2,-5.3900,2023_Ohta
CycPeptMPDB_ID_7574,caco2,-5.7700,2023_Ohta
CycPeptMPDB_ID_7575,caco2,-6.2400,2023_Ohta
CycPeptMPDB_ID_7576,caco2,-6.9600,2023_Ohta
CycPeptMPDB_ID_7577,caco2,-7.2400,2023_Ohta
CycPeptMPDB_ID_7578,caco2,-6.5500,2023_Ohta
CycPeptMPDB_ID_7579,caco2,-6.5900,2023_Ohta
CycPeptMPDB_ID_7580,caco2,-6.7400,2023_Ohta
CycPeptMPDB_ID_7581,caco2,-7.5700,2023_Ohta
CycPeptMPDB_ID_7582,caco2,-7.1700,2023_Ohta
CycPeptMPDB_ID_7583,caco2,-7.1900,2023_Ohta
CycPeptMPDB_ID_7584,caco2,-6.9200,2023_Ohta
CycPeptMPDB_ID_7585,caco2,-6.2600,2023_Ohta
CycPeptMPDB_ID_7586,caco2,-6.8900,2023_Ohta
CycPeptMPDB_ID_7587,caco2,-7.2400,2023_Ohta
CycPeptMPDB_ID_7588,caco2,-7.2700,2023_Ohta
CycPeptMPDB_ID_7589,caco2,-5.9200,2023_Ohta
CycPeptMPDB_ID_7590,caco2,-6.7700,2023_Ohta
CycPeptMPDB_ID_7591,caco2,-5.9600,2023_Ohta
CycPeptMPDB_ID_7592,caco2,-6.2700,2023_Ohta
CycPeptMPDB_ID_7593,caco2,-5.5400,2023_Ohta
CycPeptMPDB_ID_7594,caco2,-7.2000,2023_Ohta
CycPeptMPDB_ID_7595,caco2,-7.4600,2023_Ohta
CycPeptMPDB_ID_7596,caco2,-5.4700,2023_Ohta
CycPeptMPDB_ID_7597,caco2,-7.5500,2023_Ohta
CycPeptMPDB_ID_7598,caco2,-5.2700,2023_Ohta
CycPeptMPDB_ID_7599,caco2,-6.2400,2023_Ohta
CycPeptMPDB_ID_7600,caco2,-5.8900,2023_Ohta
CycPeptMPDB_ID_7601,caco2,-5.9600,2023_Ohta
CycPeptMPDB_ID_7602,caco2,-7.3200,2023_Ohta
CycPeptMPDB_ID_7603,caco2,-6.7200,2023_Ohta
CycPeptMPDB_ID_7604,caco2,-6.4400,2023_Ohta
CycPeptMPDB_ID_7605,caco2,-6.9600,2023_Ohta
CycPeptMPDB_ID_7606,caco2,-7.6800,2023_Ohta
CycPeptMPDB_ID_7607,caco2,-6.8200,2023_Ohta
CycPeptMPDB_ID_7608,caco2,-7.1400,2023_Ohta
CycPeptMPDB_ID_7609,caco2,-6.3100,2023_Ohta
CycPeptMPDB_ID_7610,caco2,-5.8000,2023_Ohta
CycPeptMPDB_ID_7611,caco2,-7.0100,2023_Ohta
CycPeptMPDB_ID_7612,caco2,-5.3000,2023_Ohta
CycPeptMPDB_ID_7613,caco2,-7.0900,2023_Ohta
CycPeptMPDB_ID_7614,caco2,-6.5400,2023_Ohta
CycPeptMPDB_ID_7615,caco2,-6.4800,2023_Ohta
CycPeptMPDB_ID_7616,caco2,-6.6800,2023_Ohta
CycPeptMPDB_ID_7617,caco2,-6.1400,2023_Ohta
CycPeptMPDB_ID_7618,caco2,-7.3000,2023_Ohta
CycPeptMPDB_ID_7619,caco2,-6.7200,2023_Ohta
CycPeptMPDB_ID_7620,caco2,-6.8900,2023_Ohta
CycPeptMPDB_ID_7621,caco2,-7.5400,2023_Ohta
CycPeptMPDB_ID_7622,caco2,-7.6400,2023_Ohta
CycPeptMPDB_ID_7623,caco2,-7.0100,2023_Ohta
CycPeptMPDB_ID_7624,caco2,-6.6800,2023_Ohta
CycPeptMPDB_ID_7625,caco2,-6.1800,2023_Ohta
CycPeptMPDB_ID_7626,caco2,-6.6400,2023_Ohta
CycPeptMPDB_ID_7627,caco2,-7.2400,2023_Ohta
CycPeptMPDB_ID_7628,caco2,-7.2500,2023_Ohta
CycPeptMPDB_ID_7629,caco2,-7.6000,2023_Ohta
CycPeptMPDB_ID_7630,caco2,-7.7400,2023_Ohta
CycPeptMPDB_ID_7631,caco2,-7.1500,2023_Ohta
CycPeptMPDB_ID_7632,caco2,-7.3800,2023_Ohta
CycPeptMPDB_ID_7633,caco2,-6.5400,2023_Ohta
CycPeptMPDB_ID_7634,caco2,-6.9600,2023_Ohta
CycPeptMPDB_ID_7635,caco2,-6.6400,2023_Ohta
CycPeptMPDB_ID_7636,caco2,-6.3100,2023_Ohta
CycPeptMPDB_ID_7637,caco2,-6.9600,2023_Ohta
CycPeptMPDB_ID_7638,caco2,-6.5200,2023_Ohta
CycPeptMPDB_ID_7639,caco2,-6.2000,2023_Ohta
CycPeptMPDB_ID_7640,caco2,-6.4900,2023_Ohta
CycPeptMPDB_ID_7641,caco2,-7.1400,2023_Ohta
CycPeptMPDB_ID_7642,caco2,-7.1900,2023_Ohta
CycPeptMPDB_ID_7643,caco2,-7.3700,2023_Ohta
CycPeptMPDB_ID_7644,caco2,-7.1900,2023_Ohta
CycPeptMPDB_ID_7645,caco2,-6.5500,2023_Ohta
CycPeptMPDB_ID_7646,caco2,-7.6600,2023_Ohta
CycPeptMPDB_ID_7647,caco2,-6.8000,2023_Ohta
CycPeptMPDB_ID_7648,caco2,-6.7000,2023_Ohta
CycPeptMPDB_ID_7649,caco2,-6.5900,2023_Ohta
CycPeptMPDB_ID_7650,caco2,-7.4900,2023_Ohta
CycPeptMPDB_ID_7651,caco2,-6.9600,2023_Ohta
CycPeptMPDB_ID_7652,caco2,-6.8500,2023_Ohta
CycPeptMPDB_ID_7653,caco2,-6.1900,2023_Ohta
CycPeptMPDB_ID_7654,caco2,-6.6800,2023_Ohta
CycPeptMPDB_ID_7655,caco2,-7.4900,2023_Ohta
CycPeptMPDB_ID_7656,caco2,-7.1500,2023_Ohta
CycPeptMPDB_ID_7657,caco2,-6.8000,2023_Ohta
CycPeptMPDB_ID_7658,caco2,-6.9600,2023_Ohta
CycPeptMPDB_ID_7659,caco2,-5.7700,2023_Ohta
CycPeptMPDB_ID_7660,caco2,-5.8200,2023_Ohta
CycPeptMPDB_ID_7661,caco2,-6.6000,2023_Ohta
CycPeptMPDB_ID_7662,caco2,-5.7200,2023_Ohta
CycPeptMPDB_ID_7663,caco2,-7.7700,2023_Ohta
CycPeptMPDB_ID_7664,caco2,-5.6600,2023_Ohta
CycPeptMPDB_ID_7665,caco2,-7.3100,2023_Ohta
CycPeptMPDB_ID_7666,caco2,-6.8500,2023_Ohta
CycPeptMPDB_ID_7667,caco2,-6.2900,2023_Ohta
CycPeptMPDB_ID_7668,caco2,-5.7200,2023_Ohta
CycPeptMPDB_ID_7669,caco2,-5.9600,2023_Ohta
CycPeptMPDB_ID_7670,caco2,-6.6400,2023_Ohta
CycPeptMPDB_ID_7671,caco2,-5.7400,2023_Ohta
CycPeptMPDB_ID_7672,caco2,-7.2500,2023_Ohta
CycPeptMPDB_ID_7673,caco2,-7.4100,2023_Ohta
CycPeptMPDB_ID_7674,caco2,-6.7400,2023_Ohta
CycPeptMPDB_ID_7675,caco2,-7.2400,2023_Ohta
CycPeptMPDB_ID_7676,caco2,-7.1500,2023_Ohta
CycPeptMPDB_ID_7677,caco2,-7.1500,2023_Ohta
CycPeptMPDB_ID_7678,caco2,-7.1400,2023_Ohta
CycPeptMPDB_ID_7679,caco2,-7.4800,2023_Ohta
CycPeptMPDB_ID_7680,caco2,-7.6400,2023_Ohta
CycPeptMPDB_ID_7681,caco2,-7.0800,2023_Ohta
CycPeptMPDB_ID_7682,caco2,-7.1100,2023_Ohta
CycPeptMPDB_ID_7683,caco2,-7.3800,2023_Ohta
CycPeptMPDB_ID_7684,caco2,-7.1400,2023_Ohta
CycPeptMPDB_ID_7685,caco2,-7.4100,2023_Ohta
CycPeptMPDB_ID_7686,caco2,-8.0600,2023_Ohta
CycPeptMPDB_ID_7687,caco2,-5.7200,2023_Ohta
CycPeptMPDB_ID_7688,caco2,-7.3900,2023_Ohta
CycPeptMPDB_ID_7689,caco2,-6.3500,2023_Ohta
CycPeptMPDB_ID_7690,caco2,-7.2100,2023_Ohta
CycPeptMPDB_ID_7691,caco2,-7.0300,2023_Ohta
CycPeptMPDB_ID_7692,caco2,-6.9200,2023_Ohta
CycPeptMPDB_ID_7693,caco2,-7.0300,2023_Ohta
CycPeptMPDB_ID_7694,caco2,-7.2100,2023_Ohta
CycPeptMPDB_ID_7695,caco2,-5.4700,2023_Ohta
CycPeptMPDB_ID_7696,caco2,-7.0800,2023_Ohta
CycPeptMPDB_ID_7697,caco2,-7.0600,2023_Ohta
CycPeptMPDB_ID_7698,caco2,-7.4900,2023_Ohta
CycPeptMPDB_ID_7699,caco2,-7.3000,2023_Ohta
CycPeptMPDB_ID_7700,caco2,-7.8500,2023_Ohta
CycPeptMPDB_ID_7701,caco2,-7.4700,2023_Ohta
CycPeptMPDB_ID_7702,caco2,-7.0700,2023_Ohta
CycPeptMPDB_ID_7703,caco2,-6.4800,2023_Ohta
CycPeptMPDB_ID_7704,caco2,-7.2900,2023_Ohta
CycPeptMPDB_ID_7705,caco2,-7.5200,2023_Ohta
CycPeptMPDB_ID_7706,caco2,-7.1000,2023_Ohta
CycPeptMPDB_ID_7707,caco2,-7.5900,2023_Ohta
CycPeptMPDB_ID_7708,caco2,-7.0100,2023_Ohta
CycPeptMPDB_ID_7709,caco2,-6.4400,2023_Ohta
CycPeptMPDB_ID_7710,caco2,-6.8500,2023_Ohta
CycPeptMPDB_ID_7711,caco2,-7.1800,2023_Ohta
CycPeptMPDB_ID_7712,caco2,-5.5900,2023_Ohta
CycPeptMPDB_ID_7713,caco2,-7.4400,2023_Ohta
CycPeptMPDB_ID_7714,caco2,-7.4000,2023_Ohta
CycPeptMPDB_ID_7715,caco2,-7.0600,2023_Ohta
CycPeptMPDB_ID_7716,caco2,-7.3300,2023_Ohta
CycPeptMPDB_ID_7717,caco2,-6.9600,2023_Ohta
CycPeptMPDB_ID_7718,caco2,-5.4600,2023_Ohta
CycPeptMPDB_ID_7719,caco2,-7.2100,2023_Ohta
CycPeptMPDB_ID_7720,caco2,-7.0100,2023_Ohta
CycPeptMPDB_ID_7721,caco2,-7.4900,2023_Ohta
CycPeptMPDB_ID_7722,caco2,-5.4200,2023_Ohta
CycPeptMPDB_ID_7723,caco2,-7.0400,2023_Ohta
CycPeptMPDB_ID_7724,caco2,-7.5100,2023_Ohta
CycPeptMPDB_ID_7725,caco2,-7.2800,2023_Ohta
CycPeptMPDB_ID_7726,caco2,-6.5500,2023_Ohta
CycPeptMPDB_ID_7727,caco2,-7.0700,2023_Ohta
CycPeptMPDB_ID_7728,caco2,-7.2200,2023_Ohta
CycPeptMPDB_ID_7729,caco2,-7.4300,2023_Ohta
CycPeptMPDB_ID_7730,caco2,-7.0000,2023_Ohta
CycPeptMPDB_ID_7731,caco2,-7.5100,2023_Ohta
CycPeptMPDB_ID_7732,caco2,-7.2400,2023_Ohta
CycPeptMPDB_ID_7733,caco2,-7.1000,2023_Ohta
CycPeptMPDB_ID_7734,caco2,-5.9600,2023_Ohta
CycPeptMPDB_ID_7735,caco2,-6.8900,2023_Ohta
CycPeptMPDB_ID_7736,caco2,-5.8500,2023_Ohta
CycPeptMPDB_ID_7737,caco2,-7.1400,2023_Ohta
CycPeptMPDB_ID_7738,caco2,-7.1000,2023_Ohta
CycPeptMPDB_ID_7739,caco2,-6.4800,2023_Ohta
CycPeptMPDB_ID_7740,caco2,-6.9600,2023_Ohta
CycPeptMPDB_ID_7741,caco2,-7.0700,2023_Ohta
CycPeptMPDB_ID_7742,caco2,-7.4000,2023_Ohta
CycPeptMPDB_ID_7743,caco2,-6.7700,2023_Ohta
CycPeptMPDB_ID_7744,caco2,-6.1100,2023_Ohta
CycPeptMPDB_ID_7745,caco2,-7.5400,2023_Ohta
CycPeptMPDB_ID_7746,caco2,-7.1100,2023_Ohta
CycPeptMPDB_ID_7747,caco2,-7.0000,2023_Ohta
CycPeptMPDB_ID_7748,caco2,-7.4700,2023_Ohta
CycPeptMPDB_ID_7749,caco2,-5.9200,2023_Ohta
CycPeptMPDB_ID_7750,caco2,-7.1400,2023_Ohta
CycPeptMPDB_ID_7751,caco2,-7.0500,2023_Ohta
CycPeptMPDB_ID_7752,caco2,-7.0700,2023_Ohta
CycPeptMPDB_ID_7753,caco2,-6.2800,2023_Ohta
CycPeptMPDB_ID_7754,caco2,-6.9200,2023_Ohta
CycPeptMPDB_ID_7755,caco2,-6.9600,2023_Ohta
CycPeptMPDB_ID_7756,caco2,-6.9600,2023_Ohta
CycPeptMPDB_ID_7757,caco2,-6.6400,2023_Ohta
CycPeptMPDB_ID_7758,caco2,-7.0400,2023_Ohta
CycPeptMPDB_ID_7759,caco2,-5.8000,2023_Ohta
CycPeptMPDB_ID_7760,caco2,-7.4300,2023_Ohta
CycPeptMPDB_ID_7761,caco2,-6.3000,2023_Ohta
CycPeptMPDB_ID_7762,caco2,-7.1400,2023_Ohta
CycPeptMPDB_ID_7763,caco2,-7.2300,2023_Ohta
CycPeptMPDB_ID_7764,caco2,-7.2300,2023_Ohta
CycPeptMPDB_ID_7765,caco2,-7.0700,2023_Ohta
CycPeptMPDB_ID_7766,caco2,-7.8900,2023_Ohta
CycPeptMPDB_ID_7767,caco2,-7.0300,2023_Ohta
CycPeptMPDB_ID_7768,caco2,-6.7000,2023_Ohta
CycPeptMPDB_ID_7769,caco2,-7.4700,2023_Ohta
CycPeptMPDB_ID_7770,caco2,-6.5200,2023_Ohta
CycPeptMPDB_ID_7771,caco2,-7.4700,2023_Ohta
CycPeptMPDB_ID_7772,caco2,-7.4000,2023_Ohta
CycPeptMPDB_ID_7773,caco2,-7.3800,2023_Ohta
CycPeptMPDB_ID_7774,caco2,-7.7200,2023_Ohta
CycPeptMPDB_ID_7775,caco2,-7.0700,2023_Ohta
CycPeptMPDB_ID_7776,caco2,-6.7400,2023_Ohta
CycPeptMPDB_ID_7777,caco2,-7.3000,2023_Ohta
CycPeptMPDB_ID_7778,caco2,-7.6000,2023_Ohta
CycPeptMPDB_ID_7779,caco2,-7.0900,2023_Ohta
CycPeptMPDB_ID_7780,caco2,-7.7000,2023_Ohta
CycPeptMPDB_ID_7781,caco2,-7.2000,2023_Ohta
CycPeptMPDB_ID_7782,caco2,-6.2000,2023_Ohta
CycPeptMPDB_ID_7783,caco2,-7.5400,2023_Ohta
CycPeptMPDB_ID_7784,caco2,-7.5500,2023_Ohta
CycPeptMPDB_ID_7785,caco2,-6.4300,2023_Ohta
CycPeptMPDB_ID_7786,caco2,-6.8000,2023_Ohta
CycPeptMPDB_ID_7787,caco2,-7.5700,2023_Ohta
CycPeptMPDB_ID_7788,caco2,-6.5200,2023_Ohta
CycPeptMPDB_ID_7789,caco2,-6.0600,2023_Ohta
CycPeptMPDB_ID_7790,caco2,-6.1600,2023_Ohta
CycPeptMPDB_ID_7791,caco2,-7.1800,2023_Ohta
CycPeptMPDB_ID_7792,caco2,-5.7200,2023_Ohta
CycPeptMPDB_ID_7793,caco2,-7.1900,2023_Ohta
CycPeptMPDB_ID_7794,caco2,-5.1000,2023_Ohta
CycPeptMPDB_ID_7795,caco2,-5.8500,2023_Ohta
CycPeptMPDB_ID_7796,caco2,-5.8000,2023_Ohta
CycPeptMPDB_ID_7797,caco2,-6.9600,2023_Ohta
CycPeptMPDB_ID_7798,caco2,-6.5200,2023_Ohta
CycPeptMPDB_ID_7799,caco2,-6.1700,2023_Ohta
CycPeptMPDB_ID_7800,caco2,-5.2500,2023_Ohta
CycPeptMPDB_ID_7801,caco2,-6.0200,2023_Ohta
CycPeptMPDB_ID_7802,caco2,-6.5500,2023_Ohta
CycPeptMPDB_ID_7803,caco2,-6.2600,2023_Ohta
CycPeptMPDB_ID_7804,caco2,-6.2000,2023_Ohta
CycPeptMPDB_ID_7805,caco2,-6.2100,2023_Ohta
CycPeptMPDB_ID_7806,caco2,-6.7000,2023_Ohta
CycPeptMPDB_ID_7807,caco2,-6.2300,2023_Ohta
CycPeptMPDB_ID_7808,caco2,-7.1100,2023_Ohta
CycPeptMPDB_ID_7809,caco2,-7.2400,2023_Ohta
CycPeptMPDB_ID_7810,caco2,-6.7200,2023_Ohta
CycPeptMPDB_ID_7811,caco2,-5.9200,2023_Ohta
CycPeptMPDB_ID_7812,caco2,-6.7200,2023_Ohta
CycPeptMPDB_ID_7813,caco2,-5.8900,2023_Ohta
CycPeptMPDB_ID_7814,caco2,-6.8900,2023_Ohta
CycPeptMPDB_ID_7815,caco2,-6.3800,2023_Ohta
CycPeptMPDB_ID_7816,caco2,-5.7200,2023_Ohta
CycPeptMPDB_ID_7817,caco2,-7.1900,2023_Ohta
CycPeptMPDB_ID_7818,caco2,-6.7200,2023_Ohta
CycPeptMPDB_ID_7819,caco2,-5.8000,2023_Ohta
CycPeptMPDB_ID_7820,caco2,-5.7200,2023_Ohta
CycPeptMPDB_ID_7821,caco2,-6.6200,2023_Ohta
CycPeptMPDB_ID_7822,caco2,-5.9200,2023_Ohta
CycPeptMPDB_ID_7823,caco2,-5.8900,2023_Ohta
CycPeptMPDB_ID_7824,caco2,-7.0700,2023_Ohta
CycPeptMPDB_ID_7825,caco2,-5.5900,2023_Ohta
CycPeptMPDB_ID_7826,caco2,-7.2400,2023_Ohta
CycPeptMPDB_ID_7827,caco2,-6.8000,2023_Ohta
CycPeptMPDB_ID_7828,caco2,-7.1200,2023_Ohta
CycPeptMPDB_ID_7829,caco2,-7.3300,2023_Ohta
CycPeptMPDB_ID_7830,caco2,-7.1700,2023_Ohta
CycPeptMPDB_ID_7831,caco2,-7.2000,2023_Ohta
CycPeptMPDB_ID_7832,caco2,-7.2200,2023_Ohta
CycPeptMPDB_ID_7833,caco2,-5.8200,2023_Ohta
CycPeptMPDB_ID_7834,caco2,-7.1900,2023_Ohta
CycPeptMPDB_ID_7835,caco2,-7.1700,2023_Ohta
CycPeptMPDB_ID_7836,caco2,-5.5400,2023_Ohta
CycPeptMPDB_ID_7837,caco2,-5.9200,2023_Ohta
CycPeptMPDB_ID_7838,caco2,-6.5500,2023_Ohta
CycPeptMPDB_ID_7839,caco2,-6.4300,2023_Ohta
CycPeptMPDB_ID_7840,caco2,-5.7400,2023_Ohta
CycPeptMPDB_ID_7841,caco2,-6.4400,2023_Ohta
CycPeptMPDB_ID_7842,caco2,-5.6600,2023_Ohta
CycPeptMPDB_ID_7843,caco2,-7.1400,2023_Ohta
CycPeptMPDB_ID_7844,caco2,-5.5700,2023_Ohta
CycPeptMPDB_ID_7845,caco2,-5.4000,2023_Ohta
CycPeptMPDB_ID_7846,caco2,-6.0300,2023_Ohta
CycPeptMPDB_ID_7847,caco2,-6.8900,2023_Ohta
CycPeptMPDB_ID_7848,caco2,-6.6600,2023_Ohta
CycPeptMPDB_ID_7849,caco2,-5.6800,2023_Ohta
CycPeptMPDB_ID_7850,caco2,-6.1800,2023_Ohta
CycPeptMPDB_ID_7851,caco2,-6.4300,2023_Ohta
CycPeptMPDB_ID_7852,caco2,-6.3400,2023_Ohta
CycPeptMPDB_ID_7853,caco2,-6.1200,2023_Ohta
CycPeptMPDB_ID_7854,caco2,-6.0600,2023_Ohta
CycPeptMPDB_ID_7855,caco2,-6.0500,2023_Ohta
CycPeptMPDB_ID_7856,caco2,-5.7400,2023_Ohta
CycPeptMPDB_ID_7857,caco2,-6.2700,2023_Ohta
CycPeptMPDB_ID_7858,caco2,-6.0000,2023_Ohta
CycPeptMPDB_ID_7859,caco2,-6.3200,2023_Ohta
CycPeptMPDB_ID_7860,caco2,-6.0800,2023_Ohta
CycPeptMPDB_ID_7861,caco2,-5.8000,2023_Ohta
CycPeptMPDB_ID_7862,caco2,-6.5100,2023_Ohta
CycPeptMPDB_ID_7863,caco2,-5.9200,2023_Ohta
CycPeptMPDB_ID_7864,caco2,-5.4900,2023_Ohta
CycPeptMPDB_ID_7865,caco2,-5.7000,2023_Ohta
CycPeptMPDB_ID_7866,caco2,-5.3700,2023_Ohta
CycPeptMPDB_ID_7867,caco2,-5.6200,2023_Ohta
CycPeptMPDB_ID_7868,caco2,-5.8000,2023_Ohta
CycPeptMPDB_ID_7869,caco2,-6.4000,2023_Ohta
CycPeptMPDB_ID_7870,caco2,-5.6200,2023_Ohta
CycPeptMPDB_ID_7871,caco2,-5.3800,2023_Ohta
CycPeptMPDB_ID_7872,caco2,-5.5100,2023_Ohta
CycPeptMPDB_ID_7873,caco2,-6.6200,2023_Ohta
CycPeptMPDB_ID_7874,caco2,-6.4100,2023_Ohta
CycPeptMPDB_ID_7875,caco2,-6.5100,2023_Ohta
CycPeptMPDB_ID_7876,caco2,-6.2800,2023_Ohta
CycPeptMPDB_ID_7877,caco2,-6.8200,2023_Ohta
CycPeptMPDB_ID_7878,caco2,-6.4200,2023_Ohta
CycPeptMPDB_ID_7879,caco2,-6.4700,2023_Ohta
CycPeptMPDB_ID_7880,caco2,-5.5100,2023_Ohta
CycPeptMPDB_ID_7881,caco2,-7.0200,2023_Ohta
CycPeptMPDB_ID_7882,caco2,-7.5400,2023_Ohta
CycPeptMPDB_ID_7883,caco2,-7.5400,2023_Ohta
CycPeptMPDB_ID_7884,caco2,-6.1700,2023_Ohta
CycPeptMPDB_ID_7885,caco2,-6.3800,2023_Ohta
CycPeptMPDB_ID_7886,caco2,-6.2800,2023_Ohta
CycPeptMPDB_ID_7887,caco2,-5.8000,2023_Ohta
CycPeptMPDB_ID_7888,caco2,-6.6000,2023_Ohta
CycPeptMPDB_ID_7889,caco2,-6.1400,2023_Ohta
CycPeptMPDB_ID_7890,caco2,-5.8200,2023_Ohta
CycPeptMPDB_ID_7891,caco2,-5.8900,2023_Ohta
CycPeptMPDB_ID_7892,caco2,-5.4100,2023_Ohta
CycPeptMPDB_ID_7893,caco2,-5.5400,2023_Ohta
CycPeptMPDB_ID_7894,caco2,-5.5900,2023_Ohta
CycPeptMPDB_ID_7895,caco2,-5.0300,2023_Ohta
CycPeptMPDB_ID_7896,caco2,-6.8000,2023_Ohta
CycPeptMPDB_ID_7897,caco2,-5.7700,2023_Ohta
CycPeptMPDB_ID_7898,caco2,-5.8500,2023_Ohta
CycPeptMPDB_ID_7899,caco2,-5.8500,2023_Ohta
CycPeptMPDB_ID_7900,caco2,-5.7200,2023_Ohta
CycPeptMPDB_ID_7901,caco2,-6.0700,2023_Ohta
CycPeptMPDB_ID_7902,caco2,-5.6600,2023_Ohta
CycPeptMPDB_ID_7903,caco2,-5.7200,2023_Ohta
CycPeptMPDB_ID_7904,caco2,-5.3700,2023_Ohta
CycPeptMPDB_ID_7905,caco2,-5.5900,2023_Ohta
CycPeptMPDB_ID_7906,caco2,-5.6000,2023_Ohta
CycPeptMPDB_ID_7907,caco2,-6.0000,2023_Ohta
CycPeptMPDB_ID_7908,caco2,-5.4900,2023_Ohta
CycPeptMPDB_ID_7909,caco2,-5.8900,2023_Ohta
CycPeptMPDB_ID_7910,caco2,-5.7200,2023_Ohta
CycPeptMPDB_ID_7911,caco2,-5.5900,2023_Ohta
CycPeptMPDB_ID_7912,caco2,-5.5200,2023_Ohta
CycPeptMPDB_ID_7913,caco2,-5.7200,2023_Ohta
CycPeptMPDB_ID_7914,caco2,-5.8200,2023_Ohta
CycPeptMPDB_ID_7915,caco2,-5.7000,2023_Ohta
CycPeptMPDB_ID_7916,caco2,-6.0500,2023_Ohta
CycPeptMPDB_ID_7917,caco2,-5.5200,2023_Ohta
CycPeptMPDB_ID_7918,caco2,-5.4900,2023_Ohta
CycPeptMPDB_ID_7919,caco2,-6.6600,2023_Ohta
CycPeptMPDB_ID_7920,caco2,-6.0700,2023_Ohta
CycPeptMPDB_ID_7921,caco2,-6.8900,2023_Ohta
CycPeptMPDB_ID_7922,caco2,-6.6600,2023_Ohta
CycPeptMPDB_ID_7923,caco2,-7.0500,2023_Ohta
CycPeptMPDB_ID_7924,caco2,-5.5700,2023_Ohta
CycPeptMPDB_ID_7925,caco2,-6.3200,2023_Ohta
CycPeptMPDB_ID_7926,caco2,-6.7000,2023_Ohta
CycPeptMPDB_ID_7927,caco2,-6.5700,2023_Ohta
CycPeptMPDB_ID_7928,caco2,-6.8900,2023_Ohta
CycPeptMPDB_ID_7929,caco2,-7.0000,2023_Ohta
CycPeptMPDB_ID_7930,caco2,-6.7400,2023_Ohta
CycPeptMPDB_ID_7931,caco2,-6.6000,2023_Ohta
CycPeptMPDB_ID_7932,caco2,-5.8200,2023_Ohta
CycPeptMPDB_ID_7933,caco2,-6.1400,2023_Ohta
CycPeptMPDB_ID_7934,caco2,-6.2000,2023_Ohta
CycPeptMPDB_ID_7935,caco2,-5.8200,2023_Ohta
CycPeptMPDB_ID_7936,caco2,-6.2100,2023_Ohta
CycPeptMPDB_ID_7937,caco2,-6.8500,2023_Ohta
CycPeptMPDB_ID_7938,caco2,-6.2100,2023_Ohta
CycPeptMPDB_ID_7939,caco2,-5.2800,2023_Ohta
CycPeptMPDB_ID_7940,caco2,-5.8900,2023_Ohta
CycPeptMPDB_ID_7941,caco2,-6.1300,2023_Ohta
CycPeptMPDB_ID_7942,caco2,-5.8000,2023_Ohta
CycPeptMPDB_ID_7943,caco2,-5.5700,2023_Ohta
CycPeptMPDB_ID_7944,caco2,-5.5500,2023_Ohta
CycPeptMPDB_ID_7945,caco2,-5.6400,2023_Ohta
CycPeptMPDB_ID_7946,caco2,-6.2400,2023_Ohta
CycPeptMPDB_ID_7947,caco2,-6.1700,2023_Ohta
CycPeptMPDB_ID_7948,caco2,-6.2000,2023_Ohta
CycPeptMPDB_ID_7949,caco2,-6.0100,2023_Ohta
CycPeptMPDB_ID_7950,caco2,-5.8000,2023_Ohta
CycPeptMPDB_ID_7951,caco2,-6.2800,2023_Ohta
CycPeptMPDB_ID_7952,caco2,-6.0900,2023_Ohta
CycPeptMPDB_ID_7953,caco2,-5.9200,2023_Ohta
CycPeptMPDB_ID_7954,caco2,-6.1000,2023_Ohta
CycPeptMPDB_ID_7955,caco2,-5.8500,2023_Ohta
CycPeptMPDB_ID_7956,caco2,-6.0500,2023_Ohta
CycPeptMPDB_ID_7957,caco2,-6.1200,2023_Ohta
CycPeptMPDB_ID_7958,caco2,-7.6200,2023_Ohta
CycPeptMPDB_ID_7959,caco2,-5.4800,2023_Ohta
CycPeptMPDB_ID_7960,caco2,-6.2400,2023_Ohta
CycPeptMPDB_ID_7961,caco2,-5.9200,2023_Ohta
CycPeptMPDB_ID_7962,caco2,-6.1600,2023_Ohta
CycPeptMPDB_ID_7963,caco2,-5.8000,2023_Ohta
CycPeptMPDB_ID_7964,caco2,-6.5400,2023_Ohta
CycPeptMPDB_ID_7965,caco2,-6.7200,2023_Ohta
CycPeptMPDB_ID_7966,caco2,-6.2100,2023_Ohta
CycPeptMPDB_ID_7967,caco2,-6.2700,2023_Ohta
CycPeptMPDB_ID_7968,caco2,-6.2700,2023_Ohta
CycPeptMPDB_ID_7969,caco2,-6.7700,2023_Ohta
CycPeptMPDB_ID_7970,caco2,-6.5400,2023_Ohta
CycPeptMPDB_ID_7971,caco2,-6.6400,2023_Ohta
CycPeptMPDB_ID_7972,caco2,-6.4200,2023_Ohta
CycPeptMPDB_ID_7973,caco2,-6.8200,2023_Ohta
CycPeptMPDB_ID_7974,caco2,-6.5400,2023_Ohta
CycPeptMPDB_ID_7975,caco2,-6.4700,2023_Ohta
CycPeptMPDB_ID_7976,caco2,-6.1400,2023_Ohta
CycPeptMPDB_ID_7977,caco2,-6.4700,2023_Ohta
CycPeptMPDB_ID_7978,caco2,-6.5400,2023_Ohta
CycPeptMPDB_ID_7979,caco2,-5.8200,2023_Ohta
CycPeptMPDB_ID_7980,caco2,-5.8500,2023_Ohta
CycPeptMPDB_ID_7981,caco2,-6.3200,2023_Ohta
CycPeptMPDB_ID_7982,caco2,-6.2800,2023_Ohta
CycPeptMPDB_ID_7983,caco2,-5.5400,2023_Ohta
CycPeptMPDB_ID_7984,caco2,-5.4700,2023_Ohta
CycPeptMPDB_ID_7985,caco2,-5.8500,2023_Ohta
CycPeptMPDB_ID_7986,caco2,-6.1200,2023_Ohta
CycPeptMPDB_ID_7987,caco2,-5.9200,2023_Ohta
CycPeptMPDB_ID_7988,caco2,-5.8000,2023_Ohta
CycPeptMPDB_ID_7989,caco2,-5.9200,2023_Ohta
CycPeptMPDB_ID_7990,caco2,-5.8200,2023_Ohta
CycPeptMPDB_ID_7991,caco2,-6.1100,2023_Ohta
CycPeptMPDB_ID_7992,caco2,-6.3700,2023_Ohta
CycPeptMPDB_ID_7993,caco2,-5.6400,2023_Ohta
CycPeptMPDB_ID_7994,caco2,-5.5700,2023_Ohta
CycPeptMPDB_ID_7995,caco2,-5.9600,2023_Ohta
CycPeptMPDB_ID_7996,caco2,-6.0400,2023_Ohta
CycPeptMPDB_ID_7997,caco2,-5.8900,2023_Ohta
CycPeptMPDB_ID_7998,caco2,-6.0000,2023_Ohta
CycPeptMPDB_ID_7999,caco2,-7.3300,2023_Ohta
CycPeptMPDB_ID_8000,caco2,-7.2900,2023_Ohta
CycPeptMPDB_ID_8001,caco2,-7.3900,2023_Ohta
CycPeptMPDB_ID_8002,caco2,-7.1000,2023_Ohta
CycPeptMPDB_ID_8003,caco2,-7.2800,2023_Ohta
CycPeptMPDB_ID_8004,caco2,-7.1400,2023_Ohta
CycPeptMPDB_ID_8005,caco2,-7.5700,2023_Ohta
CycPeptMPDB_ID_8006,caco2,-6.9600,2023_Ohta
CycPeptMPDB_ID_8007,caco2,-7.1700,2023_Ohta
CycPeptMPDB_ID_8008,caco2,-7.0600,2023_Ohta
CycPeptMPDB_ID_8009,caco2,-7.1100,2023_Ohta
CycPeptMPDB_ID_8010,caco2,-7.0200,2023_Ohta
CycPeptMPDB_ID_8011,caco2,-7.0900,2023_Ohta
CycPeptMPDB_ID_8012,caco2,-7.1500,2023_Ohta
CycPeptMPDB_ID_8013,caco2,-6.1900,2023_Ohta
CycPeptMPDB_ID_8014,caco2,-6.6200,2023_Ohta
CycPeptMPDB_ID_8015,caco2,-6.2600,2023_Ohta
CycPeptMPDB_ID_8016,caco2,-5.7200,2023_Ohta
CycPeptMPDB_ID_8017,caco2,-7.0600,2023_Ohta
CycPeptMPDB_ID_8018,caco2,-6.3900,2023_Ohta
CycPeptMPDB_ID_8019,caco2,-7.5200,2023_Ohta
CycPeptMPDB_ID_8020,caco2,-6.3000,2023_Ohta
CycPeptMPDB_ID_8021,caco2,-7.7000,2023_Ohta
CycPeptMPDB_ID_8022,caco2,-6.7400,2023_Ohta
CycPeptMPDB_ID_8023,caco2,-6.7000,2023_Ohta
CycPeptMPDB_ID_8024,caco2,-6.8200,2023_Ohta
CycPeptMPDB_ID_8025,caco2,-6.8200,2023_Ohta
CycPeptMPDB_ID_8026,caco2,-7.0500,2023_Ohta
CycPeptMPDB_ID_8027,caco2,-6.8900,2023_Ohta
CycPeptMPDB_ID_8028,caco2,-7.0000,2023_Ohta
CycPeptMPDB_ID_8029,caco2,-6.6800,2023_Ohta
CycPeptMPDB_ID_8030,caco2,-7.1500,2023_Ohta
CycPeptMPDB_ID_8031,caco2,-5.8200,2023_Ohta
CycPeptMPDB_ID_8032,caco2,-6.3800,2023_Ohta
CycPeptMPDB_ID_8033,caco2,-5.9600,2023_Ohta
CycPeptMPDB_ID_8034,caco2,-6.8000,2023_Ohta
CycPeptMPDB_ID_8035,caco2,-5.6200,2023_Ohta
CycPeptMPDB_ID_8036,caco2,-5.6800,2023_Ohta
CycPeptMPDB_ID_8037,caco2,-6.8500,2023_Ohta
CycPeptMPDB_ID_8038,caco2,-6.5400,2023_Ohta
CycPeptMPDB_ID_8039,caco2,-6.8900,2023_Ohta
CycPeptMPDB_ID_8040,caco2,-5.6000,2023_Ohta
CycPeptMPDB_ID_8041,caco2,-5.5500,2023_Ohta
CycPeptMPDB_ID_8042,caco2,-6.6200,2023_Ohta
CycPeptMPDB_ID_8043,caco2,-6.4400,2023_Ohta
CycPeptMPDB_ID_8044,caco2,-5.4400,2023_Ohta
CycPeptMPDB_ID_8045,caco2,-6.8200,2023_Ohta
CycPeptMPDB_ID_8046,caco2,-6.9600,2023_Ohta
CycPeptMPDB_ID_8047,caco2,-7.1500,2023_Ohta
CycPeptMPDB_ID_8048,caco2,-6.5900,2023_Ohta
CycPeptMPDB_ID_8049,caco2,-6.0000,2023_Ohta
CycPeptMPDB_ID_8050,caco2,-6.6800,2023_Ohta
CycPeptMPDB_ID_8051,caco2,-6.8200,2023_Ohta
CycPeptMPDB_ID_8052,caco2,-6.5100,2023_Ohta
CycPeptMPDB_ID_8053,caco2,-6.6000,2023_Ohta
CycPeptMPDB_ID_8054,caco2,-6.4300,2023_Ohta
CycPeptMPDB_ID_8055,caco2,-6.6800,2023_Ohta
CycPeptMPDB_ID_8056,caco2,-5.6400,2023_Ohta
CycPeptMPDB_ID_8057,caco2,-6.3900,2023_Ohta
CycPeptMPDB_ID_8058,caco2,-6.5500,2023_Ohta
CycPeptMPDB_ID_8059,caco2,-6.6400,2023_Ohta
CycPeptMPDB_ID_8060,caco2,-5.8900,2023_Ohta
CycPeptMPDB_ID_8061,caco2,-6.8500,2023_Ohta
CycPeptMPDB_ID_8062,caco2,-6.1700,2023_Ohta
CycPeptMPDB_ID_8063,caco2,-6.8200,2023_Ohta
CycPeptMPDB_ID_8064,caco2,-5.8200,2023_Ohta
CycPeptMPDB_ID_8065,caco2,-5.9600,2023_Ohta
CycPeptMPDB_ID_8066,caco2,-6.2100,2023_Ohta
CycPeptMPDB_ID_8067,caco2,-5.7700,2023_Ohta
CycPeptMPDB_ID_8068,caco2,-5.4300,2023_Ohta
CycPeptMPDB_ID_8069,caco2,-7.3000,2023_Ohta
CycPeptMPDB_ID_8070,caco2,-6.7000,2023_Ohta
CycPeptMPDB_ID_8071,caco2,-7.2300,2023_Ohta
CycPeptMPDB_ID_8072,caco2,-7.6990,2023_Tanada
CycPeptMPDB_ID_8073,caco2,-6.9586,2023_Tanada
CycPeptMPDB_ID_8074,caco2,-7.0000,2023_Tanada
CycPeptMPDB_ID_8075,caco2,-7.0000,2023_Tanada
CycPeptMPDB_ID_8076,caco2,-6.8539,2023_Tanada
CycPeptMPDB_ID_8077,caco2,-7.3010,2023_Tanada
CycPeptMPDB_ID_8078,caco2,-7.1549,2023_Tanada
CycPeptMPDB_ID_8079,caco2,-7.0969,2023_Tanada
CycPeptMPDB_ID_8080,caco2,-7.0000,2023_Tanada
CycPeptMPDB_ID_8081,caco2,-7.0000,2023_Tanada
CycPeptMPDB_ID_8082,caco2,-6.6021,2023_Tanada
CycPeptMPDB_ID_8083,caco2,-7.0969,2023_Tanada
CycPeptMPDB_ID_8084,caco2,-7.1549,2023_Tanada
CycPeptMPDB_ID_8085,caco2,-6.9208,2023_Tanada
CycPeptMPDB_ID_8086,caco2,-7.1549,2023_Tanada
CycPeptMPDB_ID_8087,caco2,-7.5229,2023_Tanada
CycPeptMPDB_ID_8088,caco2,-6.9586,2023_Tanada
CycPeptMPDB_ID_8089,caco2,-6.8539,2023_Tanada
CycPeptMPDB_ID_8090,caco2,-7.0458,2023_Tanada
CycPeptMPDB_ID_8091,caco2,-7.3010,2023_Tanada
CycPeptMPDB_ID_8092,caco2,-6.7959,2023_Tanada
CycPeptMPDB_ID_8093,caco2,-6.4089,2023_Tanada
CycPeptMPDB_ID_8094,caco2,-6.0809,2023_Tanada
CycPeptMPDB_ID_8095,caco2,-6.6576,2023_Tanada
CycPeptMPDB_ID_8096,caco2,-6.5086,2023_Tanada
CycPeptMPDB_ID_8097,caco2,-6.4559,2023_Tanada
CycPeptMPDB_ID_8098,caco2,-6.1367,2023_Tanada
CycPeptMPDB_ID_8099,caco2,-6.1308,2023_Tanada
CycPeptMPDB_ID_8100,caco2,-5.8601,2023_Tanada
CycPeptMPDB_ID_8101,caco2,-5.7570,2023_Tanada
CycPeptMPDB_ID_8102,caco2,-6.0044,2023_Tanada
CycPeptMPDB_ID_8103,caco2,-5.8041,2023_Tanada
CycPeptMPDB_ID_8104,caco2,-5.7905,2023_Tanada
CycPeptMPDB_ID_8105,caco2,-5.7773,2023_Tanada
CycPeptMPDB_ID_8106,caco2,-6.0044,2023_Tanada
CycPeptMPDB_ID_8107,caco2,-5.7545,2023_Tanada
CycPeptMPDB_ID_8108,caco2,-5.6162,2023_Tanada
CycPeptMPDB_ID_8109,caco2,-5.6383,2023_Tanada
CycPeptMPDB_ID_8110,caco2,-6.0000,2024_Bergeron
CycPeptMPDB_ID_8110,pampa,-6.0000,2024_Bergeron
CycPeptMPDB_ID_8111,caco2,-5.1500,2024_Bergeron
CycPeptMPDB_ID_8111,pampa,-5.1500,2024_Bergeron
CycPeptMPDB_ID_8112,caco2,-5.1500,2024_Bergeron
CycPeptMPDB_ID_8112,pampa,-5.3000,2024_Bergeron
CycPeptMPDB_ID_8113,pampa,-5.4397,2024_Faris
CycPeptMPDB_ID_8114,pampa,-5.3094,2024_Faris
CycPeptMPDB_ID_8115,pampa,-5.3398,2024_Faris
CycPeptMPDB_ID_8116,pampa,-5.4007,2024_Faris
CycPeptMPDB_ID_8117,pampa,-5.3354,2024_Faris
CycPeptMPDB_ID_8118,pampa,-5.8749,2024_Faris
CycPeptMPDB_ID_8119,pampa,-5.5161,2024_Faris
CycPeptMPDB_ID_8120,pampa,-6.1001,2024_Faris
CycPeptMPDB_ID_8121,pampa,-6.9272,2024_Faris
CycPeptMPDB_ID_8123,pampa,-7.0638,2024_Faris
CycPeptMPDB_ID_8125,pampa,-6.3494,2024_Faris
CycPeptMPDB_ID_8126,pampa,-5.9834,2024_Faris
CycPeptMPDB_ID_8127,pampa,-5.9514,2024_Faris
CycPeptMPDB_ID_8128,pampa,-5.7935,2024_Faris
CycPeptMPDB_ID_8129,pampa,-5.5946,2024_Faris
CycPeptMPDB_ID_8130,pampa,-5.7224,2024_Faris
CycPeptMPDB_ID_8131,pampa,-5.5098,2024_Faris
CycPeptMPDB_ID_8132,pampa,-5.6527,2024_Faris
CycPeptMPDB_ID_8133,pampa,-5.9657,2024_Faris
CycPeptMPDB_ID_8134,pampa,-6.5174,2024_Faris
CycPeptMPDB_ID_8135,pampa,-6.2585,2024_Faris
CycPeptMPDB_ID_8136,pampa,-7.2275,2024_Faris
CycPeptMPDB_ID_8137,pampa,-5.3547,2024_Faris
CycPeptMPDB_ID_8138,pampa,-5.3037,2024_Faris
CycPeptMPDB_ID_8139,pampa,-5.3319,2024_Faris
CycPeptMPDB_ID_8140,pampa,-5.4535,2024_Faris
CycPeptMPDB_ID_8141,pampa,-5.3715,2024_Faris
CycPeptMPDB_ID_8142,pampa,-5.7369,2024_Faris
CycPeptMPDB_ID_8143,pampa,-5.6763,2024_Faris
CycPeptMPDB_ID_8144,pampa,-6.2857,2024_Faris
CycPeptMPDB_ID_8145,pampa,-6.5696,2024_Faris
CycPeptMPDB_ID_8146,pampa,-7.3769,2024_Faris
CycPeptMPDB_ID_8147,pampa,-7.2930,2024_Faris
CycPeptMPDB_ID_8149,pampa,-6.8018,2024_Faris
CycPeptMPDB_ID_8150,pampa,-5.8349,2024_Faris
CycPeptMPDB_ID_8151,pampa,-5.3577,2024_Faris
CycPeptMPDB_ID_8152,pampa,-5.1050,2024_Faris
CycPeptMPDB_ID_8153,pampa,-7.9060,2024_Faris
CycPeptMPDB_ID_8154,pampa,-6.5025,2024_Faris
CycPeptMPDB_ID_8155,pampa,-7.0605,2024_Faris
CycPeptMPDB_ID_8156,pampa,-6.1785,2024_Faris
CycPeptMPDB_ID_8157,pampa,-7.0892,2024_Faris
CycPeptMPDB_ID_8158,pampa,-5.9794,2024_Faris
CycPeptMPDB_ID_8159,pampa,-6.0967,2024_Faris
CycPeptMPDB_ID_8160,pampa,-5.1675,2024_Faris
CycPeptMPDB_ID_8163,pampa,-6.6006,2024_Faris
CycPeptMPDB_ID_8164,pampa,-6.2287,2024_Faris
CycPeptMPDB_ID_8165,pampa,-6.7352,2024_Faris
CycPeptMPDB_ID_8166,pampa,-5.7915,2024_Faris
CycPeptMPDB_ID_8167,pampa,-7.2000,2024_Faris
CycPeptMPDB_ID_8168,pampa,-5.9777,2024_Faris
CycPeptMPDB_ID_8169,pampa,-7.3798,2024_Faris
CycPeptMPDB_ID_8170,pampa,-6.5821,2024_Faris
CycPeptMPDB_ID_8171,pampa,-6.9596,2024_Faris
CycPeptMPDB_ID_8172,pampa,-6.6048,2024_Faris
CycPeptMPDB_ID_8173,pampa,-6.8267,2024_Faris
CycPeptMPDB_ID_8174,pampa,-5.7452,2024_Faris
CycPeptMPDB_ID_8175,pampa,-7.2679,2024_Faris
CycPeptMPDB_ID_8176,pampa,-6.0175,2024_Faris
CycPeptMPDB_ID_8177,pampa,-7.6284,2024_Faris
CycPeptMPDB_ID_8178,pampa,-6.8014,2024_Faris
CycPeptMPDB_ID_8179,pampa,-5.6186,2024_Faris
CycPeptMPDB_ID_8180,pampa,-5.5464,2024_Faris
CycPeptMPDB_ID_8181,pampa,-6.7967,2024_Faris
CycPeptMPDB_ID_8182,pampa,-5.6918,2024_Faris
CycPeptMPDB_ID_8184,pampa,-6.9299,2024_Faris
CycPeptMPDB_ID_8185,pampa,-8.3141,2024_Faris
CycPeptMPDB_ID_8186,pampa,-6.9024,2024_Faris
CycPeptMPDB_ID_8187,pampa,-6.7596,2024_Faris
CycPeptMPDB_ID_8188,pampa,-5.9364,2024_Faris
CycPeptMPDB_ID_8189,pampa,-6.7899,2024_Faris
CycPeptMPDB_ID_8190,pampa,-5.7239,2024_Faris
CycPeptMPDB_ID_8191,pampa,-8.5228,2024_Faris
CycPeptMPDB_ID_8192,pampa,-6.7631,2024_Faris
CycPeptMPDB_ID_8194,pampa,-6.8356,2024_Faris
CycPeptMPDB_ID_8195,pampa,-6.2507,2024_Faris
CycPeptMPDB_ID_8196,pampa,-6.1626,2024_Faris
CycPeptMPDB_ID_8197,pampa,-6.7516,2024_Faris
CycPeptMPDB_ID_8198,pampa,-5.7698,2024_Faris
CycPeptMPDB_ID_8199,pampa,-7.7487,2024_Faris
CycPeptMPDB_ID_8200,pampa,-6.5443,2024_Faris
CycPeptMPDB_ID_8202,pampa,-6.9907,2024_Faris
CycPeptMPDB_ID_8203,pampa,-6.4863,2024_Faris
CycPeptMPDB_ID_8204,pampa,-5.8143,2024_Faris
CycPeptMPDB_ID_8205,pampa,-6.5023,2024_Faris
CycPeptMPDB_ID_8206,pampa,-5.4588,2024_Faris
CycPeptMPDB_ID_8207,pampa,-7.9461,2024_Faris
CycPeptMPDB_ID_8208,pampa,-6.6395,2024_Faris
CycPeptMPDB_ID_8209,pampa,-7.8868,2024_Faris
CycPeptMPDB_ID_8211,pampa,-5.5398,2024_Faris
CycPeptMPDB_ID_8212,pampa,-5.5188,2024_Faris
CycPeptMPDB_ID_8213,pampa,-6.7115,2024_Faris
CycPeptMPDB_ID_8214,pampa,-5.8111,2024_Faris
CycPeptMPDB_ID_8216,pampa,-7.4160,2024_Faris
CycPeptMPDB_ID_8217,pampa,-8.1494,2024_Faris
CycPeptMPDB_ID_8218,pampa,-7.2027,2024_Faris
CycPeptMPDB_ID_8219,pampa,-7.7981,2024_Faris
CycPeptMPDB_ID_8220,pampa,-6.9304,2024_Faris
CycPeptMPDB_ID_8221,pampa,-6.7440,2024_Faris
CycPeptMPDB_ID_8222,pampa,-6.2552,2024_Faris
CycPeptMPDB_ID_8223,pampa,-7.5759,2024_Faris
CycPeptMPDB_ID_8224,pampa,-6.6053,2024_Faris
CycPeptMPDB_ID_8225,pampa,-8.2616,2024_Faris
CycPeptMPDB_ID_8226,pampa,-7.1260,2024_Faris
CycPeptMPDB_ID_8227,pampa,-6.8697,2024_Faris
CycPeptMPDB_ID_8228,pampa,-6.2236,2024_Faris
CycPeptMPDB_ID_8229,pampa,-6.2058,2024_Faris
CycPeptMPDB_ID_8230,pampa,-5.9532,2024_Faris
CycPeptMPDB_ID_8231,pampa,-8.3294,2024_Faris
CycPeptMPDB_ID_8232,pampa,-6.7411,2024_Faris
CycPeptMPDB_ID_8233,pampa,-7.9194,2024_Faris
CycPeptMPDB_ID_8234,pampa,-6.9914,2024_Faris
CycPeptMPDB_ID_8235,pampa,-7.8434,2024_Faris
CycPeptMPDB_ID_8236,pampa,-6.8584,2024_Faris
CycPeptMPDB_ID_8237,pampa,-5.5994,2024_Faris
CycPeptMPDB_ID_8238,pampa,-5.3322,2024_Faris
CycPeptMPDB_ID_8239,pampa,-8.5082,2024_Faris
CycPeptMPDB_ID_8240,pampa,-7.0313,2024_Faris
CycPeptMPDB_ID_8241,pampa,-7.8143,2024_Faris
CycPeptMPDB_ID_8242,pampa,-6.8387,2024_Faris
CycPeptMPDB_ID_8243,pampa,-6.1691,2024_Faris
CycPeptMPDB_ID_8244,pampa,-5.5625,2024_Faris
CycPeptMPDB_ID_8245,pampa,-5.6000,2024_Faris
CycPeptMPDB_ID_8246,pampa,-6.6947,2024_Faris
CycPeptMPDB_ID_8247,pampa,-5.2131,2024_Faris
CycPeptMPDB_ID_8248,pampa,-5.5336,2024_Faris
CycPeptMPDB_ID_8251,pampa,-6.3286,2024_Faris
CycPeptMPDB_ID_8252,pampa,-7.1541,2024_Faris
CycPeptMPDB_ID_8253,pampa,-5.6623,2024_Faris
CycPeptMPDB_ID_8254,pampa,-6.9584,2024_Faris
CycPeptMPDB_ID_8255,pampa,-5.2811,2024_Faris
CycPeptMPDB_ID_8256,pampa,-5.8259,2024_Faris
CycPeptMPDB_ID_8257,pampa,-6.3330,2024_Faris
CycPeptMPDB_ID_8258,pampa,-7.5882,2024_Faris
CycPeptMPDB_ID_8259,pampa,-6.3454,2024_Faris
CycPeptMPDB_ID_8260,pampa,-6.5406,2024_Faris
CycPeptMPDB_ID_8261,pampa,-5.7688,2024_Faris
CycPeptMPDB_ID_8262,pampa,-6.6061,2024_Faris
CycPeptMPDB_ID_8263,pampa,-6.2086,2024_Faris
CycPeptMPDB_ID_8264,pampa,-7.2204,2024_Faris
CycPeptMPDB_ID_8265,pampa,-6.9365,2024_Faris
CycPeptMPDB_ID_8266,pampa,-8.2219,2024_Faris
CycPeptMPDB_ID_8267,pampa,-6.3175,2024_Faris
CycPeptMPDB_ID_8268,pampa,-6.8484,2024_Faris
CycPeptMPDB_ID_8269,pampa,-5.4067,2024_Faris
CycPeptMPDB_ID_8270,pampa,-6.1719,2024_Faris
CycPeptMPDB_ID_8271,pampa,-6.2704,2024_Faris
CycPeptMPDB_ID_8272,pampa,-7.4433,2024_Faris
CycPeptMPDB_ID_8273,pampa,-6.8607,2024_Faris
CycPeptMPDB_ID_8275,pampa,-5.5039,2024_Faris
CycPeptMPDB_ID_8276,pampa,-5.9823,2024_Faris
CycPeptMPDB_ID_8277,pampa,-6.1416,2024_Faris
CycPeptMPDB_ID_8278,pampa,-7.4934,2024_Faris
CycPeptMPDB_ID_8279,pampa,-7.1078,2024_Faris
CycPeptMPDB_ID_8281,pampa,-7.6990,2024_Faris
CycPeptMPDB_ID_8283,pampa,-6.3643,2024_Faris
CycPeptMPDB_ID_8284,pampa,-7.0432,2024_Faris
CycPeptMPDB_ID_8285,pampa,-5.7423,2024_Faris
CycPeptMPDB_ID_8286,pampa,-6.9415,2024_Faris
CycPeptMPDB_ID_8287,pampa,-7.6418,2024_Faris
CycPeptMPDB_ID_8288,pampa,-7.2639,2024_Faris
CycPeptMPDB_ID_8289,pampa,-6.8532,2024_Faris
CycPeptMPDB_ID_8290,pampa,-8.0780,2024_Faris
CycPeptMPDB_ID_8291,pampa,-6.5332,2024_Faris
CycPeptMPDB_ID_8292,pampa,-6.6635,2024_Faris
CycPeptMPDB_ID_8293,pampa,-6.3176,2024_Faris
CycPeptMPDB_ID_8294,pampa,-7.1541,2024_Faris
CycPeptMPDB_ID_8295,pampa,-6.7879,2024_Faris
CycPeptMPDB_ID_8296,pampa,-7.5425,2024_Faris
CycPeptMPDB_ID_8297,pampa,-7.7233,2024_Faris
CycPeptMPDB_ID_8299,pampa,-5.9619,2024_Faris
CycPeptMPDB_ID_8300,pampa,-6.4880,2024_Faris
CycPeptMPDB_ID_8301,pampa,-5.3480,2024_Faris
CycPeptMPDB_ID_8302,pampa,-6.0585,2024_Faris
CycPeptMPDB_ID_8303,pampa,-7.0414,2024_Faris
CycPeptMPDB_ID_8304,pampa,-8.2710,2024_Faris
CycPeptMPDB_ID_8307,pampa,-5.5682,2024_Faris
CycPeptMPDB_ID_8308,pampa,-6.0523,2024_Faris
CycPeptMPDB_ID_8309,pampa,-6.6823,2024_Faris
CycPeptMPDB_ID_8310,pampa,-7.5439,2024_Faris
CycPeptMPDB_ID_8311,pampa,-7.5272,2024_Faris
CycPeptMPDB_ID_8315,pampa,-7.3773,2024_Faris
CycPeptMPDB_ID_8316,pampa,-8.4983,2024_Faris
CycPeptMPDB_ID_8317,pampa,-6.3296,2024_Faris
CycPeptMPDB_ID_8318,pampa,-7.2916,2024_Faris
CycPeptMPDB_ID_8319,pampa,-7.3669,2024_Faris
CycPeptMPDB_ID_8323,pampa,-7.1839,2024_Faris
CycPeptMPDB_ID_8324,pampa,-7.5353,2024_Faris
CycPeptMPDB_ID_8325,pampa,-6.0112,2024_Faris
CycPeptMPDB_ID_8326,pampa,-6.7756,2024_Faris
CycPeptMPDB_ID_8327,pampa,-7.2548,2024_Faris
CycPeptMPDB_ID_8329,pampa,-7.5014,2024_Faris
CycPeptMPDB_ID_8331,pampa,-5.8949,2024_Faris
CycPeptMPDB_ID_8332,pampa,-7.0460,2024_Faris
CycPeptMPDB_ID_8333,pampa,-6.1155,2024_Faris
CycPeptMPDB_ID_8334,pampa,-6.8751,2024_Faris
CycPeptMPDB_ID_8335,pampa,-7.3499,2024_Faris
CycPeptMPDB_ID_8337,pampa,-7.2567,2024_Faris
CycPeptMPDB_ID_8338,pampa,-7.8868,2024_Faris
CycPeptMPDB_ID_8339,pampa,-6.4114,2024_Faris
CycPeptMPDB_ID_8340,pampa,-6.9377,2024_Faris
CycPeptMPDB_ID_8341,pampa,-5.8222,2024_Faris
CycPeptMPDB_ID_8342,pampa,-4.9943,2024_Faris
CycPeptMPDB_ID_8343,pampa,-6.1317,2024_Faris
CycPeptMPDB_ID_8344,pampa,-5.2415,2024_Faris
CycPeptMPDB_ID_8345,pampa,-6.3428,2024_Faris
CycPeptMPDB_ID_8346,pampa,-6.6726,2024_Faris
CycPeptMPDB_ID_8347,caco2,-5.5834,2024_Kage
CycPeptMPDB_ID_8348,caco2,-5.5751,2024_Kage
CycPeptMPDB_ID_8349,caco2,-5.7595,2024_Kage
CycPeptMPDB_ID_8350,caco2,-6.2147,2024_Kage
CycPeptMPDB_ID_8351,caco2,-6.1487,2024_Kage
CycPeptMPDB_ID_8352,caco2,-6.2518,2024_Kage
CycPeptMPDB_ID_8353,caco2,-6.0706,2024_Kage
CycPeptMPDB_ID_8354,caco2,-6.2076,2024_Kage
CycPeptMPDB_ID_8355,caco2,-6.8239,2024_Kage
CycPeptMPDB_ID_8356,caco2,-6.4318,2024_Kage
CycPeptMPDB_ID_8357,caco2,-6.4089,2024_Kage
CycPeptMPDB_ID_8358,caco2,-6.6990,2024_Kage
CycPeptMPDB_ID_8359,caco2,-6.5376,2024_Kage
CycPeptMPDB_ID_8360,caco2,-5.9508,2024_Kage
CycPeptMPDB_ID_8361,caco2,-6.0410,2024_Kage
CycPeptMPDB_ID_8362,caco2,-6.1249,2024_Kage
CycPeptMPDB_ID_8363,caco2,-6.4318,2024_Kage
CycPeptMPDB_ID_8364,caco2,-6.3372,2024_Kage
CycPeptMPDB_ID_8365,caco2,-6.4685,2024_Kage
CycPeptMPDB_ID_8366,caco2,-6.3872,2024_Kage
CycPeptMPDB_ID_8367,caco2,-6.3872,2024_Kage
CycPeptMPDB_ID_8368,caco2,-6.4815,2024_Kage
CycPeptMPDB_ID_8369,caco2,-7.0969,2024_Kage
CycPeptMPDB_ID_8370,caco2,-7.1549,2024_Kage
CycPeptMPDB_ID_8371,caco2,-6.9586,2024_Kage
CycPeptMPDB_ID_8372,caco2,-7.0458,2024_Kage
CycPeptMPDB_ID_8373,caco2,-6.8539,2024_Kage
CycPeptMPDB_ID_8374,caco2,-7.0458,2024_Kage
CycPeptMPDB_ID_8375,caco2,-7.1549,2024_Kage
CycPeptMPDB_ID_8376,caco2,-7.0000,2024_Kage
CycPeptMPDB_ID_8377,caco2,-6.0132,2024_Kage
CycPeptMPDB_ID_8378,caco2,-6.0410,2024_Kage
CycPeptMPDB_ID_8379,caco2,-6.1249,2024_Kage
CycPeptMPDB_ID_8380,caco2,-5.8861,2024_Kage
CycPeptMPDB_ID_8381,caco2,-5.8665,2024_Kage
CycPeptMPDB_ID_8382,caco2,-6.0132,2024_Kage
CycPeptMPDB_ID_8383,pampa,-8.1147,2024_Koch
CycPeptMPDB_ID_8384,pampa,-7.5496,2024_Koch
CycPeptMPDB_ID_8385,pampa,-7.0475,2024_Koch
CycPeptMPDB_ID_8386,pampa,-6.5626,2024_Koch
CycPeptMPDB_ID_8387,pampa,-6.0229,2024_Koch
CycPeptMPDB_ID_8388,pampa,-5.8201,2024_Koch
CycPeptMPDB_ID_8389,pampa,-7.6548,2024_Koch
CycPeptMPDB_ID_8390,pampa,-7.0823,2024_Koch
CycPeptMPDB_ID_8391,pampa,-6.6178,2024_Koch
CycPeptMPDB_ID_8392,pampa,-6.2621,2024_Koch
CycPeptMPDB_ID_8393,pampa,-5.8549,2024_Koch
CycPeptMPDB_ID_8394,pampa,-5.7481,2024_Koch
CycPeptMPDB_ID_8395,pampa,-5.8063,2024_Koch
CycPeptMPDB_ID_8396,pampa,-5.7663,2024_Koch
CycPeptMPDB_ID_8397,pampa,-5.9127,2024_Koch
CycPeptMPDB_ID_8398,pampa,-6.0530,2024_Koch
CycPeptMPDB_ID_8399,pampa,-6.3170,2024_Koch
CycPeptMPDB_ID_8400,pampa,-7.2964,2024_Koch
CycPeptMPDB_ID_8403,pampa,-8.6789,2024_Koch
CycPeptMPDB_ID_8404,pampa,-7.8124,2024_Koch
CycPeptMPDB_ID_8405,pampa,-7.0932,2024_Koch
CycPeptMPDB_ID_8406,pampa,-6.7523,2024_Koch
CycPeptMPDB_ID_8407,pampa,-9.0237,2024_Koch
CycPeptMPDB_ID_8408,pampa,-8.0512,2024_Koch
CycPeptMPDB_ID_8409,pampa,-7.6994,2024_Koch
CycPeptMPDB_ID_8410,pampa,-7.1945,2024_Koch
CycPeptMPDB_ID_8411,pampa,-6.5237,2024_Koch
CycPeptMPDB_ID_8412,pampa,-6.2518,2024_Koch
CycPeptMPDB_ID_8413,pampa,-6.2010,2024_Koch
CycPeptMPDB_ID_8414,pampa,-6.0738,2024_Koch
CycPeptMPDB_ID_8415,pampa,-5.9330,2024_Koch
CycPeptMPDB_ID_8416,pampa,-6.0083,2024_Koch
CycPeptMPDB_ID_8417,pampa,-5.9390,2024_Koch
CycPeptMPDB_ID_8418,pampa,-6.3909,2024_Koch
CycPeptMPDB_ID_8419,pampa,-8.3846,2024_Koch
CycPeptMPDB_ID_8420,pampa,-7.7587,2024_Koch
CycPeptMPDB_ID_8421,pampa,-7.1321,2024_Koch
CycPeptMPDB_ID_8422,pampa,-6.7051,2024_Koch
CycPeptMPDB_ID_8423,pampa,-6.1230,2024_Koch
CycPeptMPDB_ID_8424,pampa,-5.8553,2024_Koch
CycPeptMPDB_ID_8425,pampa,-7.7521,2024_Koch
CycPeptMPDB_ID_8426,pampa,-7.4220,2024_Koch
CycPeptMPDB_ID_8427,pampa,-6.7965,2024_Koch
CycPeptMPDB_ID_8428,pampa,-6.3876,2024_Koch
CycPeptMPDB_ID_8429,pampa,-5.8953,2024_Koch
CycPeptMPDB_ID_8430,pampa,-5.6946,2024_Koch
CycPeptMPDB_ID_8431,pampa,-5.5478,2024_Koch
CycPeptMPDB_ID_8432,pampa,-5.7104,2024_Koch
CycPeptMPDB_ID_8433,pampa,-5.6022,2024_Koch
CycPeptMPDB_ID_8434,pampa,-5.6755,2024_Koch
CycPeptMPDB_ID_8435,pampa,-5.9628,2024_Koch
CycPeptMPDB_ID_8436,pampa,-6.3237,2024_Koch
CycPeptMPDB_ID_8437,pampa,-7.7200,2024_Ly
CycPeptMPDB_ID_8438,pampa,-5.8900,2024_Ly
CycPeptMPDB_ID_8439,pampa,-5.1200,2024_Ly
CycPeptMPDB_ID_8440,pampa,-5.0100,2024_Ly
CycPeptMPDB_ID_8441,pampa,-5.1100,2024_Ly
CycPeptMPDB_ID_8442,pampa,-5.9300,2024_Ly
CycPeptMPDB_ID_8443,pampa,-6.3000,2024_Ly
CycPeptMPDB_ID_8444,pampa,-6.7600,2024_Ly
CycPeptMPDB_ID_8445,pampa,-7.5300,2024_Ly
CycPeptMPDB_ID_8446,pampa,-6.6100,2024_Ly
CycPeptMPDB_ID_8447,caco2,-5.3768,2024_Ly
CycPeptMPDB_ID_8447,pampa,-5.4900,2024_Ly
CycPeptMPDB_ID_8448,caco2,-4.7520,2024_Ly
CycPeptMPDB_ID_8448,pampa,-5.8800,2024_Ly
CycPeptMPDB_ID_8449,caco2,-4.6696,2024_Ly
CycPeptMPDB_ID_8449,pampa,-4.6200,2024_Ly
CycPeptMPDB_ID_8450,caco2,-5.8539,2024_Ly
CycPeptMPDB_ID_8450,pampa,-5.1400,2024_Ly
CycPeptMPDB_ID_8451,caco2,-4.8153,2024_Ly
CycPeptMPDB_ID_8451,pampa,-4.9200,2024_Ly
CycPeptMPDB_ID_8452,caco2,-5.0410,2024_Ly
CycPeptMPDB_ID_8452,pampa,-5.7100,2024_Ly
CycPeptMPDB_ID_8453,caco2,-4.9172,2024_Ly
CycPeptMPDB_ID_8453,pampa,-5.3000,2024_Ly
CycPeptMPDB_ID_8454,caco2,-4.8697,2024_Ly
CycPeptMPDB_ID_8454,pampa,-4.7800,2024_Ly
CycPeptMPDB_ID_8455,caco2,-4.8794,2024_Ly
CycPeptMPDB_ID_8455,pampa,-4.8600,2024_Ly
CycPeptMPDB_ID_8456,caco2,-4.8447,2024_Ly
CycPeptMPDB_ID_8456,pampa,-5.2200,2024_Ly
CycPeptMPDB_ID_8458,pampa,-6.9586,2024_Otani
CycPeptMPDB_ID_8459,pampa,-5.6882,2024_Otani
CycPeptMPDB_ID_8460,pampa,-6.4089,2024_Otani
CycPeptMPDB_ID_8461,pampa,-5.7986,2024_Otani
CycPeptMPDB_ID_8462,pampa,-5.1688,2024_Otani
CycPeptMPDB_ID_8463,pampa,-5.9101,2024_Otani
CycPeptMPDB_ID_8464,pampa,-7.6198,2024_Otani
CycPeptMPDB_ID_8465,pampa,-8.0000,2024_Otani
